지자체명,연월,영업대수,영엽횟수(회),운행거리(km),영업거리(km),공차거리(km),운행시간(초),영업시간(초),공차시간(초),합계
서울특별시,2023-01,782212,11656967,164606818.4,95341371.5,198001730.4,26807104024,12188608197,14618495827,합계
부산광역시,2023-01,149165,2905228,30737025.5,16930299,13835108.9,5262299434,2160722544,3101576890,합계
대구광역시,2023-01,77957,1450608,14601715.7,7794505,6818146.9,2541393466,1013268130,1528125336,합계
인천광역시,2023-01,100549,1928297,23110779.9,13832265,9343362.9,3591177820,1655515623,1935662197,합계
광주광역시,2023-01,54478,1264658,11787973.6,7077291.3,4840991.6,1972265567,894596288,1077669279,합계
대전광역시,2023-01,45599,1133446,9439961.7,5618484.8,3827129.1,1568952838,765258767,803694071,합계
울산광역시,2023-01,127412,2341691,23563944.9,11992699.7,12526849.2,4084014134,1458393149,2625620985,합계
세종특별자치시,2023-01,2857,78518,988070,503088.6,484981.3,129415071,50035535,79379536,합계
경기도 수원시,2023-01,26852,578781,6602474.1,3961424.4,3244342.5,1124380194,488331016,636049178,합계
경기도 성남시,2023-01,21098,406918,5211525.2,2786938.5,2520303.4,800508174,314069336,486438838,합계
경기도 의정부시,2023-01,8663,232392,2241781.9,1232145.9,1049811,378091263,159056924,219034339,합계
경기도 안양시,2023-01,15535,375809,4172109,2438792.2,1733316.7,652440021,297694809,354745212,합계
경기도 부천시,2023-01,7491,138248,2227811.7,875749.5,5777609.4,269885328,114285267,155600061,합계
경기도 광명시,2023-01,4502,51188,988204.6,439510,560333.9,164915218,48440899,116474319,합계
경기도 평택시,2023-01,14793,388661,3531995.4,1934067.7,1651277.2,548404402,232785229,315619173,합계
경기도 동두천시,2023-01,2866,73461,597717.2,268391.3,485084.6,118212380,33017668,85194712,합계
경기도 안산시,2023-01,11734,310864,2915389.8,1612903.6,2250432.3,464628733,211957502,252671231,합계
경기도 고양시,2023-01,11031,229214,3215124.9,2034429.6,1302305.3,513225328,220840949,292384379,합계
경기도 과천시,2023-01,1949,45653,510560,301302.7,209257.2,82260294,35257588,47002706,합계
경기도 구리시,2023-01,4386,106067,1255204,728417.7,526786.2,187333377,81493316,105840061,합계
경기도 남양주시,2023-01,7192,179376,2107305,1245606.7,861698.2,313927634,134959499,178968135,합계
경기도 오산시,2023-01,3013,50974,729432,420465.3,308966.6,115606911,48234627,67372284,합계
경기도 시흥시,2023-01,6391,127708,1614685,913429.5,701255.4,253046055,105272578,147773477,합계
경기도 군포시,2023-01,1150,25959,286579,165278.4,121300.5,47522898,19228964,28293934,합계
경기도 의왕시,2023-01,480,8811,102536,58904.9,49251,17119810,6786925,10332885,합계
경기도 하남시,2023-01,1128,22352,300977,169552.9,131424,43473089,18956413,24516676,합계
경기도 용인시,2023-01,29637,382397,6401728.2,2921782.5,3639110.4,967297703,325399091,641898612,합계
경기도 파주시,2023-01,637,13554,181867,101030.8,80836.1,23749375,9858652,13890723,합계
경기도 이천시,2023-01,3899,96533,1106973,585136.9,904058,176443897,62995796,113448101,합계
경기도 안성시,2023-01,2370,39161,532858,246918.8,285939.1,87163927,25170172,61993755,합계
경기도 김포시,2023-01,3525,60161,987758,544040.8,443717.1,138167061,53515896,84651165,합계
경기도 화성시,2023-01,5708,81499,1669358,766544.7,902813.2,246079008,79741068,166337940,합계
경기도 광주시,2023-01,2875,46582,730139,410922,319216.9,104543088,40425039,64118049,합계
경기도 양주시,2023-01,1646,36904,418356,223246.8,195109.1,62022483,25467310,36555173,합계
경기도 포천시,2023-01,1848,33893,491317,218105.9,273211,67324408,22561032,44763376,합계
경기도 여주시,2023-01,1296,25980,288981,131366.3,157614.6,48683530,13985491,34698039,합계
경기도 연천군,2023-01,234,4994,70837,30106.1,40730.8,9553993,2522888,7031105,합계
경기도 가평군,2023-01,1094,21115,287827,128579.1,159247.8,38622450,11413827,27208623,합계
경기도 양평군,2023-01,664,13655,194492.6,71010,126693.9,25061630,6855788,18205842,합계
강원특별자치도 춘천시,2023-01,32800,795451,5160413,2496188.6,2664224.3,1068111675,381688510,686423165,합계
강원특별자치도 원주시,2023-01,37114,878925,6352702.1,3265165.8,3160563.1,1245829620,440867834,804961786,합계
강원특별자치도 강릉시,2023-01,24872,578151,4298033.9,2152582.7,2158235.2,802149474,289909638,512239836,합계
강원특별자치도 동해시,2023-01,10720,219311,1599657,738473.5,861183.4,347911661,87527284,260384377,합계
강원특별자치도 태백시,2023-01,4039,116273,940639,422466.2,518172.7,146870676,43538842,103331834,합계
강원특별자치도 속초시,2023-01,11332,293007,1846313.5,876925.6,990531.3,354014971,130074257,223940714,합계
강원특별자치도 삼척시,2023-01,2783,79591,505941,218761,287179.9,107127801,26909702,80218099,합계
강원특별자치도 홍천군,2023-01,3064,44295,605937,158668.4,447268.5,113434457,16252462,97181995,합계
강원특별자치도 횡성군,2023-01,1242,17650,242846,87293.6,155552.3,45446274,8212903,37233371,합계
강원특별자치도 영월군,2023-01,2049,42336,392683,122664.6,270018.3,68138153,13136986,55001167,합계
강원특별자치도 평창군,2023-01,2772,34612,641643,261036.7,380606.2,73660939,20218297,53442642,합계
강원특별자치도 정선군,2023-01,4737,97146,1367558.4,568202.4,800636.5,170371613,45045966,125325647,합계
강원특별자치도 철원군,2023-01,2227,30001,417019,171722.9,245296,67338186,14957585,52380601,합계
강원특별자치도 화천군,2023-01,1241,18676,259500,107346.9,152153,42298498,9347482,32951016,합계
강원특별자치도 양구군,2023-01,939,13614,218793,98267.3,120525.6,25960981,7740698,18220283,합계
강원특별자치도 인제군,2023-01,1200,14906,265886,109031.7,156854.2,34985964,7838060,27147904,합계
강원특별자치도 고성군,2023-01,1597,17075,345414,133592.2,211821.7,61152655,11490432,49662223,합계
강원특별자치도 양양군,2023-01,2053,24183,336242,131776.1,204465.8,64898035,12086258,52811777,합계
충청북도 청주시,2023-01,87816,1699782,15946229,8387407.4,7749460.5,2793397454,1164393998,1629003456,합계
충청북도 충주시,2023-01,23110,495782,3861250,1674717.2,2186532.7,725850980,226810365,499040615,합계
충청북도 제천시,2023-01,10531,187472,1664339.2,587548.3,1119850.6,309737266,79810221,229927045,합계
충청북도 보은군,2023-01,1776,10776,300965,83827.8,217137.1,43434710,8247509,35187201,합계
충청북도 옥천군,2023-01,3575,58245,554220,192256.5,361963.4,119267191,23280598,95986593,합계
충청북도 영동군,2023-01,2869,36681,488072,155572.2,332499.7,91138016,15739950,75398066,합계
충청북도 증평군,2023-01,2986,39167,572737.7,183999,391838.9,99046019,20501658,78544361,합계
충청북도 진천군,2023-01,3257,68382,882510.7,377074.3,506952.6,117676185,35951684,81724501,합계
충청북도 괴산군,2023-01,1331,11125,273367,101761.1,171605.8,33075263,9424402,23650861,합계
충청북도 음성군,2023-01,5700,108358,1500750,622734.3,878015.6,214901981,56689108,158212873,합계
충청북도 단양군,2023-01,,,,,,,,,합계
충청남도 천안시,2023-01,5937,170948,1685188,938556.6,767283.3,248065868,116561057,131504811,합계
충청남도 공주시,2023-01,2218,35926,456884,174480.3,282403.6,77398697,18141832,59256865,합계
충청남도 보령시,2023-01,7706,140935,1267015,531460.5,735554.4,267586287,63416107,204170180,합계
충청남도 아산시,2023-01,7720,181501,1983691,1043545.9,940145,311333186,113146942,198186244,합계
충청남도 서산시,2023-01,2707,81121,628724.1,301046.2,462878.7,126580938,39195318,87385620,합계
충청남도 논산시,2023-01,4860,80313,930597,402354.7,528242.2,155035180,43973801,111061379,합계
충청남도 계룡시,2023-01,1512,31444,354301,154969.8,199331.1,53425224,15778777,37646447,합계
충청남도 당진시,2023-01,2664,49000,667382,261003.2,406378.7,95293437,25311016,69982421,합계
충청남도 금산군,2023-01,,,,,,,,,합계
충청남도 부여군,2023-01,323,3423,64908,21000.7,43907.2,11623967,1954320,9669647,합계
충청남도 서천군,2023-01,522,5049,100539,28768.6,71770.3,16612887,2706740,13906147,합계
충청남도 청양군,2023-01,377,2045,72458,18892.6,53565.3,11377476,1926386,9451090,합계
충청남도 홍성군,2023-01,2516,43951,459505.5,181137.7,296959.2,84706119,19364246,65341873,합계
충청남도 예산군,2023-01,1436,23399,309913,104268.6,205644.3,53206311,10256146,42950165,합계
충청남도 태안군,2023-01,1561,18103,271253,81769.3,189483.6,52405517,8265768,44139749,합계
전북특별자치도 전주시,2023-01,64330,1503367,11480302.2,6068857,5417756.9,2137044307,913945061,1223099246,합계
전북특별자치도 군산시,2023-01,31173,699783,5370645,2555252.2,2824695.7,915853408,348689497,567163911,합계
전북특별자치도 익산시,2023-01,5964,139288,1135673.3,536364.6,600715.3,212419924,68733597,143686327,합계
전북특별자치도 정읍시,2023-01,11821,225573,1931519,763954.4,1215958.5,381717722,95607335,286110387,합계
전북특별자치도 남원시,2023-01,7190,126427,1107292,404903.5,705537.4,233669064,48932894,184736170,합계
전북특별자치도 김제시,2023-01,7941,110630,1222727,383597,839129.9,213358462,45967077,167391385,합계
전북특별자치도 완주군,2023-01,3153,36863,603552,242839,360712.9,97728130,26046755,71681375,합계
전북특별자치도 진안군,2023-01,805,5980,149396,44995.7,104400.2,19920297,4483888,15436409,합계
전북특별자치도 무주군,2023-01,1192,8988,281354,99140.7,182213.2,29881933,8591177,21290756,합계
전북특별자치도 장수군,2023-01,452,1518,94395,17158.6,77236.3,8366340,1602892,6763448,합계
전북특별자치도 임실군,2023-01,1057,5537,197386,58510.9,138875,22933793,5432799,17500994,합계
전북특별자치도 순창군,2023-01,1140,6152,183044,52601.4,130442.5,25750843,5332382,20418461,합계
전북특별자치도 고창군,2023-01,3284,37748,626025,198575.3,427449.6,92111528,20214789,71896739,합계
전북특별자치도 부안군,2023-01,3858,34269,635918.8,166703,490249.9,115356431,17768445,97587986,합계
전라남도 목포시,2023-01,31677,812493,5897956.3,2846091.6,3056445.3,1013175038,426155607,587019431,합계
전라남도 여수시,2023-01,33470,837857,6672052,3487832.1,3188206.8,1138848489,434516113,704332376,합계
전라남도 순천시,2023-01,9605,270303,2061695,1063181.5,998513.4,367508055,135015124,232492931,합계
전라남도 나주시,2023-01,4527,54188,1022119,386483.4,635635.5,136068567,35546117,100522450,합계
전라남도 광양시,2023-01,8427,155967,1567114.5,713956.6,878672.3,301812638,79449529,222363109,합계
전라남도 담양군,2023-01,1996,14554,325154,99267.4,225886.5,50345233,9373499,40971734,합계
전라남도 곡성군,2023-01,204,595,42341,7582.7,34758.2,3932258,600054,3332204,합계
전라남도 구례군,2023-01,450,4581,74456,18489.6,55966.3,13852826,1670500,12182326,합계
전라남도 고흥군,2023-01,1879,14318,356702,93708.7,262993.2,46925301,8280030,38645271,합계
전라남도 보성군,2023-01,2157,15222,394810,117519.6,277290.3,39592168,9920220,29671948,합계
전라남도 화순군,2023-01,1690,26989,282472,106635.6,175836.3,58225166,12935028,45290138,합계
전라남도 장흥군,2023-01,1379,9141,269350,74244.5,195105.4,33325527,6586947,26738580,합계
전라남도 강진군,2023-01,1849,12278,374800,79590.4,298743.5,44115744,7851850,36263894,합계
전라남도 해남군,2023-01,4362,59274,971349,282780.4,688568.5,119113483,27582475,91531008,합계
전라남도 영암군,2023-01,2210,17682,456523,154228.1,302294.8,41602800,14231806,27370994,합계
전라남도 무안군,2023-01,3456,54990,796576,318057.5,478518.4,104643740,33918849,70724891,합계
전라남도 함평군,2023-01,559,2060,104218,19864,84353.9,12185051,1789180,10395871,합계
전라남도 영광군,2023-01,2709,35074,569740,160318.8,409421.1,101042350,17225458,83816892,합계
전라남도 장성군,2023-01,2382,17601,401702,111341.7,290360.2,80301245,10336979,69964266,합계
전라남도 완도군,2023-01,2811,37534,559040.3,160451.9,400578,80551491,17265974,63285517,합계
전라남도 진도군,2023-01,1438,7271,323385,85046.6,253890.3,34737215,7554399,27182816,합계
전라남도 신안군,2023-01,1106,9882,191661,67384.7,124276.2,21877427,7474203,14403224,합계
경상북도 포항시,2023-01,45018,912621,8157497.1,4094994.7,4523937.2,1372957491,539574063,833383428,합계
경상북도 경주시,2023-01,25325,456515,4907729.9,2115207.5,2795532.4,796555864,235668348,560887516,합계
경상북도 김천시,2023-01,8025,136827,1374991,633866,741124.9,254119411,70791161,183328250,합계
경상북도 안동시,2023-01,3930,91847,755017,333121.2,421895.7,110056871,41532096,68524775,합계
경상북도 구미시,2023-01,6492,162097,1429823,802894.9,626928,233706492,97871022,135835470,합계
경상북도 영주시,2023-01,7895,161376,1143896,438884.8,705011.1,234302365,63371130,170931235,합계
경상북도 영천시,2023-01,6652,120775,1102393,419562,682830.9,186539455,51140122,135399333,합계
경상북도 상주시,2023-01,7604,117104,1015507.7,337079,679754.9,247305256,45431269,201873987,합계
경상북도 문경시,2023-01,2133,37770,341382,126431.2,214950.7,69374277,14788605,54585672,합계
경상북도 경산시,2023-01,4034,79836,849751,431160.6,418590.3,143862183,50781239,93080944,합계
경상북도 의성군,2023-01,1822,8866,328453,64994,263458.9,45077738,5770300,39307438,합계
경상북도 청송군,2023-01,814,4486,145789,41420.1,104368.8,16508615,3639379,12869236,합계
경상북도 영양군,2023-01,723,3275,129194,35358.7,93835.2,13688050,3367346,10320704,합계
경상북도 영덕군,2023-01,1774,18066,301046,99554.2,201491.7,28658536,8997508,19661028,합계
경상북도 청도군,2023-01,1352,10304,209221,67165.6,142055.3,30758647,6909046,23849601,합계
경상북도 고령군,2023-01,190,756,44866,10309.6,34556.3,5604761,754858,4849903,합계
경상북도 성주군,2023-01,1048,9425,231445,74071.9,157373,20775679,6425532,14350147,합계
경상북도 칠곡군,2023-01,197,3638,49492,21345.4,28146.5,7529885,1975955,5553930,합계
경상북도 예천군,2023-01,1388,12039,250197,63839.8,186357.1,34986063,5717489,29268574,합계
경상북도 봉화군,2023-01,1156,3699,184329,33627.8,150701.1,24445543,2635406,21810137,합계
경상북도 울진군,2023-01,2199,25661,441388,121845.2,319542.7,54658588,10288986,44369602,합계
경상북도 울릉군,2023-01,524,4265,41871,15025.7,26845.2,10795426,2274858,8520568,합계
경상남도 창원시,2023-01,65554,1222546,12752844.7,5864590.5,7640605.4,2188160055,712373580,1475786475,합계
경상남도 진주시,2023-01,34773,804623,6844719.9,3342030,3514453.9,1135711586,407136382,728575204,합계
경상남도 통영시,2023-01,13862,357047,3000524,1342252,1658271.9,473624633,169721372,303903261,합계
경상남도 사천시,2023-01,11324,253533,2117684,880363.8,1237320.1,386660497,100784807,285875690,합계
경상남도 김해시,2023-01,24102,533345,4831920,2395146.3,2436773.6,838494119,308134682,530359437,합계
경상남도 밀양시,2023-01,5412,87583,922313.6,332366.2,592899.7,160862099,37723946,123138153,합계
경상남도 거제시,2023-01,14525,374540,3121426,1610853.8,1510572.1,554073695,184586230,369487465,합계
경상남도 양산시,2023-01,17464,400417,3364333,1715776.4,1658456.5,627858600,207172439,420686161,합계
경상남도 의령군,2023-01,1182,6597,210259,60599.9,149659,20193044,5130575,15062469,합계
경상남도 함안군,2023-01,3238,33523,616924,225880.3,391043.6,87999791,21748835,66250956,합계
경상남도 창녕군,2023-01,3042,17558,512413,118687.3,393725.6,76338710,11170332,65168378,합계
경상남도 고성군,2023-01,2576,26589,460518,140968.9,319549,69980548,14879759,55100789,합계
경상남도 남해군,2023-01,2767,20859,463421,119955.8,343465.1,63131178,10484498,52646680,합계
경상남도 하동군,2023-01,1751,6986,338328,61565.8,276762.1,32824848,5311172,27513676,합계
경상남도 산청군,2023-01,980,7085,164056,68722.4,95333.5,15244029,5906354,9337675,합계
경상남도 함양군,2023-01,2105,14089,340197,68894.5,271302.4,49544875,6541688,43003187,합계
경상남도 거창군,2023-01,4095,67100,686830,222118.6,464711.3,107480931,25071993,82408938,합계
경상남도 합천군,2023-01,1897,7866,346190,82311.4,263878.5,38341828,7611742,30730086,합계
제주특별자치도,2023-01,39747,808481,8611387.6,4668145.7,3964253.2,1327889167,554600439,773288728,합계
서울특별시,2023-02,851451,12449702,177334588.2,101782346,206657355.9,29659806927,13256834104,16402972823,합계
부산광역시,2023-02,133525,2613335,27334421.6,15216343.6,12155465.3,4715026387,1964893236,2750133151,합계
대구광역시,2023-02,71589,1222168,13001913,6545016.4,6492138.5,2236935639,859870910,1377064729,합계
인천광역시,2023-02,129197,2359544,27960392,16154050.5,12405126.4,4578919671,2003082081,2575837590,합계
광주광역시,2023-02,50420,1197687,10994433.2,6637603.8,4509788.1,1837368621,836084521,1001284100,합계
대전광역시,2023-02,45945,1170324,9612757.8,5883672.5,3737795.4,1591738520,799480378,792258142,합계
울산광역시,2023-02,116853,2105004,21544045.8,10907864.3,11694174.6,3772750745,1327316365,2445434380,합계
세종특별자치시,2023-02,2718,76843,998783,510148.7,488634.2,128698053,50016512,78681541,합계
경기도 수원시,2023-02,25419,550967,6222647.9,3701762,3253356,1072291289,461533832,610757457,합계
경기도 성남시,2023-02,19380,368820,4885613.6,2594121.8,2334723.1,742593463,287924651,454668812,합계
경기도 의정부시,2023-02,7830,211363,2050448.3,1108105.6,966157.3,349394932,142651027,206743905,합계
경기도 안양시,2023-02,14416,342849,3963631.7,2262687.6,1702332.3,621920593,272986516,348934077,합계
경기도 부천시,2023-02,16383,265256,3423058.6,1502142.3,4145655.6,522815449,211187579,311627870,합계
경기도 광명시,2023-02,4270,47528,897138,416024.5,481113.4,155330758,45927745,109403013,합계
경기도 평택시,2023-02,14113,373159,3395337.7,1864523.3,1567728.6,534677025,223166277,311510748,합계
경기도 동두천시,2023-02,3398,80471,687180,307311.9,379868,135961866,36760230,99201636,합계
경기도 안산시,2023-02,10723,280388,2661088.1,1477439.4,2427413.5,425479151,193605292,231873859,합계
경기도 고양시,2023-02,10226,216615,2988096.8,1843946.2,1207343.7,492674497,202769855,289904642,합계
경기도 과천시,2023-02,1806,41246,478641,278108.2,200532.7,77291718,32413929,44877789,합계
경기도 구리시,2023-02,3920,93901,1139373,657954.2,481418.7,170594860,73770798,96824062,합계
경기도 남양주시,2023-02,14798,284609,3374970,1860538.2,1514431.7,537694089,209969324,327724765,합계
경기도 오산시,2023-02,3082,55783,767792,442133,333786.9,124326292,51759280,72567012,합계
경기도 시흥시,2023-02,11501,194142,2428857.4,1290979.7,1147901.2,410498913,156989909,253509004,합계
경기도 군포시,2023-02,1003,22284,258517,146051,112465.9,42819649,16836740,25982909,합계
경기도 의왕시,2023-02,481,8642,99923,56594.5,43328.4,17799011,6704783,11094228,합계
경기도 하남시,2023-02,1092,22798,320111,175832.6,144278.3,45598557,19353881,26244676,합계
경기도 용인시,2023-02,32160,450230,7065915.4,3480104.9,4545416,1070286817,388334964,681951853,합계
경기도 파주시,2023-02,1643,41585,577172,321068.3,256103.6,83265280,31106761,52158519,합계
경기도 이천시,2023-02,3640,87641,990845.5,513890.4,883496.5,166128060,55810986,110317074,합계
경기도 안성시,2023-02,2168,36952,495091,228185.2,266905.7,81246070,23178990,58067080,합계
경기도 김포시,2023-02,3321,57411,928077.6,507839.5,423630.4,136316774,50446763,85870011,합계
경기도 화성시,2023-02,5675,95856,1727266,891577.3,835688.6,255042224,92614022,162428202,합계
경기도 광주시,2023-02,2634,43702,684805,380416,304388.9,97972130,37197859,60774271,합계
경기도 양주시,2023-02,1555,35625,405007,213890.8,191116.1,60277515,24018020,36259495,합계
경기도 포천시,2023-02,1542,27409,391739,171513,220225.9,55974361,17447567,38526794,합계
경기도 여주시,2023-02,1195,24858,264428,124002.7,140425.2,46201835,13558299,32643536,합계
경기도 연천군,2023-02,208,4533,63225,26523.8,36701.1,8765027,2171931,6593096,합계
경기도 가평군,2023-02,1002,19532,266713,119540.9,147172,35473005,10493182,24979823,합계
경기도 양평군,2023-02,676,15119,184849,77265.8,112408.1,24825394,7455963,17369431,합계
강원특별자치도 춘천시,2023-02,30829,739398,4868140,2338055.3,2530084.6,1015265572,354931738,660333834,합계
강원특별자치도 원주시,2023-02,34812,806564,5965356.6,3004773.4,3173206.5,1180640950,401156575,779484375,합계
강원특별자치도 강릉시,2023-02,21359,544128,3919142.6,2080455.8,1850045.1,698731041,282214379,416516662,합계
강원특별자치도 동해시,2023-02,9562,191822,1412487,653597.9,758889,310505578,77947766,232557812,합계
강원특별자치도 태백시,2023-02,3753,100913,844142,360132.1,484009.8,133677697,36711402,96966295,합계
강원특별자치도 속초시,2023-02,10636,270739,1757644.8,815977.3,981492.6,330923023,114353629,216569394,합계
강원특별자치도 삼척시,2023-02,2360,72505,453241,204947.1,248293.8,90851748,25479617,65372131,합계
강원특별자치도 홍천군,2023-02,3105,50790,572886,184810.1,388075.8,113845122,18943721,94901401,합계
강원특별자치도 횡성군,2023-02,1103,14147,210151,69781.9,140369,40090985,6520398,33570587,합계
강원특별자치도 영월군,2023-02,1909,37147,376401,116409.9,259991,63994459,11972077,52022382,합계
강원특별자치도 평창군,2023-02,2494,29052,559113,223297.6,335815.3,61326524,16643665,44682859,합계
강원특별자치도 정선군,2023-02,4382,87632,1224617.1,514285,713661.9,155548267,39839841,115708426,합계
강원특별자치도 철원군,2023-02,2040,26956,376421,159121,217299.9,60548989,13254786,47294203,합계
강원특별자치도 화천군,2023-02,1137,14490,206527,83258.1,123268.8,35861446,6835200,29026246,합계
강원특별자치도 양구군,2023-02,893,12659,228905,103180,125724.9,24726626,7684407,17042219,합계
강원특별자치도 인제군,2023-02,1096,12794,235575,92048.2,143526.7,32031608,6473609,25557999,합계
강원특별자치도 고성군,2023-02,1428,15027,316534,119981.5,196552.4,54942806,10014593,44928213,합계
강원특별자치도 양양군,2023-02,1838,21677,318811,121803.1,197007.8,59590308,10750263,48840045,합계
충청북도 청주시,2023-02,81198,1595350,15036771.4,7896986.8,7518940.1,2610248732,1090438199,1519810533,합계
충청북도 충주시,2023-02,21330,448627,3615401,1529496.2,2085904.7,684468701,202626754,481841947,합계
충청북도 제천시,2023-02,9993,191501,1590573.4,606854.9,1044402,294660994,81024123,213636871,합계
충청북도 보은군,2023-02,1653,8565,262228,68898.5,193329.4,37998383,6919231,31079152,합계
충청북도 옥천군,2023-02,3241,48800,475271,162689,312581.9,106198052,19803548,86394504,합계
충청북도 영동군,2023-02,2608,31406,420216,133766.7,286449.2,79757071,13581259,66175812,합계
충청북도 증평군,2023-02,2730,34330,479680,154272.9,325407,88604311,17405069,71199242,합계
충청북도 진천군,2023-02,2966,59533,758895.3,315552.1,445168.8,105586394,30138547,75447847,합계
충청북도 괴산군,2023-02,1291,9456,245951,87517.1,158433.8,29645432,8334615,21310817,합계
충청북도 음성군,2023-02,5157,91873,1278991,520997.3,775188.6,191071750,47400673,143671077,합계
충청북도 단양군,2023-02,,,,,,,,,합계
충청남도 천안시,2023-02,18380,405309,3742398.9,2021097,1725987.9,603483574,270649632,332833942,합계
충청남도 공주시,2023-02,1959,30062,407382,149756,257625.9,68727803,15243785,53484018,합계
충청남도 보령시,2023-02,7054,128048,1157169,481552.8,675616.1,252696530,56157595,196538935,합계
충청남도 아산시,2023-02,7023,170300,1842610,966783.5,877988.4,290756114,104569345,186186769,합계
충청남도 서산시,2023-02,2504,72603,564369.3,268187.2,377608.7,116067190,34655071,81412119,합계
충청남도 논산시,2023-02,4248,59773,741771,295485,446285.9,125927464,32483645,93443819,합계
충청남도 계룡시,2023-02,1357,28054,318979,139046.3,179932.6,48258141,13930692,34327449,합계
충청남도 당진시,2023-02,2445,44654,606744,233525.5,373218.4,88338638,22910265,65428373,합계
충청남도 금산군,2023-02,,,,,,,,,합계
충청남도 부여군,2023-02,303,2953,55302,16996,38305.9,10338616,1652584,8686032,합계
충청남도 서천군,2023-02,469,4293,83848,22286.7,61561.2,13985234,2183847,11801387,합계
충청남도 청양군,2023-02,365,1896,61661,15836.7,45824.2,10042546,1632357,8410189,합계
충청남도 홍성군,2023-02,2495,42020,446376,171944.5,274431.4,85009722,18237457,66772265,합계
충청남도 예산군,2023-02,1343,21340,282498,94900.7,187597.2,49998187,9241656,40756531,합계
충청남도 태안군,2023-02,1430,15940,247937,73186.3,174750.6,47690095,7404300,40285795,합계
전북특별자치도 전주시,2023-02,60299,1443090,10947628.9,5805843.5,5393139.4,2031831168,877747856,1154083312,합계
전북특별자치도 군산시,2023-02,28475,645862,4963191.5,2359755.6,2672520.3,844993407,319506286,525487121,합계
전북특별자치도 익산시,2023-02,5412,122696,1013481,468994.7,544486.2,192768427,60251956,132516471,합계
전북특별자치도 정읍시,2023-02,10750,191961,1712686.5,639523.3,1171993.6,346734027,79273844,267460183,합계
전북특별자치도 남원시,2023-02,6564,116352,1016707,364510.7,652196.2,215648317,44479860,171168457,합계
전북특별자치도 김제시,2023-02,7189,98968,1092098,330702,761395.9,193438298,40274511,153163787,합계
전북특별자치도 완주군,2023-02,2897,33366,546556,217815.7,328740.2,90356995,23265027,67091968,합계
전북특별자치도 진안군,2023-02,719,5339,136980,39373,97606.9,16835954,3754012,13081942,합계
전북특별자치도 무주군,2023-02,1083,7663,222958,76189,146768.9,24952438,6764220,18188218,합계
전북특별자치도 장수군,2023-02,381,1497,81199,18361.6,62837.3,6772690,1657604,5115086,합계
전북특별자치도 임실군,2023-02,1001,5370,184150,59505.6,124644.3,20847636,5419700,15427936,합계
전북특별자치도 순창군,2023-02,1040,5755,165332,46893.4,118438.5,22724445,4757110,17967335,합계
전북특별자치도 고창군,2023-02,3015,32681,535229,170896.7,364332.2,80601164,17756707,62844457,합계
전북특별자치도 부안군,2023-02,3491,29475,563632,152991.2,438349.7,103201590,15943650,87257940,합계
전라남도 목포시,2023-02,29597,701950,5361799.4,2421005.5,2953528.4,938979769,357766067,581213702,합계
전라남도 여수시,2023-02,30552,794371,6249185,3336759.5,2923670.4,1051584917,415610907,635974010,합계
전라남도 순천시,2023-02,8802,244021,1870607,964876,905730.9,335353671,122570667,212783004,합계
전라남도 나주시,2023-02,4439,49632,919689,334350.5,585338.4,129838629,30849742,98988887,합계
전라남도 광양시,2023-02,7646,142166,1417172.5,641580.4,920901.5,277923033,71778032,206145001,합계
전라남도 담양군,2023-02,1851,13307,293978,92593.2,201384.7,47663338,8857307,38806031,합계
전라남도 곡성군,2023-02,181,561,35701,6633.6,29067.3,3321908,520332,2801576,합계
전라남도 구례군,2023-02,414,4244,71347,17164.2,54182.7,12592143,1541169,11050974,합계
전라남도 고흥군,2023-02,1685,11425,297593,71550,226042.9,40221208,6480788,33740420,합계
전라남도 보성군,2023-02,1904,13392,338262,98588.6,239673.3,33602411,8413834,25188577,합계
전라남도 화순군,2023-02,1590,24951,254494,98032.5,156461.4,56873551,12098775,44774776,합계
전라남도 장흥군,2023-02,1195,7449,218013,61763.5,156249.4,27851106,5358221,22492885,합계
전라남도 강진군,2023-02,1740,11223,351899,72190.7,279708.2,40438428,7330434,33107994,합계
전라남도 해남군,2023-02,4017,54659,830684,236422,594261.9,105673023,23231117,82441906,합계
전라남도 영암군,2023-02,1939,15115,364457,123562.9,240894,33099514,11631663,21467851,합계
전라남도 무안군,2023-02,3210,49166,704693,273313.7,431379.2,95023304,29005050,66018254,합계
전라남도 함평군,2023-02,474,1590,80359,14490,65868.9,9198546,1258819,7939727,합계
전라남도 영광군,2023-02,2502,29633,463143,126911.3,336231.6,93403310,13608167,79795143,합계
전라남도 장성군,2023-02,2188,15014,350965,93300.7,257664.2,73756528,8537105,65219423,합계
전라남도 완도군,2023-02,2593,32452,475590,133687.2,341902.7,71414776,14834471,56580305,합계
전라남도 진도군,2023-02,1320,6282,274073,68250,205822.9,29894016,6051395,23842621,합계
전라남도 신안군,2023-02,1040,9412,179480,63539.5,115940.4,20314437,6846760,13467677,합계
경상북도 포항시,2023-02,43611,870647,7887316.3,3916183.2,4283535.7,1317667910,518584228,799083682,합계
경상북도 경주시,2023-02,23439,470850,4781841.9,2145482.5,2640425.4,758255398,241287882,516967516,합계
경상북도 김천시,2023-02,7241,120417,1246395,574419.7,671975.2,232418968,63247370,169171598,합계
경상북도 안동시,2023-02,3601,79796,674278.1,291312.2,385701.7,100108374,36092748,64015626,합계
경상북도 구미시,2023-02,6025,148065,1332835,739038.6,593796.3,219137022,89995218,129141804,합계
경상북도 영주시,2023-02,7123,138543,1020171,378215.9,641955,210506572,53783676,156722896,합계
경상북도 영천시,2023-02,6134,106224,995462,368215.3,627246.6,169622240,44298451,125323789,합계
경상북도 상주시,2023-02,6896,98602,894710,276357.1,618352.8,225293353,37011583,188281770,합계
경상북도 문경시,2023-02,1892,33071,308875,109137.9,199737,63638204,12652030,50986174,합계
경상북도 경산시,2023-02,3769,70920,748701,368564.7,380136.2,133970270,44025362,89944908,합계
경상북도 의성군,2023-02,1642,7821,291321,58931.1,232389.8,38852163,5082286,33769877,합계
경상북도 청송군,2023-02,732,4137,128153,37664.1,90488.8,14610956,3387985,11222971,합계
경상북도 영양군,2023-02,691,3209,116364,34691.4,81672.5,13974470,3248922,10725548,합계
경상북도 영덕군,2023-02,1620,15538,268318,88406.9,179911,25586803,8000539,17586264,합계
경상북도 청도군,2023-02,1260,9211,187894,59194.6,128699.3,27313929,5875024,21438905,합계
경상북도 고령군,2023-02,164,643,38016,8997.2,29018.7,4767387,732268,4035119,합계
경상북도 성주군,2023-02,966,8702,205382,66106.2,139275.7,18462693,5876006,12586687,합계
경상북도 칠곡군,2023-02,197,3400,44434,18147.9,26286,7262970,1807581,5455389,합계
경상북도 예천군,2023-02,1256,10043,227702,55943.5,171758.4,30807863,4861950,25945913,합계
경상북도 봉화군,2023-02,1016,3061,165892,27952,137939.9,20016551,2420052,17596499,합계
경상북도 울진군,2023-02,1940,22934,380441,108602.4,271838.5,48297163,9470476,38826687,합계
경상북도 울릉군,2023-02,528,3919,43351,13906.5,29444.4,10790315,1863096,8927219,합계
경상남도 창원시,2023-02,62660,1197716,12074695.3,5709288.4,7131455.5,2114034468,696022855,1418011613,합계
경상남도 진주시,2023-02,31743,738700,6225341,3065050,3160290.9,1039501047,375030965,664470082,합계
경상남도 통영시,2023-02,12439,308457,2631230.7,1157875.6,1474759.3,423165866,146473548,276692318,합계
경상남도 사천시,2023-02,10277,223689,1897121,783244,1113876.9,356813888,89456540,267357348,합계
경상남도 김해시,2023-02,21926,482163,4218981,2117686.2,2101294.7,762237415,276782489,485454926,합계
경상남도 밀양시,2023-02,5031,79055,840394.9,296845,558647.9,149916888,33857479,116059409,합계
경상남도 거제시,2023-02,13704,349862,2918295,1495343.7,1422951.2,527149818,172326111,354823707,합계
경상남도 양산시,2023-02,16032,373392,3075531.1,1580472.1,1498763.8,587327491,191741204,395586287,합계
경상남도 의령군,2023-02,1036,5148,174053,45964.7,128088.2,16458141,3857161,12600980,합계
경상남도 함안군,2023-02,2902,26234,514551,173315.1,341235.8,75493255,16774225,58719030,합계
경상남도 창녕군,2023-02,2766,15470,451258,102622,348635.9,66763677,9801285,56962392,합계
경상남도 고성군,2023-02,2286,22567,394375,120936.6,273438.3,59818814,12508793,47310021,합계
경상남도 남해군,2023-02,2509,17391,398650,102921.9,295728,55312873,8848757,46464116,합계
경상남도 하동군,2023-02,1646,6358,317822,56649.5,261172.4,30741278,5209412,25531866,합계
경상남도 산청군,2023-02,851,6075,140581,57206.9,83374,13370453,5061179,8309274,합계
경상남도 함양군,2023-02,1851,11590,293069,56795,236273.9,41481450,5349283,36132167,합계
경상남도 거창군,2023-02,3750,58270,604192,192879.4,411312.5,94220095,21783775,72436320,합계
경상남도 합천군,2023-02,1713,7132,321595,71985.9,249609,34516419,6882590,27633829,합계
제주특별자치도,2023-02,35987,743615,7912159.4,4284879.9,3648541.1,1215850575,505432749,710417826,합계
서울특별시,2023-03,1044656,14666075,215103493.2,121007426.7,207793117.2,35356021831,15648223613,19707798218,합계
부산광역시,2023-03,151431,2949330,30715232.9,17009508.5,13765509.4,5310219428,2215231108,3094988320,합계
대구광역시,2023-03,82075,1383960,14820727.7,7469877.5,7357969.4,2611687967,987051539,1624636428,합계
인천광역시,2023-03,231974,3959734,46130169.4,25840055.6,21134617.3,7838243916,3330611102,4507632814,합계
광주광역시,2023-03,55015,1298581,12016394.2,7241939.9,5574334,1997107917,918401752,1078706165,합계
대전광역시,2023-03,47794,1170947,9807241,5923031.7,3884209.2,1659638644,814250123,845388521,합계
울산광역시,2023-03,128330,2283101,23691234.1,11908286.2,12773042.7,4135564550,1459368262,2676196288,합계
세종특별자치시,2023-03,3007,82465,1067067,545788.5,521278.4,136457701,53576132,82881569,합계
경기도 수원시,2023-03,27778,601977,6828329.5,4102798.8,2904874.1,1160253078,511931517,648321561,합계
경기도 성남시,2023-03,20069,381861,5006156.8,2679581.4,2368957.5,752003993,296822843,455181150,합계
경기도 의정부시,2023-03,8681,234837,2293268.4,1246243.8,1266785.1,384847838,159668746,225179092,합계
경기도 안양시,2023-03,12769,273959,2997415,1688373.7,1309041.2,514718777,211860187,302858590,합계
경기도 부천시,2023-03,19916,334397,4123038.7,1894858.2,6884451.7,652853966,267198185,385655781,합계
경기도 광명시,2023-03,4441,46464,920664.3,401670.1,525028.8,157906671,44710682,113195989,합계
경기도 평택시,2023-03,11533,314319,2582335.6,1426885.7,1232871.2,407360572,171598499,235762073,합계
경기도 동두천시,2023-03,3102,61518,633901.6,256524.4,599309.5,126129128,29804885,96324243,합계
경기도 안산시,2023-03,11612,301968,2887556,1603542.5,2179890.4,455238320,208508352,246729968,합계
경기도 고양시,2023-03,11142,230079,3200953.1,1982771.6,1314562.3,520776714,215838095,304938619,합계
경기도 과천시,2023-03,2073,48332,564427,330610.7,233816.2,88975140,38513594,50461546,합계
경기도 구리시,2023-03,4357,105357,1272759,734503.4,538255.5,188049921,81534428,106515493,합계
경기도 남양주시,2023-03,17421,340122,3954660.8,2230177.2,1748257.7,641717445,251815515,389901930,합계
경기도 오산시,2023-03,3441,60123,857358,494285,363072.9,136716839,57702646,79014193,합계
경기도 시흥시,2023-03,30279,448177,5558773,2728263.2,2830509.7,988949127,342235817,646713310,합계
경기도 군포시,2023-03,1193,25454,292652,165291.3,127360.6,48440960,19382120,29058840,합계
경기도 의왕시,2023-03,653,12307,140118,79864.7,60253.2,24427732,9423322,15004410,합계
경기도 하남시,2023-03,1197,24154,350353,189136.1,161216.8,49006652,20490348,28516304,합계
경기도 용인시,2023-03,34396,455826,7581362.5,3520034,6085795.9,1140052502,395691848,744360654,합계
경기도 파주시,2023-03,610,13069,182722,99801.8,82920.1,25723836,9843580,15880256,합계
경기도 이천시,2023-03,3987,94353,1084038.5,554455.2,675932.7,180421910,60060971,120360939,합계
경기도 안성시,2023-03,2154,37000,502219,233640.1,268578.8,78900165,23554976,55345189,합계
경기도 김포시,2023-03,3505,74603,985523.8,620424.2,512776.7,142967061,65583336,77383725,합계
경기도 화성시,2023-03,6083,94166,1830674,882804.8,947869.1,266736050,91901491,174834559,합계
경기도 광주시,2023-03,2790,44944,705550,390968.1,314581.8,101111837,38305644,62806193,합계
경기도 양주시,2023-03,1702,40215,447991,238331.7,209659.2,66371221,27225572,39145649,합계
경기도 포천시,2023-03,1406,26311,374702.2,167513.4,211722.5,51048027,17056658,33991369,합계
경기도 여주시,2023-03,1173,26014,280366,130186.8,150179.1,45984187,13730051,32254136,합계
경기도 연천군,2023-03,237,5494,78678,34181.4,44496.5,10497547,2784730,7712817,합계
경기도 가평군,2023-03,1089,20040,287264,126471.6,160792.3,38285246,11106428,27178818,합계
경기도 양평군,2023-03,601,13518,172725.7,68851.8,107070.1,21923190,6667345,15255845,합계
강원특별자치도 춘천시,2023-03,33331,819233,5391503.6,2593741.9,2799707,1113218369,401565306,711653063,합계
강원특별자치도 원주시,2023-03,37382,872244,6568036.5,3307968.7,3880339.2,1263227282,440405140,822822142,합계
강원특별자치도 강릉시,2023-03,21646,513817,3795378.2,1873855.3,1924833.6,707286795,255695037,451591758,합계
강원특별자치도 동해시,2023-03,10204,196291,1477531,664340.3,813190.6,329770803,78649007,251121796,합계
강원특별자치도 태백시,2023-03,3534,94915,796663,335827,460835.9,127101030,34075469,93025561,합계
강원특별자치도 속초시,2023-03,11344,262628,1824546.6,785531.7,1056268.2,353491872,106943379,246548493,합계
강원특별자치도 삼척시,2023-03,2728,89466,542529,244229.9,298299,107936605,29961491,77975114,합계
강원특별자치도 홍천군,2023-03,3276,41772,586384,148179.5,438204.4,120226635,14703695,105522940,합계
강원특별자치도 횡성군,2023-03,1221,16424,247004,82805.2,164198.7,44136188,7674245,36461943,합계
강원특별자치도 영월군,2023-03,2108,41041,420227,127794.9,292432,69916725,13280249,56636476,합계
강원특별자치도 평창군,2023-03,2680,21988,458302,163038.3,295263.6,48105671,12827007,35278664,합계
강원특별자치도 정선군,2023-03,4645,77494,1234669,492598.2,742070.7,161804448,36312281,125492167,합계
강원특별자치도 철원군,2023-03,2312,28233,405437,167209.5,238227.4,65926185,14259810,51666375,합계
강원특별자치도 화천군,2023-03,1263,16756,234786,93808.4,140977.5,39003680,7611891,31391789,합계
강원특별자치도 양구군,2023-03,992,14752,258160,116277.8,141882.1,26823471,8741956,18081515,합계
강원특별자치도 인제군,2023-03,1189,13616,244850,95629.7,149220.2,32819895,6810733,26009162,합계
강원특별자치도 고성군,2023-03,1577,15463,334923,124492.3,210430.6,57835505,10004020,47831485,합계
강원특별자치도 양양군,2023-03,2055,22535,328149,126614.2,201534.7,64826345,11066308,53760037,합계
충청북도 청주시,2023-03,87628,1745252,16360733.3,8706853.9,7817429,2812609293,1217783135,1594826158,합계
충청북도 충주시,2023-03,23424,520513,4189896,1837100.5,2352795.4,759068364,240700960,518367404,합계
충청북도 제천시,2023-03,10891,203428,1856935,667043.2,1189891.7,329946938,87999596,241947342,합계
충청북도 보은군,2023-03,1777,9326,293321,79427.2,213893.7,39873606,8355642,31517964,합계
충청북도 옥천군,2023-03,3565,53898,563014,186445.3,376568.6,116807617,22561948,94245669,합계
충청북도 영동군,2023-03,2896,38109,507160,161776.1,345383.8,90068438,16253141,73815297,합계
충청북도 증평군,2023-03,3022,38200,564731.9,178015.9,388357,98607163,19789476,78817687,합계
충청북도 진천군,2023-03,3313,67495,857132.8,352723.1,506102.8,119632951,34125718,85507233,합계
충청북도 괴산군,2023-03,1418,10588,307880,100553.9,207326,35436157,9512921,25923236,합계
충청북도 음성군,2023-03,5693,102879,1460937,588627.9,872309,211270328,53524282,157746046,합계
충청북도 단양군,2023-03,,,,,,,,,합계
충청남도 천안시,2023-03,22368,499687,4427477.8,2549917.9,1882782,719982046,348077462,371904584,합계
충청남도 공주시,2023-03,2120,34606,444786,169354.8,275431.1,73420301,17901356,55518945,합계
충청남도 보령시,2023-03,7613,133935,1262815,506087.8,756727.1,273822747,59305071,214517676,합계
충청남도 아산시,2023-03,7669,188354,2065988.1,1097103.7,1025935.2,314759556,117485016,197274540,합계
충청남도 서산시,2023-03,2755,76351,634768.8,296402.8,449086.1,129539238,37896172,91643066,합계
충청남도 논산시,2023-03,4410,64290,801150,319258.3,481891.6,131274525,35631131,95643394,합계
충청남도 계룡시,2023-03,1438,27276,326748,141164.2,185583.7,50186495,14055254,36131241,합계
충청남도 당진시,2023-03,2618,48343,665788,256127.1,409660.8,94376844,24949900,69426944,합계
충청남도 금산군,2023-03,,,,,,,,,합계
충청남도 부여군,2023-03,337,2940,64936,18547.7,46388.2,11568660,1883128,9685532,합계
충청남도 서천군,2023-03,402,4151,80720,21982.6,58737.3,11768640,2114834,9653806,합계
충청남도 청양군,2023-03,344,2032,66560,16999.4,49560.5,9431805,1791868,7639937,합계
충청남도 홍성군,2023-03,2769,54275,532854,217378,315475.9,97355702,23148317,74207385,합계
충청남도 예산군,2023-03,1465,24324,310613,107236.7,203376.2,53728016,10473998,43254018,합계
충청남도 태안군,2023-03,1560,17458,274993,82611.4,192381.5,51431234,8415789,43015445,합계
전북특별자치도 전주시,2023-03,62083,1498023,11378948.4,6053053.2,5810893.7,2090188211,919142169,1171046042,합계
전북특별자치도 군산시,2023-03,31467,706236,5583890.2,2645155.5,3024024.4,936620161,356495102,580125059,합계
전북특별자치도 익산시,2023-03,6082,146925,1176600,558394.7,620993.2,219146574,72813065,146333509,합계
전북특별자치도 정읍시,2023-03,11896,218274,1997774.3,740562.3,1346708.6,388899900,92416549,296483351,합계
전북특별자치도 남원시,2023-03,7177,126581,1144461,405476.1,738984.8,237894413,49470805,188423608,합계
전북특별자치도 김제시,2023-03,7822,111683,1239648.4,389616.7,873609.2,211911309,47377591,164533718,합계
전북특별자치도 완주군,2023-03,2838,36811,580280,240084.7,340195.2,90939032,26170181,64768851,합계
전북특별자치도 진안군,2023-03,860,6559,195396,52127.1,143268.8,21935310,5156630,16778680,합계
전북특별자치도 무주군,2023-03,1011,5965,172035,52776.3,119258.6,19455482,5112077,14343405,합계
전북특별자치도 장수군,2023-03,587,2355,132631,29423.9,103207,11764285,3043906,8720379,합계
전북특별자치도 임실군,2023-03,1078,6888,231485,82898.6,148586.3,24267438,7471091,16796347,합계
전북특별자치도 순창군,2023-03,1145,8011,220205,70267.6,149937.3,28913805,7368067,21545738,합계
전북특별자치도 고창군,2023-03,2957,35634,582179,193448.5,388730.4,80555078,19077431,61477647,합계
전북특별자치도 부안군,2023-03,3429,29649,579142.6,165467.3,454198.6,100108844,17575937,82532907,합계
전라남도 목포시,2023-03,32643,721790,5880636.5,2484462.6,3424262.3,1041510751,366984304,674526447,합계
전라남도 여수시,2023-03,32171,774013,6323214.1,3224010.3,3101503.6,1085493221,408264732,677228489,합계
전라남도 순천시,2023-03,9775,272413,2086633,1090054.5,996578.4,374577866,139721794,234856072,합계
전라남도 나주시,2023-03,4361,49525,939574,337577.1,601996.8,127770367,31542470,96227897,합계
전라남도 광양시,2023-03,8266,153261,1571374.5,709045.1,984662.8,303187487,79693358,223494129,합계
전라남도 담양군,2023-03,2024,13968,328962,98748.2,230213.7,52746072,9370603,43375469,합계
전라남도 곡성군,2023-03,223,685,48307,9246.3,39060.6,4373665,813758,3559907,합계
전라남도 구례군,2023-03,462,5120,90001,23518.9,66482,15152163,2188484,12963679,합계
전라남도 고흥군,2023-03,1664,11628,313519,74278.1,239240.8,40321929,6788014,33533915,합계
전라남도 보성군,2023-03,2129,15274,405010,117438,287571.9,39846708,9930942,29915766,합계
전라남도 화순군,2023-03,1726,28070,302777,112007.6,190769.3,62902417,13611099,49291318,합계
전라남도 장흥군,2023-03,1174,7333,223766,60870.1,162895.8,26915529,5351407,21564122,합계
전라남도 강진군,2023-03,1660,10960,344156,75025.3,269130.6,38169948,7432165,30737783,합계
전라남도 해남군,2023-03,4052,51888,853323,233468.9,619854,106840762,23041470,83799292,합계
전라남도 영암군,2023-03,1952,14969,381216,121655.8,259560.1,33443687,11701741,21741946,합계
전라남도 무안군,2023-03,3545,52742,796515,300726.1,495788.8,105669174,31803302,73865872,합계
전라남도 함평군,2023-03,538,1842,98053,17020.8,81032.1,10895959,1583093,9312866,합계
전라남도 영광군,2023-03,2746,32108,533763,142727.1,391035.8,102859242,15196080,87663162,합계
전라남도 장성군,2023-03,2449,17990,425588,112698.2,312889.7,85699435,10297097,75402338,합계
전라남도 완도군,2023-03,2803,35339,522405,143759.1,378645.8,76072618,15840315,60232303,합계
전라남도 진도군,2023-03,1474,6848,318010,81679.7,236330.2,32893945,7235060,25658885,합계
전라남도 신안군,2023-03,1176,10264,214889,70747.3,144141.6,24568124,7920823,16647301,합계
경상북도 포항시,2023-03,49750,979802,9020145.6,4414707.9,4889830,1524833798,584970234,939863564,합계
경상북도 경주시,2023-03,25358,495485,5013897.9,2196529.9,2831879,814546399,255728031,558818368,합계
경상북도 김천시,2023-03,7392,132514,1330946.2,623915.4,709085.5,238026604,69653067,168373537,합계
경상북도 안동시,2023-03,3424,78090,669968,296830.2,373137.7,95363231,36219193,59144038,합계
경상북도 구미시,2023-03,5918,142874,1281894.4,715750.5,567574.4,212353257,87585692,124767565,합계
경상북도 영주시,2023-03,7874,162593,1176860,444923.9,739881,236597391,63228082,173369309,합계
경상북도 영천시,2023-03,6615,115626,1097947,411393.6,686553.3,177236255,49821308,127414947,합계
경상북도 상주시,2023-03,7141,101390,957108,289102.6,668005.3,236690801,39095650,197595151,합계
경상북도 문경시,2023-03,1873,32903,311004,110679.1,200324.8,63775151,12806980,50968171,합계
경상북도 경산시,2023-03,4440,84861,941664,462164.3,479499.6,156805533,54468556,102336977,합계
경상북도 의성군,2023-03,1826,8796,339561,68042.9,271518,43222996,5992045,37230951,합계
경상북도 청송군,2023-03,922,5029,169894,47296.4,122597.5,18718368,4354343,14364025,합계
경상북도 영양군,2023-03,789,3686,139824,40415.6,99408.3,15842764,3903645,11939119,합계
경상북도 영덕군,2023-03,1794,16340,293457,93406.7,200050.2,26863632,8469522,18394110,합계
경상북도 청도군,2023-03,1309,8803,196036,58292.6,137743.3,27419213,5889921,21529292,합계
경상북도 고령군,2023-03,200,864,47544,11801.4,35742.5,5755531,889407,4866124,합계
경상북도 성주군,2023-03,939,8390,195961,63318.1,132642.8,17817271,6011434,11805837,합계
경상북도 칠곡군,2023-03,206,3920,47497,19052.2,28444.7,7816901,2009799,5807102,합계
경상북도 예천군,2023-03,1355,11201,244906,62129.6,182776.3,31917069,5459346,26457723,합계
경상북도 봉화군,2023-03,1121,3399,187933,32031.1,155901.8,21052129,2654911,18397218,합계
경상북도 울진군,2023-03,2133,23396,414786,113023,301762.9,51897844,9760953,42136891,합계
경상북도 울릉군,2023-03,629,4796,50777,16369,34407.9,13076484,2483699,10592785,합계
경상남도 창원시,2023-03,65886,1251080,12820508.8,6039282.5,8235519.4,2215009345,746586203,1468423142,합계
경상남도 진주시,2023-03,33881,791661,6620252,3265446.1,3360007.8,1106309673,403575350,702734323,합계
경상남도 통영시,2023-03,13349,316981,2792746.6,1193461.5,1731099.4,453570248,151678265,301891983,합계
경상남도 사천시,2023-03,11381,246789,2082015,866282.6,1215732.3,393086583,99744939,293341644,합계
경상남도 김해시,2023-03,22290,484118,4347935,2156874.4,2191060.5,789203993,283687339,505516654,합계
경상남도 밀양시,2023-03,5493,88008,951341.1,336306.2,629006.7,164674719,38451403,126223316,합계
경상남도 거제시,2023-03,15098,375692,3186417,1602387.8,1584029.1,587573768,186209402,401364366,합계
경상남도 양산시,2023-03,17750,376786,3236880,1590630.4,1646249.5,641370541,195283975,446086566,합계
경상남도 의령군,2023-03,1172,6085,204293,56305.4,147987.5,18709815,4787305,13922510,합계
경상남도 함안군,2023-03,3149,28270,562179,187201,374977.9,80378572,18281170,62097402,합계
경상남도 창녕군,2023-03,3122,18645,541744.4,134888.3,410737.6,75771409,12940825,62830584,합계
경상남도 고성군,2023-03,2524,24966,450122,136260.6,313861.3,64603279,14362172,50241107,합계
경상남도 남해군,2023-03,2532,17773,413789,104076.2,309712.7,55180266,9037160,46143106,합계
경상남도 하동군,2023-03,1914,8762,416784,83196.6,333587.3,39951256,7585436,32365820,합계
경상남도 산청군,2023-03,926,6700,154462,61200.7,93261.2,15127963,5395960,9732003,합계
경상남도 함양군,2023-03,2028,12911,326187,66182.4,260004.5,45350614,6315993,39034621,합계
경상남도 거창군,2023-03,4100,66041,708737,223172.4,485564.5,104067917,25057621,79010296,합계
경상남도 합천군,2023-03,1919,7905,366068,86191.5,279876.4,38648440,8376638,30271802,합계
제주특별자치도,2023-03,37585,769602,8129183.9,4223141.1,3996581.8,1281857370,510229619,771627751,합계
서울특별시,2023-04,986259,14347837,206890195.8,119435874.4,156879478.5,33379996985,15532165647,17847831338,합계
부산광역시,2023-04,347375,6368969,63205310.9,35611828.5,28016200.4,11320364600,4860743525,6459621075,합계
대구광역시,2023-04,64668,1124190,11881507.7,6104350.3,5778537.6,2081412473,801477188,1279935285,합계
인천광역시,2023-04,264672,4580734,52807629.8,30010494.1,23629613.8,8876729911,3902664809,4974065102,합계
광주광역시,2023-04,52264,1275435,11705536.7,7208026.2,4833517.7,1905531544,913686200,991845344,합계
대전광역시,2023-04,85455,1966581,16269507.2,9883493,6419011.9,2898230096,1412695566,1485534530,합계
울산광역시,2023-04,121802,2241447,22799647.7,11708060.4,12504999.5,3906084004,1436743456,2469340548,합계
세종특별자치시,2023-04,4878,109727,1467769,726032,741736.9,190880244,71991465,118888779,합계
경기도 수원시,2023-04,25489,574831,6458393.4,3960271.8,2855000.1,1080924723,495114989,585809734,합계
경기도 성남시,2023-04,17268,338955,4344192.3,2345189.9,2074358,655357746,265864185,389493561,합계
경기도 의정부시,2023-04,8058,224437,2156327.6,1201623.2,1221013.7,354447849,154050549,200397300,합계
경기도 안양시,2023-04,24136,488248,5538035.2,2961018.7,2687200.2,910459432,375837205,534622227,합계
경기도 부천시,2023-04,18856,333127,3978719.8,1881763.1,13191283.8,625190145,268109421,357080724,합계
경기도 광명시,2023-04,4440,48618,952364,420019.2,532344.7,158079437,46995242,111084195,합계
경기도 평택시,2023-04,7524,156571,1735278.8,919631.1,1479940.8,265837121,109257777,156579344,합계
경기도 동두천시,2023-04,2470,44225,518508.1,202547.9,482783,96571045,22636982,73934063,합계
경기도 안산시,2023-04,9868,265248,2391454.5,1406794.8,989204.1,387380267,182706316,204673951,합계
경기도 고양시,2023-04,4838,96676,1420806,851169.3,574803.6,226183499,93092883,133090616,합계
경기도 과천시,2023-04,1964,46930,528102,314946.2,213155.7,83044268,36847970,46196298,합계
경기도 구리시,2023-04,4082,101131,1211171,707485.9,503685,177365196,78914454,98450742,합계
경기도 남양주시,2023-04,16755,335528,3885649,2225098.3,1660550.6,618330016,252172904,366157112,합계
경기도 오산시,2023-04,3245,57661,831949.4,485207.2,354317.7,130260613,55837236,74423377,합계
경기도 시흥시,2023-04,27998,431372,5267431,2646482,2620948.9,914587728,330372447,584215281,합계
경기도 군포시,2023-04,1155,25827,294837,170333.5,124503.4,46980912,20030205,26950707,합계
경기도 의왕시,2023-04,636,12449,138774,80756.3,58017.6,23455021,9608640,13846381,합계
경기도 하남시,2023-04,19,126,5345,1077.6,4267.3,780086,110664,669422,합계
경기도 용인시,2023-04,34664,464957,7678632.7,3655883.2,5347207.7,1138887284,411893490,726993794,합계
경기도 파주시,2023-04,,,,,,,,,합계
경기도 이천시,2023-04,3740,92835,1061223.6,550239.2,546381.7,170893984,60128791,110765193,합계
경기도 안성시,2023-04,486,8574,116125,53775.5,62349.4,18683800,5433274,13250526,합계
경기도 김포시,2023-04,3446,75725,1009661.9,645415.1,524854.8,142555007,67596485,74958522,합계
경기도 화성시,2023-04,5887,92159,1800859,881275.4,919583.5,258018505,90938376,167080129,합계
경기도 광주시,2023-04,1600,24766,412559,231321.3,181237.6,58103498,22009410,36094088,합계
경기도 양주시,2023-04,1720,40921,458550,244403.4,214146.6,67169102,27977955,39191147,합계
경기도 포천시,2023-04,234,2948,49003,18492.7,30510.2,5463992,1907043,3556949,합계
경기도 여주시,2023-04,632,15103,166340,78392.6,87947.3,25346895,8307206,17039689,합계
경기도 연천군,2023-04,98,2230,35531,14355,21175.9,4433840,1184121,3249719,합계
경기도 가평군,2023-04,1054,21351,302111,135294.4,166816.5,37994426,12004447,25989979,합계
경기도 양평군,2023-04,588,14040,175699,70916.7,104782.2,21895011,7074998,14820013,합계
강원특별자치도 춘천시,2023-04,31181,794097,5158015.2,2538260.2,2627132.7,1036453087,389211468,647241619,합계
강원특별자치도 원주시,2023-04,27989,653198,4852185.1,2466178.9,2461418,917674135,331053201,586620934,합계
강원특별자치도 강릉시,2023-04,7990,183449,1457272,704920.5,752351.4,269382371,92486654,176895717,합계
강원특별자치도 동해시,2023-04,7960,166255,1204741,567176.4,637564.5,255231971,67660281,187571690,합계
강원특별자치도 태백시,2023-04,1486,37011,337186,125037.7,212148.2,53933877,12686875,41247002,합계
강원특별자치도 속초시,2023-04,10874,262960,1800930.8,800616,1056647.9,340919210,109963373,230955837,합계
강원특별자치도 삼척시,2023-04,2755,86972,555397.9,243468.8,340916.1,109583871,29899651,79684220,합계
강원특별자치도 홍천군,2023-04,3112,41606,596040,152483.2,443556.7,115531525,15063059,100468466,합계
강원특별자치도 횡성군,2023-04,1180,17019,253885,85668.4,168216.5,42638682,8063789,34574893,합계
강원특별자치도 영월군,2023-04,2541,43106,481938,136481,345456.9,82196776,14591474,67605302,합계
강원특별자치도 평창군,2023-04,2594,22000,451613,159247.1,292365.8,45667873,12747339,32920534,합계
강원특별자치도 정선군,2023-04,4668,72096,1163434,457309,706124.9,159586083,34258330,125327753,합계
강원특별자치도 철원군,2023-04,2192,29307,401214,171347.9,229866,62563478,14736043,47827435,합계
강원특별자치도 화천군,2023-04,1180,16719,234181,96613.5,137567.4,36702532,7891805,28810727,합계
강원특별자치도 양구군,2023-04,954,14772,262889,119454.5,143434.4,26614700,9071866,17542834,합계
강원특별자치도 인제군,2023-04,1145,13607,247106,96457.6,150648.3,32412012,6942320,25469692,합계
강원특별자치도 고성군,2023-04,1538,16159,338385,128996.2,209388.7,57467267,10757777,46709490,합계
강원특별자치도 양양군,2023-04,2028,24235,362661,145975.4,216685.5,64891497,12443647,52447850,합계
충청북도 청주시,2023-04,80148,1632522,15326202.7,8246248,7174185.9,2578753216,1138753797,1439999419,합계
충청북도 충주시,2023-04,22203,511432,4075295,1835160.2,2240134.7,717356761,239832508,477524253,합계
충청북도 제천시,2023-04,10358,200448,1773541.6,656035.4,1118852.5,305635378,86655035,218980343,합계
충청북도 보은군,2023-04,1776,10122,313941,83708.9,230232,40682517,8691718,31990799,합계
충청북도 옥천군,2023-04,3455,55207,585614,199726.7,385887.2,112333856,23879920,88453936,합계
충청북도 영동군,2023-04,2758,38001,522586,166709.9,355876,86731507,16662385,70069122,합계
충청북도 증평군,2023-04,2813,37669,568188,180764.9,387423,93215265,19885053,73330212,합계
충청북도 진천군,2023-04,2955,64410,808207.8,337245.9,483688,107792515,32444372,75348143,합계
충청북도 괴산군,2023-04,1356,11243,320216,111546.1,208669.8,34864736,10192007,24672729,합계
충청북도 음성군,2023-04,5412,102381,1478970,602077.6,876892.3,203977179,54062407,149914772,합계
충청북도 단양군,2023-04,,,,,,,,,합계
충청남도 천안시,2023-04,21297,463327,4105939.9,2376832.5,1734129.4,659467007,325052194,334414813,합계
충청남도 공주시,2023-04,1275,20780,269521,103812.9,165708,45982275,10984355,34997920,합계
충청남도 보령시,2023-04,7175,136259,1274868,531441.2,743426.7,256656255,61929764,194726491,합계
충청남도 아산시,2023-04,6962,174892,1935801.8,1031428.5,952656.4,286656988,109579216,177077772,합계
충청남도 서산시,2023-04,2253,61846,535596.4,251312.2,353771.7,102053560,31698031,70355529,합계
충청남도 논산시,2023-04,1176,14588,197860,65264.9,132595,26286514,7239191,19047323,합계
충청남도 계룡시,2023-04,1449,28132,345986,147267.6,198718.3,50222712,14972532,35250180,합계
충청남도 당진시,2023-04,2557,49696,674699,268108.4,406590.5,92703532,25793174,66910358,합계
충청남도 금산군,2023-04,,,,,,,,,합계
충청남도 부여군,2023-04,317,3039,67491,19661.8,47829.1,10923662,1858710,9064952,합계
충청남도 서천군,2023-04,302,3032,66133,17419.7,48713.2,8538918,1569654,6969264,합계
충청남도 청양군,2023-04,246,1363,47017,11548.5,35468.4,6114559,1238720,4875839,합계
충청남도 홍성군,2023-04,2471,51273,504803,207762.1,297040.8,87826831,22046532,65780299,합계
충청남도 예산군,2023-04,1414,24290,316375,110453.8,205921.1,51879016,10743300,41135716,합계
충청남도 태안군,2023-04,1399,16714,275856,85212.3,190643.6,45478573,8179287,37299286,합계
전북특별자치도 전주시,2023-04,37938,996499,7472197.6,4111977.6,3362065.3,1327932245,616064429,711867816,합계
전북특별자치도 군산시,2023-04,29829,696055,5407820.7,2625695.7,2798024.2,884596631,355348726,529247905,합계
전북특별자치도 익산시,2023-04,6009,142657,1166705,549853.3,616851.6,218670366,71239883,147430483,합계
전북특별자치도 정읍시,2023-04,11428,219354,1996175.7,757775.1,1241517.8,374814248,93960607,280853641,합계
전북특별자치도 남원시,2023-04,6411,120106,1078117,392607.3,685509.6,212117674,48016291,164101383,합계
전북특별자치도 김제시,2023-04,6748,105139,1100305.2,365717.4,743882.5,181665625,45748503,135917122,합계
전북특별자치도 완주군,2023-04,692,15438,149127,74157.4,74969.5,23678421,9994513,13683908,합계
전북특별자치도 진안군,2023-04,837,6248,197403,49710.4,147692.5,21967307,5174068,16793239,합계
전북특별자치도 무주군,2023-04,442,3113,81322,23081.8,58240.1,10265868,2577422,7688446,합계
전북특별자치도 장수군,2023-04,591,2040,130660,26910.5,103749.4,11622389,2903451,8718938,합계
전북특별자치도 임실군,2023-04,721,4844,159693,58668.4,101024.5,17461707,5316353,12145354,합계
전북특별자치도 순창군,2023-04,1070,8194,223685,68640.4,155044.5,29317698,7254345,22063353,합계
전북특별자치도 고창군,2023-04,242,3222,46561,14379.8,32181.1,7334222,1465252,5868970,합계
전북특별자치도 부안군,2023-04,392,4528,73392,22932.6,50459.3,10335620,2352117,7983503,합계
전라남도 목포시,2023-04,29631,712858,5564917.1,2486635.2,3522405.7,961188986,368360574,592828412,합계
전라남도 여수시,2023-04,30496,758334,6198278.1,3207203.4,2999995.5,1027454073,406057038,621397035,합계
전라남도 순천시,2023-04,9156,266840,2023279.1,1082743.6,1203228.3,352384085,140247283,212136802,합계
전라남도 나주시,2023-04,9,129,1892,734.6,1157.3,772722,63186,709536,합계
전라남도 광양시,2023-04,7064,151267,1398786.1,698838.2,817470.7,251553762,78723502,172830260,합계
전라남도 담양군,2023-04,1933,14606,331466,104307.8,227158.1,51262467,10183811,41078656,합계
전라남도 곡성군,2023-04,250,981,54224,10111.1,44112.8,5541005,868781,4672224,합계
전라남도 구례군,2023-04,442,4786,85300,20737.6,64562.3,14032015,1860171,12171844,합계
전라남도 고흥군,2023-04,454,2808,91745,17063.3,74681.6,11117565,1768929,9348636,합계
전라남도 보성군,2023-04,2026,15945,421189,125854.4,295334.5,40716236,10837971,29878265,합계
전라남도 화순군,2023-04,1670,28615,311717,118950.5,192766.4,62091077,14832459,47258618,합계
전라남도 장흥군,2023-04,,,,,,,,,합계
전라남도 강진군,2023-04,,,,,,,,,합계
전라남도 해남군,2023-04,,,,,,,,,합계
전라남도 영암군,2023-04,227,1811,54037,13472.9,40564,3454272,1294546,2159726,합계
전라남도 무안군,2023-04,3398,51233,799060,299694.9,499365,102774464,30891303,71883161,합계
전라남도 함평군,2023-04,542,2053,108353,19079.9,89273,11529065,1701419,9827646,합계
전라남도 영광군,2023-04,2651,32030,551041,148092.2,402948.7,100107867,15578751,84529116,합계
전라남도 장성군,2023-04,2313,19332,447905,126484,321420.9,83320697,11458257,71862440,합계
전라남도 완도군,2023-04,2690,34654,524990,146615.9,378374,73707611,16301723,57405888,합계
전라남도 진도군,2023-04,1433,6800,333947,85251.6,248695.3,33555744,7831620,25724124,합계
전라남도 신안군,2023-04,1153,10130,226571,70561,156009.9,25608346,7655260,17953086,합계
경상북도 포항시,2023-04,36705,794798,7007409.9,3608738.7,3767330.2,1166964227,477260810,689703417,합계
경상북도 경주시,2023-04,23039,482354,4922542.1,2320597.7,2618762.2,749090518,263344417,485746101,합계
경상북도 김천시,2023-04,6106,113408,1126779,535500.8,591278.1,194555669,59952915,134602754,합계
경상북도 안동시,2023-04,2458,59176,522183,229065.7,293117.2,65410265,28219329,37190936,합계
경상북도 구미시,2023-04,737,16127,159778,83938.1,75839.8,28247412,9972426,18274986,합계
경상북도 영주시,2023-04,7468,160004,1160885,443660.7,717224.2,223646127,62491117,161155010,합계
경상북도 영천시,2023-04,6371,115269,1094459,415150.4,679308.5,173208194,50228451,122979743,합계
경상북도 상주시,2023-04,3854,67504,492021,171332,320688.9,125935141,25346817,100588324,합계
경상북도 문경시,2023-04,,,,,,,,,합계
경상북도 경산시,2023-04,3803,69007,782934,384622.7,398311.2,129639322,44825645,84813677,합계
경상북도 의성군,2023-04,1771,8984,350613,69528.9,281084,42574321,5858075,36716246,합계
경상북도 청송군,2023-04,994,5454,189632,52746.1,136885.8,20417075,4602137,15814938,합계
경상북도 영양군,2023-04,771,3748,140009,41027.8,98981.1,15121649,3961145,11160504,합계
경상북도 영덕군,2023-04,1703,16595,297183,99871.5,197311.4,27122078,9095651,18026427,합계
경상북도 청도군,2023-04,1157,8478,179490,55515.8,123974.1,25012322,5523985,19488337,합계
경상북도 고령군,2023-04,222,1258,53357,13695.9,39661,6961030,1105421,5855609,합계
경상북도 성주군,2023-04,,,,,,,,,합계
경상북도 칠곡군,2023-04,206,3699,49536,20426.3,29109.6,7646650,2000167,5646483,합계
경상북도 예천군,2023-04,1308,12056,249797,65866.4,183930.5,31444621,5805684,25638937,합계
경상북도 봉화군,2023-04,1085,3571,189225,33444.5,155780.4,20587866,2701780,17886086,합계
경상북도 울진군,2023-04,725,8985,162653,49545.2,113107.7,18743250,3937358,14805892,합계
경상북도 울릉군,2023-04,175,1963,23879,6937,16941.9,4755443,983495,3771948,합계
경상남도 창원시,2023-04,60396,1207895,12242243.2,5881406.2,7542820.7,2041734821,720120892,1321613929,합계
경상남도 진주시,2023-04,32990,791142,6586708,3293028.1,3293679.8,1093042862,403252778,689790084,합계
경상남도 통영시,2023-04,12171,301681,2605777,1154282.3,1451494.6,416693523,147376278,269317245,합계
경상남도 사천시,2023-04,11065,250683,2136136,897187.2,1238948.7,382262132,102640654,279621478,합계
경상남도 김해시,2023-04,10301,253202,2429398,1193029.5,1236368.4,411339111,150665294,260673817,합계
경상남도 밀양시,2023-04,5317,88248,939815,343646.4,596168.5,157502564,39279575,118222989,합계
경상남도 거제시,2023-04,14441,372242,3125126.1,1616857,1518131.9,556902424,188949613,367952811,합계
경상남도 양산시,2023-04,6207,145019,1343312,640351.3,702960.6,239959696,76621714,163337982,합계
경상남도 의령군,2023-04,1129,6751,209222,59105.3,150116.6,19395103,5182748,14212355,합계
경상남도 함안군,2023-04,3076,28906,583889,195903.6,387985.3,81373453,19117247,62256206,합계
경상남도 창녕군,2023-04,3066,19396,565687,141052.2,424634.7,76617908,13790610,62827298,합계
경상남도 고성군,2023-04,2425,25774,461026,142244.5,318781.4,62915874,14926645,47989229,합계
경상남도 남해군,2023-04,845,9717,194161,49912,144248.9,26040541,4476847,21563694,합계
경상남도 하동군,2023-04,1810,7469,392045,72446.4,319598.5,36167521,6189544,29977977,합계
경상남도 산청군,2023-04,851,7024,153102,61862.6,91239.4,14761063,5526181,9234882,합계
경상남도 함양군,2023-04,2029,14447,346156,72387.4,273768.5,45797705,7133359,38664346,합계
경상남도 거창군,2023-04,3941,65826,711727,226791.9,484935,100559381,25347440,75211941,합계
경상남도 합천군,2023-04,1900,8492,385584,88212.9,297371,40910984,8712828,32198156,합계
제주특별자치도,2023-04,37472,798027,8466203.9,4570253.8,4039286.1,1290533222,545993208,744540014,합계
서울특별시,2023-05,1019186,14542233,209819113.8,121835298.8,122815517.1,33809001720,15891723055,17917278665,합계
부산광역시,2023-05,432867,7853236,77674802,44235375,33747084.9,13927540361,6119629593,7807910768,합계
대구광역시,2023-05,65019,1147974,12070233,6253299.4,5816933.5,2082629424,824622096,1258007328,합계
인천광역시,2023-05,284082,4794391,55754260.2,31748774.4,24657687.5,9332426978,4125684743,5206742235,합계
광주광역시,2023-05,53055,1278045,11744433.9,7264721.9,4795401,1918310375,928849657,989460718,합계
대전광역시,2023-05,90030,2052717,16988593.6,10376946.1,6663074.8,3026517128,1483015535,1543501593,합계
울산광역시,2023-05,125733,2319323,23472279.8,12134620.1,12396106.8,4012035432,1505835184,2506200248,합계
세종특별자치시,2023-05,8397,168479,2235130,1108002.4,1127127.5,304129122,112576775,191552347,합계
경기도 수원시,2023-05,41959,841129,9123558.9,5540085.6,4077780.3,1559756281,726119191,833637090,합계
경기도 성남시,2023-05,18042,347569,4431788.7,2387666.7,2186917.2,672825096,272309594,400515502,합계
경기도 의정부시,2023-05,8501,230949,2202474.2,1230088.9,1294657,367137355,159107548,208029807,합계
경기도 안양시,2023-05,37026,703590,7580526,4079940.8,3500585.1,1300275805,533579318,766696487,합계
경기도 부천시,2023-05,19353,335148,4080699.4,1916091.7,11843660.2,631823940,272183041,359640899,합계
경기도 광명시,2023-05,4529,48055,955218.5,420518,540100.9,160044358,46969842,113074516,합계
경기도 평택시,2023-05,9301,184356,2422068.6,1266123.7,2058090.2,375321016,146629849,228691167,합계
경기도 동두천시,2023-05,2722,48457,564793.1,215307.7,527292.2,103337039,24523165,78813874,합계
경기도 안산시,2023-05,10228,262873,2382736.2,1399619.6,1008769.3,389267749,182904543,206363206,합계
경기도 고양시,2023-05,2340,32318,647403,312558.9,334844,102320736,31808929,70511807,합계
경기도 과천시,2023-05,1960,48866,548115,327585.5,220529.4,85040220,37951177,47089043,합계
경기도 구리시,2023-05,4140,101986,1227888,717824.2,510063.7,180615413,80448244,100167169,합계
경기도 남양주시,2023-05,15808,312194,3592749,2042951.3,1549797.6,576771132,235171070,341600062,합계
경기도 오산시,2023-05,3315,53304,769844.6,448882.5,346853.4,121962952,52279223,69683729,합계
경기도 시흥시,2023-05,28664,440421,5338389,2698257.1,2640131.8,929246676,335565249,593681427,합계
경기도 군포시,2023-05,1112,24945,280171,161196.6,118974.3,44912885,19019695,25893190,합계
경기도 의왕시,2023-05,710,13750,154707,90277.6,64429.3,25725632,10780348,14945284,합계
경기도 하남시,2023-05,487,9511,148432,79874.8,68557.1,20489494,8452074,12037420,합계
경기도 용인시,2023-05,37155,480887,8093930.3,3807123.8,5374129.1,1201431904,428775833,772656071,합계
경기도 파주시,2023-05,,,,,,,,,합계
경기도 이천시,2023-05,3750,91032,1036869,542240.1,810836.8,167384531,59517226,107867305,합계
경기도 안성시,2023-05,60,955,13692,6120.1,7571.8,2146946,633815,1513131,합계
경기도 김포시,2023-05,3630,74478,1038879.1,656830.6,400195.3,147137238,67821146,79316092,합계
경기도 화성시,2023-05,5865,88430,1721238,851374.9,869863,245793528,88117217,157676311,합계
경기도 광주시,2023-05,1640,24390,403238.4,228723.9,185666,57447670,21749659,35698011,합계
경기도 양주시,2023-05,1833,42929,482213,260312.2,221900.7,71147593,29903926,41243667,합계
경기도 포천시,2023-05,311,3483,72453,22926,49526.9,7042832,2276890,4765942,합계
경기도 여주시,2023-05,752,18133,193299,89621.3,103677.6,29982315,9725161,20257154,합계
경기도 연천군,2023-05,,,,,,,,,합계
경기도 가평군,2023-05,1082,21411,320646,144001.1,176644.8,39894033,12844701,27049332,합계
경기도 양평군,2023-05,576,13870,168849,71442.9,97406,21360508,7087779,14272729,합계
강원특별자치도 춘천시,2023-05,32300,827665,5325153,2647693.7,2677459.2,1067776453,408773571,659002882,합계
강원특별자치도 원주시,2023-05,28556,673649,4987620.9,2557282.6,2482982.3,930526616,345609499,584917117,합계
강원특별자치도 강릉시,2023-05,8619,202237,1587935,782158.5,805776.4,287336385,102767341,184569044,합계
강원특별자치도 동해시,2023-05,10268,217213,1582927.3,751664.8,840411.1,328766741,90249984,238516757,합계
강원특별자치도 태백시,2023-05,1750,45515,397450,154152.8,243297.1,63676695,15821617,47855078,합계
강원특별자치도 속초시,2023-05,10843,264517,1804116,815682.7,988433.2,338154010,112428511,225725499,합계
강원특별자치도 삼척시,2023-05,2804,89470,557685.9,250469.1,323951.8,110567187,31186461,79380726,합계
강원특별자치도 홍천군,2023-05,3303,42451,629754,155630.8,474123.1,122319434,15445321,106874113,합계
강원특별자치도 횡성군,2023-05,1209,17705,269008,91431.6,177576.3,43420982,8718322,34702660,합계
강원특별자치도 영월군,2023-05,2460,43080,476334,137601.9,338732,77522216,14587758,62934458,합계
강원특별자치도 평창군,2023-05,2659,24312,501269,182989.2,318279.7,49451519,14575784,34875735,합계
강원특별자치도 정선군,2023-05,5068,80817,1304419,508836.6,795582.3,172193161,38259029,133934132,합계
강원특별자치도 철원군,2023-05,2297,31205,432500,184507.2,247992.7,68373202,15952622,52420580,합계
강원특별자치도 화천군,2023-05,1223,16617,244163,99996.5,144166.4,37652224,8168970,29483254,합계
강원특별자치도 양구군,2023-05,1011,15934,285964,130282.2,155681.7,29066844,9937359,19129485,합계
강원특별자치도 인제군,2023-05,1222,14525,278012,106690.4,171321.5,35560389,7829812,27730577,합계
강원특별자치도 고성군,2023-05,1585,17018,360257,135326,224930.9,59887998,11444887,48443111,합계
강원특별자치도 양양군,2023-05,2131,27612,438906,180636.2,258269.7,72331285,14961219,57370066,합계
충청북도 청주시,2023-05,83480,1694474,15845983.6,8577725.9,7570428,2679775224,1187706255,1492068969,합계
충청북도 충주시,2023-05,23122,534444,4212342,1918769.4,2293572.5,740727939,252082520,488645419,합계
충청북도 제천시,2023-05,10928,210344,1876092.5,691935.2,1200845.7,320829274,92080710,228748564,합계
충청북도 보은군,2023-05,1786,9913,313019,82355.3,230663.6,40511875,8861421,31650454,합계
충청북도 옥천군,2023-05,3582,56568,598999,206307.2,392691.7,115628077,25024379,90603698,합계
충청북도 영동군,2023-05,2814,40218,532004,172085,359918.9,87780068,17365671,70414397,합계
충청북도 증평군,2023-05,2864,38084,560033.1,180572.5,380999.4,94933642,20110656,74822986,합계
충청북도 진천군,2023-05,3015,65165,840421,347031.1,493389.8,109774081,33682382,76091699,합계
충청북도 괴산군,2023-05,1396,12055,337254,117561.8,219692.1,36524175,10881751,25642424,합계
충청북도 음성군,2023-05,5573,105016,1520177,621789,898387.9,211910414,56527264,155383150,합계
충청북도 단양군,2023-05,,,,,,,,,합계
충청남도 천안시,2023-05,23857,526257,4829143,2736548.4,2092594.5,762861773,366772477,396089296,합계
충청남도 공주시,2023-05,1290,21497,269515,104583.9,164931,46688240,11438459,35249781,합계
충청남도 보령시,2023-05,7436,143886,1349267,576460.5,772806.4,265815723,66835132,198980591,합계
충청남도 아산시,2023-05,7522,190248,2079236.2,1119984.9,1062656,307501724,118133748,189367976,합계
충청남도 서산시,2023-05,2408,60739,551200,250423.6,300776.3,109336610,29668108,79668502,합계
충청남도 논산시,2023-05,1165,14560,208379,70019.8,139766.1,26903600,7605552,19298048,합계
충청남도 계룡시,2023-05,1519,30386,363660,161640.6,202019.3,52451879,16024095,36427784,합계
충청남도 당진시,2023-05,2627,49319,683787.9,265654.5,454007.4,94583080,25788579,68794501,합계
충청남도 금산군,2023-05,,,,,,,,,합계
충청남도 부여군,2023-05,311,3282,66174,19136.4,47037.5,10998250,1938894,9059356,합계
충청남도 서천군,2023-05,439,4414,91690,24768.1,66921.8,12399289,2300201,10099088,합계
충청남도 청양군,2023-05,383,2232,70624,18956.4,51667.5,10068891,2082691,7986200,합계
충청남도 홍성군,2023-05,2600,56206,535416,222934.4,312481.5,93267823,24041557,69226266,합계
충청남도 예산군,2023-05,1456,24892,319025,111559.3,207465.6,52158447,10926055,41232392,합계
충청남도 태안군,2023-05,1457,17292,284130,86831.8,202586.1,47835638,8464489,39371149,합계
전북특별자치도 전주시,2023-05,38121,999307,7465017.6,4146042.7,3325145.2,1318284368,620389532,697894836,합계
전북특별자치도 군산시,2023-05,30562,711145,5485850.5,2683763.7,2804771.2,898839052,363854977,534984075,합계
전북특별자치도 익산시,2023-05,6177,147858,1207387,569849.7,637537.2,223550203,74467962,149082241,합계
전북특별자치도 정읍시,2023-05,11646,222904,2020426.4,766427.4,1256046.5,378486238,94917491,283568747,합계
전북특별자치도 남원시,2023-05,6706,128411,1143069,422590.5,720478.4,225904694,52424839,173479855,합계
전북특별자치도 김제시,2023-05,7099,109977,1141875,380406.9,761468,188340711,47834369,140506342,합계
전북특별자치도 완주군,2023-05,761,16691,161273,81522.2,79750.7,25195759,10956776,14238983,합계
전북특별자치도 진안군,2023-05,865,6268,198316,50703.2,147612.7,21964074,5193473,16770601,합계
전북특별자치도 무주군,2023-05,490,3287,97130,27938.1,69191.8,11498986,3028605,8470381,합계
전북특별자치도 장수군,2023-05,588,1966,128937,25657.1,103279.8,11584307,2769676,8814631,합계
전북특별자치도 임실군,2023-05,735,4864,161873,59169.7,102703.2,17634325,5317181,12317144,합계
전북특별자치도 순창군,2023-05,1089,8052,216617,68908.8,147708.1,29734548,7758858,21975690,합계
전북특별자치도 고창군,2023-05,227,2861,45219,12302.8,32916.1,7200351,1250248,5950103,합계
전북특별자치도 부안군,2023-05,404,5438,79932,25559.1,54372.8,11594041,2601698,8992343,합계
전라남도 목포시,2023-05,31282,751255,5865538.8,2612923.8,3593449.1,1015259002,387900716,627358286,합계
전라남도 여수시,2023-05,32979,847869,6651851.4,3564123,3091739.9,1118389047,456136506,662252541,합계
전라남도 순천시,2023-05,9249,267284,2038292.8,1098227.8,1045779.1,348501203,140780519,207720684,합계
전라남도 나주시,2023-05,,,,,,,,,합계
전라남도 광양시,2023-05,8297,157797,1609993.4,728491.7,1060479.2,304702820,82359229,222343591,합계
전라남도 담양군,2023-05,2065,15377,343430,106713.5,236716.4,53679268,10337695,43341573,합계
전라남도 곡성군,2023-05,202,756,45434,8289.8,37144.1,4391924,704675,3687249,합계
전라남도 구례군,2023-05,454,4770,88858,20663.5,68194.4,14627613,1786548,12841065,합계
전라남도 고흥군,2023-05,782,5125,170857,34538.5,136318.4,20401990,3408864,16993126,합계
전라남도 보성군,2023-05,1912,15247,408202,123175.7,285026.2,39690671,10406123,29284548,합계
전라남도 화순군,2023-05,1763,30117,328986,123911.8,205074.1,65035281,14888115,50147166,합계
전라남도 장흥군,2023-05,199,1287,44165,12464.3,31700.6,4388056,926478,3461578,합계
전라남도 강진군,2023-05,,,,,,,,,합계
전라남도 해남군,2023-05,,,,,,,,,합계
전라남도 영암군,2023-05,261,2235,61396,16623.8,44772.1,4527301,1668998,2858303,합계
전라남도 무안군,2023-05,3530,52675,834081,310074.6,524006.3,107767974,32006230,75761744,합계
전라남도 함평군,2023-05,553,2141,109513,20636.1,88876.8,11823976,1897463,9926513,합계
전라남도 영광군,2023-05,2783,33909,581048,152222.1,428825.8,106772451,16868045,89904406,합계
전라남도 장성군,2023-05,2436,20997,461419,131306.4,330112.5,86905449,12252987,74652462,합계
전라남도 완도군,2023-05,2785,37386,575038,163662.2,411375.7,77766533,18086338,59680195,합계
전라남도 진도군,2023-05,1438,6387,319385,78750,240634.9,32067832,7279810,24788022,합계
전라남도 신안군,2023-05,1171,10554,237710,75825,161884.9,26921826,8529638,18392188,합계
경상북도 포항시,2023-05,37647,818380,7128522.2,3729256.6,3437948.3,1182115130,498113384,684001746,합계
경상북도 경주시,2023-05,25714,536648,5375566,2506381.5,2869184.4,834875811,287448655,547427156,합계
경상북도 김천시,2023-05,7591,144324,1419735,687032.2,732702.7,245438099,76730706,168707393,합계
경상북도 안동시,2023-05,4063,97823,846627,380663.5,465963.4,107900349,47137670,60762679,합계
경상북도 구미시,2023-05,991,22165,215238,115565,99672.9,37672319,13989258,23683061,합계
경상북도 영주시,2023-05,7672,164841,1202527.3,459257.6,755358.3,230185801,64970237,165215564,합계
경상북도 영천시,2023-05,6551,120862,1135623.3,437848.3,707879.6,177193523,52922557,124270966,합계
경상북도 상주시,2023-05,4375,74797,570876,194553.6,376322.3,143254688,28131213,115123475,합계
경상북도 문경시,2023-05,,,,,,,,,합계
경상북도 경산시,2023-05,3843,68226,805009,401053.4,403955.5,128851482,45962682,82888800,합계
경상북도 의성군,2023-05,1781,9042,355638,68468.5,287169.4,42779616,6182538,36597078,합계
경상북도 청송군,2023-05,987,5490,184306,52598.5,131707.4,21058671,4693292,16365379,합계
경상북도 영양군,2023-05,828,4079,167670,46051.8,121618.1,18631610,4413379,14218231,합계
경상북도 영덕군,2023-05,1762,16575,304077,98713,205363.9,27845754,9218842,18626912,합계
경상북도 청도군,2023-05,1157,8046,177314,51542.1,125771.8,24854016,5172259,19681757,합계
경상북도 고령군,2023-05,198,1194,51963,13875.9,38087,6297726,1092486,5205240,합계
경상북도 성주군,2023-05,,,,,,,,,합계
경상북도 칠곡군,2023-05,202,3692,44695,18218.2,26476.7,7270427,1879763,5390664,합계
경상북도 예천군,2023-05,1358,12146,255491,65596.9,189894,32639893,5766946,26872947,합계
경상북도 봉화군,2023-05,1107,3818,204112,35102.3,169009.6,20555577,2829199,17726378,합계
경상북도 울진군,2023-05,539,6332,122444,36243.3,86200.6,13919075,2915389,11003686,합계
경상북도 울릉군,2023-05,292,3439,43903,13148.9,30754,8403922,1853685,6550237,합계
경상남도 창원시,2023-05,63473,1239958,12371370.6,5939420.4,7521414.5,2106790203,738287586,1368502617,합계
경상남도 진주시,2023-05,34309,841676,6957279.2,3517045.6,3447650.3,1141219040,432055048,709163992,합계
경상남도 통영시,2023-05,12880,321270,2720946,1230023.1,1498524.8,439455898,157799197,281656701,합계
경상남도 사천시,2023-05,11335,250804,2148003,894987.9,1253015,389520715,102955734,286564981,합계
경상남도 김해시,2023-05,10839,257588,2476900,1213299.8,1263600.1,422669658,154284956,268384702,합계
경상남도 밀양시,2023-05,5476,91790,976886.2,355219.8,640826.1,162500494,41677873,120822621,합계
경상남도 거제시,2023-05,14888,387109,3252651,1690922.2,1561728.7,570729197,197219658,373509539,합계
경상남도 양산시,2023-05,6435,149898,1384130.1,669301.4,726394.5,245379492,79971091,165408401,합계
경상남도 의령군,2023-05,1171,6352,207314.7,58753,150485.9,19043774,5171343,13872431,합계
경상남도 함안군,2023-05,3142,29984,596133,202128.5,394004.4,84130909,20349212,63781697,합계
경상남도 창녕군,2023-05,3120,19739,562645,139703.1,422941.8,77779551,13543656,64235895,합계
경상남도 고성군,2023-05,2504,26475,454968,143331.1,311636.8,62921646,15620110,47301536,합계
경상남도 남해군,2023-05,880,9706,199898,49484.5,150413.4,27044118,4468697,22575421,합계
경상남도 하동군,2023-05,1833,8211,405512,78038.5,327473.4,37564235,6844592,30719643,합계
경상남도 산청군,2023-05,898,7372,183774,73095.9,110678,17003269,6357101,10646168,합계
경상남도 함양군,2023-05,2094,14440,377698,82231.3,295466.6,48679036,7834306,40844730,합계
경상남도 거창군,2023-05,4077,67660,728838,229818.6,499019.3,103555069,26075960,77479109,합계
경상남도 합천군,2023-05,1936,8455,412260,91005.1,321254.8,43982309,8549823,35432486,합계
제주특별자치도,2023-05,37374,783576,8422730.6,4607962.6,3922026.3,1276129200,547604774,728524426,합계
서울특별시,2023-06,1022721,14720025,211893846.7,122918562.7,444444444606408988.8,34174059165,16035460640,18138598525,합계
부산광역시,2023-06,426035,6806508,73709117.5,38696887.2,35021867.7,13591762287,5313589461,8278172826,합계
대구광역시,2023-06,61970,1066994,11424843,5756466.2,5668376.7,1988946434,762134025,1226812409,합계
인천광역시,2023-06,257561,4176528,49582425.9,27242747.5,22583469.4,8474406188,3566831220,4907574968,합계
광주광역시,2023-06,54975,1210854,11789085.6,6773200.3,5341941.6,1960057745,868457666,1091600079,합계
대전광역시,2023-06,92190,2049201,17347445.4,10342871.9,7022124,3088555590,1465061830,1623493760,합계
울산광역시,2023-06,123611,2258123,23074312,11814125.5,12081574.4,3988107184,1465257445,2522849739,합계
세종특별자치시,2023-06,8240,159660,2156040,1063781.8,1092258.1,298823739,108558548,190265191,합계
경기도 수원시,2023-06,60588,1128040,12154394.7,7150421.7,5886278.2,2143613655,966843217,1176770438,합계
경기도 성남시,2023-06,15453,279860,3726115.3,1926341.6,1849811.3,556054268,219288733,336765535,합계
경기도 의정부시,2023-06,6422,170724,1662938.7,908820.8,869648.1,277869392,117450551,160418841,합계
경기도 안양시,2023-06,35693,664667,7330621.5,3877854.4,3491073.5,1258382268,505572273,752809995,합계
경기도 부천시,2023-06,17968,293576,3579414.3,1659634.8,12350893.1,577510433,237406086,340104347,합계
경기도 광명시,2023-06,4440,47725,948488,420995.5,527492.4,156968830,46991157,109977673,합계
경기도 평택시,2023-06,8812,174611,2348302.9,1199052.7,2022512.2,357596505,137526952,220069553,합계
경기도 동두천시,2023-06,2511,44387,521506.7,199255.4,560610.5,95884652,22414198,73470454,합계
경기도 안산시,2023-06,8621,176620,1866707,937328.3,929378.6,317923738,120756662,197167076,합계
경기도 고양시,2023-06,3068,43275,855061,425021.9,430039,135398438,42858497,92539941,합계
경기도 과천시,2023-06,1981,46914,530880,320150.1,210729.8,83226405,36881423,46344982,합계
경기도 구리시,2023-06,4069,99266,1195038,696908.4,498129.5,177313586,78886630,98426956,합계
경기도 남양주시,2023-06,15538,299623,3538536,1956766.9,1581769,571540339,226279892,345260447,합계
경기도 오산시,2023-06,2609,41197,626026,351993.1,274032.8,99809886,40405368,59404518,합계
경기도 시흥시,2023-06,27198,415054,5005233.2,2510537.8,2500704.1,874735669,313468421,561267248,합계
경기도 군포시,2023-06,1072,23241,269254,153956,115297.9,43304758,17903874,25400884,합계
경기도 의왕시,2023-06,698,12555,142797.9,81804.2,82880.7,24430086,9870134,14559952,합계
경기도 하남시,2023-06,1124,23456,339136,192099.3,147036.6,47661684,20619392,27042292,합계
경기도 용인시,2023-06,38326,498268,8418403.2,3972278.4,5428831.5,1260237034,443909639,816327395,합계
경기도 파주시,2023-06,,,,,,,,,합계
경기도 이천시,2023-06,3648,87212,1003653.3,519136.3,662984.6,164618790,57022019,107596771,합계
경기도 안성시,2023-06,214,3270,53664,21508.5,32155.4,8659338,2160934,6498404,합계
경기도 김포시,2023-06,3239,62231,921565,552707.5,368857.4,132844430,56602062,76242368,합계
경기도 화성시,2023-06,5913,92057,1791147,892377.2,898769.7,259269153,91951218,167317935,합계
경기도 광주시,2023-06,1640,23789,396114,222667.4,173446.5,57455297,21323897,36131400,합계
경기도 양주시,2023-06,425,9859,104233,56786.4,47446.5,16003805,6584217,9419588,합계
경기도 포천시,2023-06,2,20,367,151.4,215.5,89542,12464,77078,합계
경기도 여주시,2023-06,789,16564,197461,83630.3,113830.6,30685890,8942066,21743824,합계
경기도 연천군,2023-06,3,4,866,125.5,740.4,136825,71872,64953,합계
경기도 가평군,2023-06,1219,22217,366517,150156.5,216360.4,43822743,13638503,30184240,합계
경기도 양평군,2023-06,550,13525,165243,71547.3,93695.6,20805764,6964629,13841135,합계
강원특별자치도 춘천시,2023-06,31398,798642,5167453,2569240.8,2598212.1,1042225904,395335636,646890268,합계
강원특별자치도 원주시,2023-06,28573,656719,4904940.8,2464154.5,2465283.4,932584577,333726824,598857753,합계
강원특별자치도 강릉시,2023-06,8479,206387,1610468,815794.9,794673,287287508,107695930,179591578,합계
강원특별자치도 동해시,2023-06,9915,211975,1541655,733885.7,807769.2,320491017,87708311,232782706,합계
강원특별자치도 태백시,2023-06,1844,46034,397119,154956.5,242162.4,66611104,16198438,50412666,합계
강원특별자치도 속초시,2023-06,12187,300926,2048418,944706.6,1103711.3,389070231,127964334,261105897,합계
강원특별자치도 삼척시,2023-06,2714,79523,528995.5,227807.1,307045.8,108603714,27969591,80634123,합계
강원특별자치도 홍천군,2023-06,3240,42762,624029,158023.9,466005,120123434,15613353,104510081,합계
강원특별자치도 횡성군,2023-06,1175,16883,252548,84890.4,167657.5,42413201,7964762,34448439,합계
강원특별자치도 영월군,2023-06,2361,41456,455400,129126,326273.9,74613622,13951300,60662322,합계
강원특별자치도 평창군,2023-06,2655,24702,515074,187596.1,327477.8,51069060,14756400,36312660,합계
강원특별자치도 정선군,2023-06,4858,77399,1235549,483629.3,751919.6,166011747,36842467,129169280,합계
강원특별자치도 철원군,2023-06,2264,30473,433575,185101,248473.9,67932637,15935180,51997457,합계
강원특별자치도 화천군,2023-06,1216,17060,248062,100799.4,147262.5,38038711,8151702,29887009,합계
강원특별자치도 양구군,2023-06,999,15895,281885,126748.2,155136.7,29023874,9664068,19359806,합계
강원특별자치도 인제군,2023-06,1182,13516,277563,102705,174857.9,34717682,7268095,27449587,합계
강원특별자치도 고성군,2023-06,1546,17553,363851,140419.2,223431.7,59448417,11888797,47559620,합계
강원특별자치도 양양군,2023-06,2043,29822,492070,218554,273515.9,72023143,17267279,54755864,합계
충청북도 청주시,2023-06,81610,1631746,15451154.8,8254717.7,7352019.2,2630697293,1146093723,1484603570,합계
충청북도 충주시,2023-06,22759,513177,4055021,1839472.5,2215548.4,730627004,243900126,486726878,합계
충청북도 제천시,2023-06,11555,222868,1941821.2,721496.2,1533157.7,339033492,96805468,242228024,합계
충청북도 보은군,2023-06,1759,9503,306864,83260.8,223603.1,39367448,8779611,30587837,합계
충청북도 옥천군,2023-06,3456,55281,578196,196726.4,381469.5,111829191,23981264,87847927,합계
충청북도 영동군,2023-06,2732,38283,519262,169072.5,350189.4,85706137,16827375,68878762,합계
충청북도 증평군,2023-06,2700,34805,527405,164833.3,362571.6,89884064,18073081,71810983,합계
충청북도 진천군,2023-06,2890,61737,786121.6,327089.5,460578.4,104911232,31569932,73341300,합계
충청북도 괴산군,2023-06,1327,10973,309379,108056.9,201322,33843750,9916869,23926881,합계
충청북도 음성군,2023-06,5525,99902,1469417,590878.1,878538.8,212611956,53713376,158898580,합계
충청북도 단양군,2023-06,33,540,4849,1354.7,3494.2,820582,161060,659522,합계
충청남도 천안시,2023-06,23860,506374,4791256,2597826.7,2193429.2,777990637,351516499,426474138,합계
충청남도 공주시,2023-06,1238,19467,260577,96929.5,163647.4,45764327,10470710,35293617,합계
충청남도 보령시,2023-06,7197,142812,1338300,576147.5,762152.4,261605673,66418004,195187669,합계
충청남도 아산시,2023-06,7174,178080,1960239.7,1042508.5,980195.4,296989922,110796278,186193644,합계
충청남도 서산시,2023-06,2538,65817,581589,272845.5,308743.4,115759267,32169919,83589348,합계
충청남도 논산시,2023-06,1179,13846,199553,64131.4,135421.5,26045123,7118059,18927064,합계
충청남도 계룡시,2023-06,1462,29259,348415,153795.7,194619.2,51096230,15703643,35392587,합계
충청남도 당진시,2023-06,2590,48646,671338,259927.8,411410.1,93962786,25176806,68785980,합계
충청남도 금산군,2023-06,13,143,2726,606.9,2119,438508,78403,360105,합계
충청남도 부여군,2023-06,314,3014,66933,18642.9,48290,10815381,1877016,8938365,합계
충청남도 서천군,2023-06,440,4366,93831,25332.4,68498.5,12522357,2318920,10203437,합계
충청남도 청양군,2023-06,555,2917,97845,22443.8,75401.1,15348269,2268408,13079861,합계
충청남도 홍성군,2023-06,2566,53400,525498,217914.3,307583.6,93009145,23483161,69525984,합계
충청남도 예산군,2023-06,1324,22348,296858,103383.7,193474.2,48612431,9903157,38709274,합계
충청남도 태안군,2023-06,1419,17233,269772,84794.1,184977.8,46873223,8272120,38601103,합계
전북특별자치도 전주시,2023-06,36667,947478,7120245,3901175.5,3220877.4,1270745964,583040835,687705129,합계
전북특별자치도 군산시,2023-06,26316,597124,4632863,2229923.4,2402939.5,784525529,302530687,481994842,합계
전북특별자치도 익산시,2023-06,6093,138758,1149064,529124.6,619939.3,220428213,69038659,151389554,합계
전북특별자치도 정읍시,2023-06,10925,210860,1898370.5,721707.9,1212019,360225100,90137909,270087191,합계
전북특별자치도 남원시,2023-06,6558,118874,1073370,387005.8,686364.1,216337714,47553213,168784501,합계
전북특별자치도 김제시,2023-06,6798,107473,1108453.5,362726.5,765676.4,182856959,45190929,137666030,합계
전북특별자치도 완주군,2023-06,865,18181,167904,84988.9,82915,27739089,11658289,16080800,합계
전북특별자치도 진안군,2023-06,834,6091,194038,48278.7,145759.2,21689302,5121350,16567952,합계
전북특별자치도 무주군,2023-06,470,3239,97921,30817.5,67103.4,11241492,3183763,8057729,합계
전북특별자치도 장수군,2023-06,534,1730,114618,23113.3,91504.6,10451305,2580412,7870893,합계
전북특별자치도 임실군,2023-06,726,5021,156440,59898.4,96541.5,17271110,5361023,11910087,합계
전북특별자치도 순창군,2023-06,1054,7831,203491,63614.5,139876.4,28417348,7280885,21136463,합계
전북특별자치도 고창군,2023-06,242,3388,48913,14606.1,34306.8,7677477,1419821,6257656,합계
전북특별자치도 부안군,2023-06,399,5281,80169,25500.3,54668.6,11485348,2585416,8899932,합계
전라남도 목포시,2023-06,30463,730727,5651411.9,2532458.1,3187963.8,991106294,378743106,612363188,합계
전라남도 여수시,2023-06,32336,844480,6615904.1,3552369.3,3068893.6,1103383857,451266963,652116894,합계
전라남도 순천시,2023-06,9293,264638,2028454,1076563.5,951890.4,353372239,136878002,216494237,합계
전라남도 나주시,2023-06,,,,,,,,,합계
전라남도 광양시,2023-06,8128,157657,1586288.2,720153.4,870025.5,303248807,81975417,221273390,합계
전라남도 담양군,2023-06,1978,14794,329180,103686.4,225493.5,51773614,9987617,41785997,합계
전라남도 곡성군,2023-06,198,639,44912,8166.1,36745.8,4075978,622183,3453795,합계
전라남도 구례군,2023-06,421,4594,79260,20161.8,59098.1,13579567,1750536,11829031,합계
전라남도 고흥군,2023-06,798,4795,158294,31832.1,126461.8,20049650,3202838,16846812,합계
전라남도 보성군,2023-06,1837,14361,370987,112587.3,258399.6,37143658,9825398,27318260,합계
전라남도 화순군,2023-06,1720,29944,315316,121813.5,193502.4,65886073,15066282,50819791,합계
전라남도 장흥군,2023-06,616,4613,144602,39553.5,105048.4,15755909,3392498,12363411,합계
전라남도 강진군,2023-06,,,,,,,,,합계
전라남도 해남군,2023-06,,,,,,,,,합계
전라남도 영암군,2023-06,292,2467,71221,20233.8,50987.1,5192800,1839551,3353249,합계
전라남도 무안군,2023-06,3455,52158,816050,305304.5,510745.4,106153407,31319339,74834068,합계
전라남도 함평군,2023-06,544,2019,106352,18628.8,87723.1,11285814,1632539,9653275,합계
전라남도 영광군,2023-06,2668,32361,566350,150159.4,416190.5,101596603,15815600,85781003,합계
전라남도 장성군,2023-06,2336,19778,448999,127201.4,321797.5,85131726,11794218,73337508,합계
전라남도 완도군,2023-06,2683,34322,536962,150236.8,386725.1,74392739,16572653,57820086,합계
전라남도 진도군,2023-06,1406,6256,296351,74104.1,222246.8,29828525,6728286,23100239,합계
전라남도 신안군,2023-06,1188,12087,254346,86536.9,167809,28429070,9548975,18880095,합계
경상북도 포항시,2023-06,36890,738352,6794791.5,3326780.5,3481292.4,1146367312,444897007,701470305,합계
경상북도 경주시,2023-06,25055,512384,5239973.5,2403254.1,2861465.8,819352561,272728386,546624175,합계
경상북도 김천시,2023-06,7666,139383,1414754,660548.2,754205.7,254855926,74391875,180464051,합계
경상북도 안동시,2023-06,3960,92308,812196,356150.3,456045.6,106180485,43682111,62498374,합계
경상북도 구미시,2023-06,1151,26545,254555,137555.8,116999.1,44563333,16914775,27648558,합계
경상북도 영주시,2023-06,7435,157380,1127433,429105.3,698327.6,221978926,61286389,160692537,합계
경상북도 영천시,2023-06,6329,117395,1110182,424978.5,685203.4,176213810,51428706,124785104,합계
경상북도 상주시,2023-06,5886,96351,814924,255991.3,558932.6,197519095,36154031,161365064,합계
경상북도 문경시,2023-06,,,,,,,,,합계
경상북도 경산시,2023-06,3716,62505,730369,356559.5,373809.4,121205352,41566181,79639171,합계
경상북도 의성군,2023-06,1667,8759,339161,66161.5,272999.4,40679028,5853887,34825141,합계
경상북도 청송군,2023-06,952,5388,178897,51301.2,127595.7,20283176,4790449,15492727,합계
경상북도 영양군,2023-06,807,4213,161244,49331.1,111912.8,18674510,4862298,13812212,합계
경상북도 영덕군,2023-06,1732,16012,295229,97012.1,198216.8,27247870,9011382,18236488,합계
경상북도 청도군,2023-06,1127,7447,170519,48891.9,121627,24494895,4977551,19517344,합계
경상북도 고령군,2023-06,172,1659,48126,13566.7,34559.2,6021899,1076686,4945213,합계
경상북도 성주군,2023-06,,,,,,,,,합계
경상북도 칠곡군,2023-06,212,4109,49113,20512.4,28600.5,8044124,2106557,5937567,합계
경상북도 예천군,2023-06,1312,11784,245162,61404.4,183757.5,32265607,5416566,26849041,합계
경상북도 봉화군,2023-06,1114,3795,201459,35274.1,166184.8,20513923,2826176,17687747,합계
경상북도 울진군,2023-06,506,6043,117069,35956.8,81112.1,12750024,2838501,9911523,합계
경상북도 울릉군,2023-06,272,2935,38331,11867.9,26463,7521629,1763980,5757649,합계
경상남도 창원시,2023-06,57937,1093549,11429047.5,5302852.9,6765726,1960018770,639930726,1320088044,합계
경상남도 진주시,2023-06,33764,789556,6618201.3,3278715.3,3348557.6,1143910950,401692189,742218761,합계
경상남도 통영시,2023-06,12547,295228,2604890.6,1135268.2,1472723.7,430276176,144670455,285605721,합계
경상남도 사천시,2023-06,11307,235067,2098090,846548.6,1251541.3,401522204,96712682,304809522,합계
경상남도 김해시,2023-06,12843,271625,2734803.7,1269234.9,1479334,485269694,160131318,325138376,합계
경상남도 밀양시,2023-06,6894,115031,1156119.1,426593.6,732224.3,209207019,49210233,159996786,합계
경상남도 거제시,2023-06,14716,374834,3184409,1642031.1,1542377.8,568666442,190429134,378237308,합계
경상남도 양산시,2023-06,6375,147035,1370724,649000.4,721723.5,250464636,77168388,173296248,합계
경상남도 의령군,2023-06,1229,6564,210551,60374.3,150176.6,20083529,5636661,14446868,합계
경상남도 함안군,2023-06,3061,28812,573579,188561.6,385017.3,82774201,18813271,63960930,합계
경상남도 창녕군,2023-06,3004,19578,552428,137679,414748.9,76168819,13428588,62740231,합계
경상남도 고성군,2023-06,2450,26518,448774,144213.9,304560,63807452,15728758,48078694,합계
경상남도 남해군,2023-06,907,10081,202537,52809.6,149727.3,28246244,4756455,23489789,합계
경상남도 하동군,2023-06,1672,7169,365045,66848.9,298196,34165152,5704227,28460925,합계
경상남도 산청군,2023-06,875,7361,170904,68600.7,102303.2,16008043,6027754,9980289,합계
경상남도 함양군,2023-06,2013,13521,358028,74926.2,283101.7,47277484,7073523,40203961,합계
경상남도 거창군,2023-06,3935,63879,693882,219290,474591.9,100869168,24916143,75953025,합계
경상남도 합천군,2023-06,1914,8658,381219,91818.8,289400.1,41231248,8682732,32548516,합계
제주특별자치도,2023-06,35492,768365,8252545.5,4626392.1,3730869.8,1243341254,545308015,698033239,합계
서울특별시,2023-07,1028389,14673736,207358334.3,119774656.8,164191350.1,34251294296,15925747197,18325547099,합계
부산광역시,2023-07,432580,6950161,73061425.9,39054376.4,34012110.5,13750299240,5458685445,8291613795,합계
대구광역시,2023-07,63966,1088222,11660923.6,5811169.2,5860961.7,2061595146,775509798,1286085348,합계
인천광역시,2023-07,266004,4048665,49421329.7,26217176.3,23461225.6,8816732429,3415561909,5401170520,합계
광주광역시,2023-07,119071,2410630,22495343.3,13034396.2,9558546.7,4060217231,1750580670,2309636561,합계
대전광역시,2023-07,120956,2372892,21078593.5,11912659.5,9175808.4,3987031759,1721334541,2265697218,합계
울산광역시,2023-07,128185,2342624,23783497.7,12081804,12910784.9,4111095739,1514431106,2596664633,합계
세종특별자치시,2023-07,8547,153710,2145988,1027210.7,1118777.2,308193169,107148938,201044231,합계
경기도 수원시,2023-07,62966,1093057,12001507.2,6734431.1,5335080.8,2199278554,918450885,1280827669,합계
경기도 성남시,2023-07,16076,273536,3711972.5,1906978.7,1806742.2,578313578,217899235,360414343,합계
경기도 의정부시,2023-07,3475,92122,936468,515036.8,421431.1,153565602,64190270,89375332,합계
경기도 안양시,2023-07,39133,683505,7803193,4039799.5,3763393.4,1393885219,524474628,869410591,합계
경기도 부천시,2023-07,23365,351113,3671712.8,1857094.9,1930366,723950368,278720204,445230164,합계
경기도 광명시,2023-07,4422,48038,932370,414187.9,518182,157700658,47114401,110586257,합계
경기도 평택시,2023-07,10244,201656,2575998.2,1313364.3,1836618.6,401764336,152026396,249737940,합계
경기도 동두천시,2023-07,2509,40301,500323.8,186023.9,378590,95031738,20707887,74323851,합계
경기도 안산시,2023-07,16949,364346,3412286,1909126.8,1503159.1,609460080,250254021,359206059,합계
경기도 고양시,2023-07,3172,45546,867349,428390.3,438958.6,142844270,44101791,98742479,합계
경기도 과천시,2023-07,2712,59196,678177,396239.8,281937.1,114505290,47022109,67483181,합계
경기도 구리시,2023-07,4193,91993,1190776,657151.2,533624.7,176026814,72882559,103144255,합계
경기도 남양주시,2023-07,17650,323299,3824082,2063539.6,1760542.3,646823835,240540885,406282950,합계
경기도 오산시,2023-07,1866,24750,412153,208544.1,203608.8,67482493,23611277,43871216,합계
경기도 시흥시,2023-07,29263,467166,5249447,2776164.3,2473282.6,958134320,350776020,607358300,합계
경기도 군포시,2023-07,1428,28478,342778,190779.6,151998.3,58120629,22275127,35845502,합계
경기도 의왕시,2023-07,1003,17859,199847,114984.2,84862.7,34655468,13804262,20851206,합계
경기도 하남시,2023-07,1145,22133,325959,180277.3,145681.6,47359185,19432435,27926750,합계
경기도 용인시,2023-07,40529,515011,8830166.2,4058897.5,5891114.4,1332575820,454310624,878265196,합계
경기도 파주시,2023-07,,,,,,,,,합계
경기도 이천시,2023-07,3737,85735,1001540,497271.9,504268,169368063,55297940,114070123,합계
경기도 안성시,2023-07,390,5743,98019,39455.9,58563,16358045,3905720,12452325,합계
경기도 김포시,2023-07,1265,22196,356658,210349,146308.9,56086171,20692519,35393652,합계
경기도 화성시,2023-07,6027,92819,1767044,855638.8,911405.1,263291582,88756566,174535016,합계
경기도 광주시,2023-07,1669,23239,385488,204504.7,180983.2,57305125,20097257,37207868,합계
경기도 양주시,2023-07,80,1542,18101,9624.7,8476.2,2579011,1007490,1571521,합계
경기도 포천시,2023-07,,,,,,,,,합계
경기도 여주시,2023-07,423,8382,100721,40962,59758.9,16705887,4424178,12281709,합계
경기도 연천군,2023-07,2,2,455,7.4,447.5,126252,89113,37139,합계
경기도 가평군,2023-07,2089,41160,625853,287843,338009.9,76374472,26067213,50307259,합계
경기도 양평군,2023-07,572,13884,170858.8,71600.1,103903.8,21630103,7153357,14476746,합계
강원특별자치도 춘천시,2023-07,33168,798783,5306678,2546214.5,2760463.4,1091516987,391075345,700441642,합계
강원특별자치도 원주시,2023-07,34511,783081,5817905.9,2917585.2,2999719.7,1122344006,396500626,725843380,합계
강원특별자치도 강릉시,2023-07,8900,205934,1685057,834931,850125.9,297335458,107852004,189483454,합계
강원특별자치도 동해시,2023-07,10347,223681,1605273,768530.1,836742.8,336021357,92692059,243329298,합계
강원특별자치도 태백시,2023-07,1966,49887,424331,169561.8,254769.1,69722422,17955909,51766513,합계
강원특별자치도 속초시,2023-07,13136,333815,2194242.1,1035354.6,1163177.3,429266504,143924641,285341863,합계
강원특별자치도 삼척시,2023-07,2784,75463,525697,220663.8,305033.1,108954274,27323612,81630662,합계
강원특별자치도 홍천군,2023-07,3239,47334,663344,174953.3,488390.6,123621848,17364875,106256973,합계
강원특별자치도 횡성군,2023-07,1227,18010,264427,90767.3,173659.6,45429510,8541896,36887614,합계
강원특별자치도 영월군,2023-07,2358,40871,445620,127009.8,318610.1,75626999,13678826,61948173,합계
강원특별자치도 평창군,2023-07,2704,28497,570626,214505.3,356120.6,57804849,16823501,40981348,합계
강원특별자치도 정선군,2023-07,4922,83624,1299523,517357.5,782165.4,167297713,40069569,127228144,합계
강원특별자치도 철원군,2023-07,2333,30122,426427,177213,249213.9,69232839,15254223,53978616,합계
강원특별자치도 화천군,2023-07,1252,17738,246691,99552.8,147138.1,39446432,8244247,31202185,합계
강원특별자치도 양구군,2023-07,1030,16226,290893,132029.6,158863.3,31153782,9978601,21175181,합계
강원특별자치도 인제군,2023-07,1210,14420,281557,104987.5,176569.4,35765074,7435920,28329154,합계
강원특별자치도 고성군,2023-07,1640,18713,378595,146709.3,231885.6,63299142,12770197,50528945,합계
강원특별자치도 양양군,2023-07,2214,38247,637947,316102.8,321844.1,85166757,23681776,61484981,합계
충청북도 청주시,2023-07,82290,1599639,15284903.1,8028264.5,7304521.4,2615171450,1134475222,1480696228,합계
충청북도 충주시,2023-07,23126,498822,4006879,1739676,2267202.9,730953588,233457700,497495888,합계
충청북도 제천시,2023-07,11099,201851,1811018.2,640204.6,1460279.3,322666718,86409138,236257580,합계
충청북도 보은군,2023-07,1802,10261,309575,81045.3,228529.6,42510939,8965383,33545556,합계
충청북도 옥천군,2023-07,3595,58784,590052,202362.6,387689.3,116394952,24869070,91525882,합계
충청북도 영동군,2023-07,2801,36638,512497,161332,351164.9,88930284,16520758,72409526,합계
충청북도 증평군,2023-07,2733,35434,514622,160738.9,353883,88398012,18247203,70150809,합계
충청북도 진천군,2023-07,2962,62209,795641.7,330618.2,466352.7,104273873,32253856,72020017,합계
충청북도 괴산군,2023-07,1387,10816,292479,103651.6,195989.3,33468715,10000088,23468627,합계
충청북도 음성군,2023-07,5639,100139,1497729,599687.3,898041.6,214457004,55079275,159377729,합계
충청북도 단양군,2023-07,436,6005,79962,25523.8,54438.1,12180387,2755731,9424656,합계
충청남도 천안시,2023-07,23998,500807,4712768.4,2533893.6,2182689.3,700665462,341261431,359404031,합계
충청남도 공주시,2023-07,1254,18037,247667,90656.4,157010.5,43462646,10004687,33457959,합계
충청남도 보령시,2023-07,7506,145916,1397862,608491.2,789370.7,268950584,70281551,198669033,합계
충청남도 아산시,2023-07,11017,232685,2645537.2,1322014.6,1422013.3,408673753,144044001,264629752,합계
충청남도 서산시,2023-07,2535,65481,560044.9,261574.9,314655,113284390,31610149,81674241,합계
충청남도 논산시,2023-07,1206,13833,206747,64938,141808.9,26808895,7329537,19479358,합계
충청남도 계룡시,2023-07,1491,28783,347190,152603.3,194586.6,52196299,16017392,36178907,합계
충청남도 당진시,2023-07,2667,50707,669323,260412.2,408910.7,95667207,25857914,69809293,합계
충청남도 금산군,2023-07,29,319,6220,1801,4418.9,1089677,196978,892699,합계
충청남도 부여군,2023-07,326,3250,64509,18534.5,45974.4,11502406,1840520,9661886,합계
충청남도 서천군,2023-07,463,4242,95608,25427.3,70180.6,14067953,2373924,11694029,합계
충청남도 청양군,2023-07,1500,7413,228425,55347.5,173077.4,44753941,4742701,40011240,합계
충청남도 홍성군,2023-07,2681,50454,527359,209612.6,317746.3,94841301,22835293,72006008,합계
충청남도 예산군,2023-07,1369,22062,299154,103924.5,195229.4,50020576,10075430,39945146,합계
충청남도 태안군,2023-07,1525,18212,299307,95517.1,203789.8,49894701,9132413,40762288,합계
전북특별자치도 전주시,2023-07,41723,1025922,7743538.4,4137254,3619397.9,1420109848,627985347,792124501,합계
전북특별자치도 군산시,2023-07,6931,159187,1354867.5,637107,721496.9,236446338,78647640,157798698,합계
전북특별자치도 익산시,2023-07,6244,137559,1165192,524881.7,640310.2,220351864,68960555,151391309,합계
전북특별자치도 정읍시,2023-07,7433,146536,1314649.3,495993.8,1170531.1,251191841,60853601,190338240,합계
전북특별자치도 남원시,2023-07,5144,89887,811097,284655.8,526441.1,167973517,35528654,132444863,합계
전북특별자치도 김제시,2023-07,5628,83557,888938.2,284906.3,609468.6,151192864,35247534,115945330,합계
전북특별자치도 완주군,2023-07,915,19323,184178,90683.5,93494.4,30120436,12267026,17853410,합계
전북특별자치도 진안군,2023-07,835,6282,179826,50776.9,129049,21814255,5580757,16233498,합계
전북특별자치도 무주군,2023-07,423,2666,75823,21420.4,54402.5,8819917,2445391,6374526,합계
전북특별자치도 장수군,2023-07,495,1527,103126,20530,82595.9,9566380,2244927,7321453,합계
전북특별자치도 임실군,2023-07,751,4822,151880,55315.5,96564.4,17457410,5113757,12343653,합계
전북특별자치도 순창군,2023-07,1053,7268,188539,58414.7,130124.2,25540822,6637548,18903274,합계
전북특별자치도 고창군,2023-07,252,3182,46197,12862.1,33334.8,7957182,1348735,6608447,합계
전북특별자치도 부안군,2023-07,246,3007,47548,14270.7,33277.2,6879966,1386344,5493622,합계
전라남도 목포시,2023-07,31384,747749,5713308,2568398.7,3144909.2,1008752102,390719671,618032431,합계
전라남도 여수시,2023-07,33194,864666,6732100.9,3641377.2,3093947.7,1130840791,466737053,664103738,합계
전라남도 순천시,2023-07,9353,258383,1993460.3,1034194.5,1181111.4,351596780,133236174,218360606,합계
전라남도 나주시,2023-07,28,107,4951,621.3,4329.6,387895,68427,319468,합계
전라남도 광양시,2023-07,8356,164749,1612282,739784.7,874245.2,306002102,85307269,220694833,합계
전라남도 담양군,2023-07,2064,15350,339160,109025.4,230134.5,52439653,10596595,41843058,합계
전라남도 곡성군,2023-07,204,673,45892,8088,37803.9,4352905,588335,3764570,합계
전라남도 구례군,2023-07,439,4371,78887,20115.7,58771.2,14207462,1765694,12441768,합계
전라남도 고흥군,2023-07,807,4746,156762,29114.6,127647.3,20268863,2990816,17278047,합계
전라남도 보성군,2023-07,1937,14842,376665,112521.5,264143.4,38221042,9494013,28727029,합계
전라남도 화순군,2023-07,1779,29897,310324,115766.8,194557.1,64623792,14372566,50251226,합계
전라남도 장흥군,2023-07,629,4905,144941,40428.6,104512.3,16052519,3511208,12541311,합계
전라남도 강진군,2023-07,,,,,,,,,합계
전라남도 해남군,2023-07,,,,,,,,,합계
전라남도 영암군,2023-07,341,2718,76914,21594.4,55319.5,5442195,1981977,3460218,합계
전라남도 무안군,2023-07,3582,53129,819448,308121.9,511326,107573269,31920985,75652284,합계
전라남도 함평군,2023-07,502,1694,93133,17645.2,75487.7,9677765,1529987,8147778,합계
전라남도 영광군,2023-07,2654,33740,541128,143982.2,397145.7,100259203,16104245,84154958,합계
전라남도 장성군,2023-07,2379,19520,423294,117232.2,306061.7,82967559,11165422,71802137,합계
전라남도 완도군,2023-07,2770,35678,529115,152466.6,376648.3,77369799,16893300,60476499,합계
전라남도 진도군,2023-07,1394,6124,273556,69927.9,203628,28612300,6543712,22068588,합계
전라남도 신안군,2023-07,1195,11559,236777,82947.3,153829.6,26761914,9174073,17587841,합계
경상북도 포항시,2023-07,41739,847378,7644858.8,3786614,3962173.9,1327827385,506324380,821503005,합계
경상북도 경주시,2023-07,25995,524443,5475296.6,2509651.3,2968171.6,855656586,283887951,571768635,합계
경상북도 김천시,2023-07,7222,122427,1321611,608192.2,713418.7,236097668,67150370,168947298,합계
경상북도 안동시,2023-07,4019,89331,787106.3,337913.5,450979.4,107255900,42253633,65002267,합계
경상북도 구미시,2023-07,1318,29519,280754,150387.6,130366.3,46192759,18427750,27765009,합계
경상북도 영주시,2023-07,7784,159362,1144785.9,432937.7,714467.2,227995727,62893302,165102425,합계
경상북도 영천시,2023-07,6406,118277,1100926,415800.4,685125.5,177149698,50605703,126543995,합계
경상북도 상주시,2023-07,6061,104856,822723,266647.6,556075.3,200974262,38900529,162073733,합계
경상북도 문경시,2023-07,,,,,,,,,합계
경상북도 경산시,2023-07,3652,54994,669841,311210.6,358630.3,116270411,37153400,79117011,합계
경상북도 의성군,2023-07,1761,9172,321869,67933.3,253935.6,41059840,6017830,35042010,합계
경상북도 청송군,2023-07,986,5302,177392,52715,124676.9,20436675,4773752,15662923,합계
경상북도 영양군,2023-07,786,3760,151455,47475.8,103979.1,17807674,4703681,13103993,합계
경상북도 영덕군,2023-07,1770,16466,301968,98393.5,203574.4,28621802,9195121,19426681,합계
경상북도 청도군,2023-07,1128,7470,176439,53071.2,123367.7,24717119,5152045,19565074,합계
경상북도 고령군,2023-07,169,1799,46564,12909.7,33654.2,6019584,1100127,4919457,합계
경상북도 성주군,2023-07,,,,,,,,,합계
경상북도 칠곡군,2023-07,218,4169,52912,21786.4,31125.5,8420369,2235771,6184598,합계
경상북도 예천군,2023-07,1324,11116,250124,59457.6,190666.3,32030216,5386653,26643563,합계
경상북도 봉화군,2023-07,1117,4145,197159,36219,160939.9,21429852,2955750,18474102,합계
경상북도 울진군,2023-07,532,6892,127031,39470.1,87560.8,15061181,3198283,11862898,합계
경상북도 울릉군,2023-07,217,2233,26709,8493.9,18215,5509487,1265856,4243631,합계
경상남도 창원시,2023-07,58833,1098942,11484435.4,5374608.9,6898363,1960145318,646949698,1313195620,합계
경상남도 진주시,2023-07,34754,755060,6556078,3129920.2,3426157.7,1160298516,385909701,774388815,합계
경상남도 통영시,2023-07,12639,281044,2556194.5,1079024.9,1478457,431432450,138655666,292776784,합계
경상남도 사천시,2023-07,11411,228569,2036964.3,813239.6,1318108.3,401704016,93515175,308188841,합계
경상남도 김해시,2023-07,17002,358772,3484392.9,1662582.4,1860043.5,621848366,211935617,409912749,합계
경상남도 밀양시,2023-07,7621,124848,1242436,465190.4,777245.5,229222211,53926887,175295324,합계
경상남도 거제시,2023-07,15003,386404,3256320,1692715.4,1563604.5,582857198,198094837,384762361,합계
경상남도 양산시,2023-07,6364,141069,1334846,618622.6,716223.3,241155163,74131100,167024063,합계
경상남도 의령군,2023-07,1218,6304,200856,57253.1,143602.8,19862206,5323255,14538951,합계
경상남도 함안군,2023-07,3148,29806,595991,198122.4,397868.5,86412930,19489447,66923483,합계
경상남도 창녕군,2023-07,3007,19563,543416,130074.7,413341.2,78344656,12952741,65391915,합계
경상남도 고성군,2023-07,2563,28875,466997,152032.5,314964.4,69353157,16700934,52652223,합계
경상남도 남해군,2023-07,759,7648,162507,39646.7,122860.2,23217625,3556794,19660831,합계
경상남도 하동군,2023-07,1705,6847,339795,60956.2,278838.7,33323232,5584753,27738479,합계
경상남도 산청군,2023-07,859,6850,150046,59983.9,90062,14624455,5197827,9426628,합계
경상남도 함양군,2023-07,2027,13915,345637,69957.1,275679.8,47399785,6795138,40604647,합계
경상남도 거창군,2023-07,4008,66221,681507,217256.5,464250.4,104450507,25347790,79102717,합계
경상남도 합천군,2023-07,2018,9665,374114,98776.5,275337.4,41881777,9749288,32132489,합계
제주특별자치도,2023-07,35934,788031,8292208.5,4684334.1,3624976.8,1268664636,550947642,717716994,합계
서울특별시,2023-08,727848,10388312,145653966.5,83504824.1,128611593.8,24160684958,11071348850,13089336108,합계
부산광역시,2023-08,430803,7165209,73231936.8,40067381.1,33203944.8,13793133978,5616943018,8176190960,합계
대구광역시,2023-08,207226,3096915,32883313.5,15886746.3,17041726.6,6296508866,2253112775,4043396091,합계
인천광역시,2023-08,298667,4710817,57156294.3,31534829.6,25883443.3,9976520852,3995870339,5980650513,합계
광주광역시,2023-08,157605,3186743,28910543.2,17071055.8,12013415.1,5337990812,2323296666,3014694146,합계
대전광역시,2023-08,161470,3147821,27450432.2,15640591.4,12434366.5,5302866625,2287473552,3015393073,합계
울산광역시,2023-08,126599,2333976,23259985.1,11934362.2,12504941.7,4089067716,1485216728,2603850988,합계
세종특별자치시,2023-08,8568,160448,2151862,1053664.6,1098197.3,314147235,109977842,204169393,합계
경기도 수원시,2023-08,90872,1612118,17060979.4,9924411.6,7640565.3,3115379838,1363451122,1751928716,합계
경기도 성남시,2023-08,32107,549159,6944488,3665736.7,3278751.2,1126007525,430641029,695366496,합계
경기도 의정부시,2023-08,7189,178515,1862837,971645.9,891191,318731583,123601334,195130249,합계
경기도 안양시,2023-08,46383,787560,8869294,4598593.6,4284848.3,1628111839,600805590,1027306249,합계
경기도 부천시,2023-08,46611,718492,7599176,3901235.9,3900292,1477517220,572293455,905223765,합계
경기도 광명시,2023-08,8622,92044,1635232.5,742629.7,941848.2,287141106,89446888,197694218,합계
경기도 평택시,2023-08,16456,308082,3601768.7,1829591.2,2641650.7,596320384,222003274,374317110,합계
경기도 동두천시,2023-08,3987,75166,774346,318012.4,456333.5,154168635,36758901,117409734,합계
경기도 안산시,2023-08,33740,695224,6094875,3459493.8,2635381.1,1136595557,474130921,662464636,합계
경기도 고양시,2023-08,17603,255314,3947933,2086078.9,1861854,669560827,233939810,435621017,합계
경기도 과천시,2023-08,3261,67195,776363,440178.9,336184,133211611,53073251,80138360,합계
경기도 구리시,2023-08,9646,171218,2119917.4,1148430.2,974518.7,342696530,134796017,207900513,합계
경기도 남양주시,2023-08,23749,419053,4854703.9,2628812.8,2237158.1,837085904,307934072,529151832,합계
경기도 오산시,2023-08,4153,57557,862966,435858.2,427107.7,146229750,52838637,93391113,합계
경기도 시흥시,2023-08,30837,501940,5570459,3007466.1,2562992.8,1012907480,376894207,636013273,합계
경기도 군포시,2023-08,7445,115024,1296324,679417.8,616906.1,241812312,88458394,153353918,합계
경기도 의왕시,2023-08,1394,22423,255805,142316.6,113488.3,45692923,17620579,28072344,합계
경기도 하남시,2023-08,2620,42680,580311,302306.4,278004.5,93268138,35333279,57934859,합계
경기도 용인시,2023-08,41445,609352,8902934.4,4853287.8,4867084.1,1359809597,544872496,814937101,합계
경기도 파주시,2023-08,6806,124793,1978660,1006967.1,971692.8,294606963,97739624,196867339,합계
경기도 이천시,2023-08,5763,114491,1369086,666213.5,702872.4,234933835,74830799,160103036,합계
경기도 안성시,2023-08,3017,43899,658245,274100.2,384144.7,103452381,28945459,74506922,합계
경기도 김포시,2023-08,2653,45612,759435,426333.5,333101.4,118581338,41915283,76666055,합계
경기도 화성시,2023-08,7881,118582,2153596,1057333.9,1096262,323030960,112507970,210522990,합계
경기도 광주시,2023-08,5439,82799,1197100.6,625363.1,579256.8,189486512,67445159,122041353,합계
경기도 양주시,2023-08,774,12410,177370,78941.3,98428.6,28476129,8585065,19891064,합계
경기도 포천시,2023-08,879,14852,226529,95236,131292.9,35710159,9237746,26472413,합계
경기도 여주시,2023-08,2280,40813,498395,209227.7,289167.2,84081013,22658216,61422797,합계
경기도 연천군,2023-08,216,2816,62810,18221.4,44588.5,8351090,1365782,6985308,합계
경기도 가평군,2023-08,4088,82175,1160962,560956.6,600005.3,143660236,51458064,92202172,합계
경기도 양평군,2023-08,2512,46474,614194.1,256268.3,359764.6,81533478,25791886,55741592,합계
강원특별자치도 춘천시,2023-08,33631,813280,5416715,2599891.6,2816823.3,1117198330,398752609,718445721,합계
강원특별자치도 원주시,2023-08,35262,828758,5953859.6,3081573.6,3142747.3,1160951163,417107958,743843205,합계
강원특별자치도 강릉시,2023-08,9145,218055,1789492.8,920231,938574.9,312241150,119564629,192676521,합계
강원특별자치도 동해시,2023-08,10231,221170,1592584.6,771001.9,848164,331757637,93001663,238755974,합계
강원특별자치도 태백시,2023-08,1909,48705,414710,167740.8,246969.1,67068178,17781542,49286636,합계
강원특별자치도 속초시,2023-08,13134,349175,2209194,1109158.5,1100035.4,423559526,157948501,265611025,합계
강원특별자치도 삼척시,2023-08,2634,71765,503909,215232.3,288676.6,104507289,26480418,78026871,합계
강원특별자치도 홍천군,2023-08,3359,45157,699022,168705.7,530316.2,126459964,16697611,109762353,합계
강원특별자치도 횡성군,2023-08,1216,18638,273214,93577.8,179636.1,45239886,8741124,36498762,합계
강원특별자치도 영월군,2023-08,2188,40816,430315,127808.7,302506.2,71850363,13849595,58000768,합계
강원특별자치도 평창군,2023-08,2666,30386,598094,229534,368559.9,61530760,18230737,43300023,합계
강원특별자치도 정선군,2023-08,5044,92016,1337112,546375.2,790736.7,173831667,43782198,130049469,합계
강원특별자치도 철원군,2023-08,2338,31558,442421,188147,254273.9,70901960,16215357,54686603,합계
강원특별자치도 화천군,2023-08,1258,18150,252594,102882.3,149711.6,40854598,8562847,32291751,합계
강원특별자치도 양구군,2023-08,996,16612,286768,131170.6,155597.3,30964470,10156701,20807769,합계
강원특별자치도 인제군,2023-08,1171,14227,291390,107248.3,184141.6,34651035,7667590,26983445,합계
강원특별자치도 고성군,2023-08,1651,19327,383379,149976.8,233402.1,62902819,13532699,49370120,합계
강원특별자치도 양양군,2023-08,2211,44896,756666,422195.6,334470.3,88240662,30851184,57389478,합계
충청북도 청주시,2023-08,79245,1542878,14622015.1,7667448.4,6968142.5,2551532834,1075697317,1475835517,합계
충청북도 충주시,2023-08,23380,512854,4085442,1804152.2,2281289.7,753000006,238093412,514906594,합계
충청북도 제천시,2023-08,10988,195591,1792046.1,623121.7,1314909.2,326682473,83754056,242928417,합계
충청북도 보은군,2023-08,1874,12300,336694,101470.1,235223.8,46616290,10826211,35790079,합계
충청북도 옥천군,2023-08,3658,59102,570364,202011.6,368352.3,120045361,24802728,95242633,합계
충청북도 영동군,2023-08,2840,39870,513559,172449.3,341109.6,93245725,17872380,75373345,합계
충청북도 증평군,2023-08,2878,37510,523507.8,167309.9,357735,95307872,18859906,76447966,합계
충청북도 진천군,2023-08,2896,61757,781509,330579.6,456917.3,104576527,31800804,72775723,합계
충청북도 괴산군,2023-08,1434,13829,322411,126319.4,196091.5,36507093,12023948,24483145,합계
충청북도 음성군,2023-08,5635,104679,1472265.6,612327.4,877040.5,217435768,55974749,161461019,합계
충청북도 단양군,2023-08,424,6077,79404,27642.3,51761.6,12229205,3006661,9222544,합계
충청남도 천안시,2023-08,28097,601925,5555129,3059869.9,2495259,888571160,412355524,476215636,합계
충청남도 공주시,2023-08,1246,19230,257857,94482.1,163374.8,46944241,10207359,36736882,합계
충청남도 보령시,2023-08,7618,155151,1463905,668085.9,795819,281094525,74848820,206245705,합계
충청남도 아산시,2023-08,24745,495419,5354531.6,2807778.9,2547960,863057101,309729309,553327792,합계
충청남도 서산시,2023-08,2515,63978,548500.8,250969.9,474821,112173287,30437216,81736071,합계
충청남도 논산시,2023-08,1203,14882,203333,68572.2,134760.7,29417984,7843535,21574449,합계
충청남도 계룡시,2023-08,1492,29927,345297,153143.8,192153.1,53091283,16414775,36676508,합계
충청남도 당진시,2023-08,2656,50228,674596,263569.2,411026.7,95822796,25584693,70238103,합계
충청남도 금산군,2023-08,29,379,5677,1682.6,3994.3,1137325,200311,937014,합계
충청남도 부여군,2023-08,286,3037,59814,19056,40757.9,10508835,1872171,8636664,합계
충청남도 서천군,2023-08,448,4508,92593,24966.1,67626.8,13634585,2342721,11291864,합계
충청남도 청양군,2023-08,1490,7174,224105,52171.1,171933.8,44745490,4632276,40113214,합계
충청남도 홍성군,2023-08,2713,53807,536218,219677.9,316540,98972234,24200664,74771570,합계
충청남도 예산군,2023-08,1400,22389,291066.6,99920.8,193731.1,50905992,9865722,41040270,합계
충청남도 태안군,2023-08,1499,18737,315498,104477.1,211020.8,50655022,9672449,40982573,합계
전북특별자치도 전주시,2023-08,60072,1347770,10427505.4,5396569.2,5046006.7,1989771559,820518932,1169252627,합계
전북특별자치도 군산시,2023-08,26031,524143,4653225,2006740.4,2646484.5,854692598,260875972,593816626,합계
전북특별자치도 익산시,2023-08,6398,137675,1179033,525576.8,653456.1,233785677,68350732,165434945,합계
전북특별자치도 정읍시,2023-08,11235,186355,1842196.5,642541.1,1439565.8,374106482,78368748,295737734,합계
전북특별자치도 남원시,2023-08,673,9989,109589,35567.1,74021.8,24556599,3826469,20730130,합계
전북특별자치도 김제시,2023-08,3415,35606,518090,155852.9,362237,90768544,17688289,73080255,합계
전북특별자치도 완주군,2023-08,758,13775,150796,67094.7,83701.2,25904861,8639422,17265439,합계
전북특별자치도 진안군,2023-08,844,6786,186999,61886.6,125112.3,23161494,6186079,16975415,합계
전북특별자치도 무주군,2023-08,436,3036,77862,24206.5,53655.4,9302045,2841779,6460266,합계
전북특별자치도 장수군,2023-08,546,2631,119308,29695.1,89612.8,10957124,3045157,7911967,합계
전북특별자치도 임실군,2023-08,810,5498,153808,56955.6,96852.3,18575675,5323841,13251834,합계
전북특별자치도 순창군,2023-08,524,3381,92383,26140.9,66242,13521023,3131498,10389525,합계
전북특별자치도 고창군,2023-08,252,3292,47721,13355.6,34365.3,8323070,1370321,6952749,합계
전북특별자치도 부안군,2023-08,31,337,10775,3964.9,6810,809877,261147,548730,합계
전라남도 목포시,2023-08,31670,776190,5800788,2645224.4,3157042.5,1035984879,403068147,632916732,합계
전라남도 여수시,2023-08,31520,845019,6390039.4,3546577.1,2846565.8,1081511840,459322034,622189806,합계
전라남도 순천시,2023-08,9267,262837,1972447,1049718.4,922728.5,351929865,135066921,216862944,합계
전라남도 나주시,2023-08,33,116,6085,772.9,5312,493863,84923,408940,합계
전라남도 광양시,2023-08,8288,164597,1591709,740816.2,850892.7,301655024,85248573,216406451,합계
전라남도 담양군,2023-08,2105,17044,348054,116278.8,231775.1,55907122,11696216,44210906,합계
전라남도 곡성군,2023-08,195,660,41030,6706.5,34323.4,4585500,526434,4059066,합계
전라남도 구례군,2023-08,454,4610,82496,21448,61047.9,15176484,1895370,13281114,합계
전라남도 고흥군,2023-08,841,4757,164304,29339.9,134964,20404055,3154418,17249637,합계
전라남도 보성군,2023-08,1921,14722,370594,112290.1,258303.8,38072361,9499975,28572386,합계
전라남도 화순군,2023-08,1769,30217,312259,120194.3,192064.6,63444056,14883849,48560207,합계
전라남도 장흥군,2023-08,621,4866,138195,39712.6,98482.3,16756585,3568824,13187761,합계
전라남도 강진군,2023-08,,,,,,,,,합계
전라남도 해남군,2023-08,,,,,,,,,합계
전라남도 영암군,2023-08,309,2536,67590,20975.1,46614.8,5212190,1874671,3337519,합계
전라남도 무안군,2023-08,3564,54065,805217,307748.3,497468.6,109033452,32430785,76602667,합계
전라남도 함평군,2023-08,464,1604,93837,16184.6,77652.3,9066590,1348815,7717775,합계
전라남도 영광군,2023-08,2707,33206,544012,146110.7,397901.2,103771355,15879171,87892184,합계
전라남도 장성군,2023-08,2401,20747,435757,127958,307798.9,84615542,11984180,72631362,합계
전라남도 완도군,2023-08,2794,36649,532448,155015.5,377432.4,82099898,17251881,64848017,합계
전라남도 진도군,2023-08,1460,7379,305639,79164.1,226474.8,32474305,7261930,25212375,합계
전라남도 신안군,2023-08,1215,11928,246878,85884.9,160993,28343131,9751457,18591674,합계
경상북도 포항시,2023-08,52271,1043761,9423503.1,4739364,4829804.9,1652865625,632085164,1020780461,합계
경상북도 경주시,2023-08,26194,534864,5506401.5,2587403,2929587.9,871174809,292880380,578294429,합계
경상북도 김천시,2023-08,2713,46709,530676.5,234832.9,297688,94685361,25386936,69298425,합계
경상북도 안동시,2023-08,4090,90847,796008,343930.1,452077.8,110836517,42809985,68026532,합계
경상북도 구미시,2023-08,4947,122520,1076644,593384.9,483259,184281444,74878392,109403052,합계
경상북도 영주시,2023-08,7274,144162,1068748,401123.3,667624.6,217802087,57080194,160721893,합계
경상북도 영천시,2023-08,6424,118257,1094204,418567.4,675636.5,179634181,51501747,128132434,합계
경상북도 상주시,2023-08,6012,100144,796187,257553.6,538633.3,198427288,37065810,161361478,합계
경상북도 문경시,2023-08,,,,,,,,,합계
경상북도 경산시,2023-08,3625,59117,692038,332509,359528.9,120402325,39454506,80947819,합계
경상북도 의성군,2023-08,1742,9645,317480,67630,249849.9,41833008,6234688,35598320,합계
경상북도 청송군,2023-08,980,5481,177231,52170.3,125060.6,20401029,4750380,15650649,합계
경상북도 영양군,2023-08,801,3936,160687,50868.6,109818.3,19342223,4954914,14387309,합계
경상북도 영덕군,2023-08,1775,17113,316732,107712.5,209019.4,29892397,9892528,19999869,합계
경상북도 청도군,2023-08,1122,7997,171898,50654.5,121243.4,25262448,5155040,20107408,합계
경상북도 고령군,2023-08,190,1790,51346,15958.6,35387.3,6681127,1256251,5424876,합계
경상북도 성주군,2023-08,,,,,,,,,합계
경상북도 칠곡군,2023-08,211,4520,50613,21319.4,29293.5,8117408,2180909,5936499,합계
경상북도 예천군,2023-08,1359,11664,250522,63745.2,186776.8,33922622,5578495,28344127,합계
경상북도 봉화군,2023-08,1056,3925,198969,36709.3,162259.6,21968964,2797906,19171058,합계
경상북도 울진군,2023-08,552,7130,135925,40702.1,95222.8,16642427,3284331,13358096,합계
경상북도 울릉군,2023-08,,,,,,,,,합계
경상남도 창원시,2023-08,58988,1172411,11368888,5656667.2,6251290.7,1970055814,679329770,1290726044,합계
경상남도 진주시,2023-08,34465,758975,6440181,3102424.2,3337756.7,1163937707,383607171,780330536,합계
경상남도 통영시,2023-08,13244,295083,2639994.6,1122451.9,1567292,452880575,145023671,307856904,합계
경상남도 사천시,2023-08,11386,238885,2051304.6,838705,1314154.9,401048054,97286140,303761914,합계
경상남도 김해시,2023-08,18290,388531,3669257.2,1789213.4,2503936.5,662631059,227020333,435610726,합계
경상남도 밀양시,2023-08,7611,126189,1230357,465625.7,764731.2,230435113,54832069,175603044,합계
경상남도 거제시,2023-08,14963,382230,3238804,1678457.6,1560346.3,579017734,195560160,383457574,합계
경상남도 양산시,2023-08,6509,147690,1333903,634817.6,699085.3,249851256,76826363,173024893,합계
경상남도 의령군,2023-08,1143,5996,186423,51356.7,135066.2,19080444,4641998,14438446,합계
경상남도 함안군,2023-08,3100,29992,570698,193460.6,377237.3,86615527,19340836,67274691,합계
경상남도 창녕군,2023-08,3208,24453,555137,156020.3,399116.6,84411420,15024986,69386434,합계
경상남도 고성군,2023-08,2582,30482,461811,158830.5,302980.4,73027451,16858894,56168557,합계
경상남도 남해군,2023-08,280,2766,57561,14649,42911.9,8667668,1305072,7362596,합계
경상남도 하동군,2023-08,1681,7389,353838,64801.4,289036.5,35111011,5464408,29646603,합계
경상남도 산청군,2023-08,1346,12801,272053,109539.1,162513.8,25084230,9417986,15666244,합계
경상남도 함양군,2023-08,2186,17055,371960,92785.5,279174.4,53269445,9158373,44111072,합계
경상남도 거창군,2023-08,3993,66564,691682,228355,463326.9,107010971,26139596,80871375,합계
경상남도 합천군,2023-08,1925,8455,364431,88577.2,275853.7,41427409,8561009,32866400,합계
제주특별자치도,2023-08,34687,775845,8128090.3,4708215.6,3436234.3,1244967213,556508238,688458975,합계
서울특별시,2023-09,826285,11989302,168081892.8,101683857.1,119682807.8,27036135939,13800495570,13235640369,합계
부산광역시,2023-09,413379,6853855,70702136.1,38994060.9,31708980,13151393203,5482062787,7669330416,합계
대구광역시,2023-09,208777,3242469,33940118.9,17103721.8,16896383.1,6377961095,2459360669,3918600426,합계
인천광역시,2023-09,286115,4537612,54822384.4,31100699,24024454.9,9504339481,4033324509,5471014972,합계
광주광역시,2023-09,150424,3104701,28250718.5,17178239.9,11233957,5109780525,2367329869,2742450656,합계
대전광역시,2023-09,156869,3104214,26960930.9,15738896.8,11774091.1,5105770734,2338533374,2767237360,합계
울산광역시,2023-09,122861,2310446,23049768.2,12098959.9,11948271,3965174372,1528906691,2436267681,합계
세종특별자치시,2023-09,8295,159614,2144680,1058331.8,1086348.1,301600867,110274868,191325999,합계
경기도 수원시,2023-09,90174,1611127,17243860.1,10317151.2,7127528.7,3088642153,1433089485,1655552668,합계
경기도 성남시,2023-09,47440,816243,9975107.6,5428002.3,4549283.6,1611037616,654182392,956855224,합계
경기도 의정부시,2023-09,13964,306045,3185423.8,1664958,1648214.9,546630717,219637241,326993476,합계
경기도 안양시,2023-09,44830,795470,8792917,4817556.4,3986085.5,1572837037,637613095,935223942,합계
경기도 부천시,2023-09,46984,737116,7770318.4,4130462.6,3767280.3,1488661197,611090521,877570676,합계
경기도 광명시,2023-09,19835,228182,3601917.5,1776396.6,1956729.3,628564468,223113288,405451180,합계
경기도 평택시,2023-09,27708,498155,5689809.5,2985447.1,3373008.8,950346964,372871468,577475496,합계
경기도 동두천시,2023-09,5783,114985,1136091,489297.3,646793.6,216788160,57952159,158836001,합계
경기도 안산시,2023-09,39559,816276,7298980.1,4138785.2,3217673.7,1330503827,572403909,758099918,합계
경기도 고양시,2023-09,51457,730304,10119987.2,5794620.7,4338732.2,1737903720,673963329,1063940391,합계
경기도 과천시,2023-09,6114,112803,1268766.3,724330.8,575961.1,216364575,91922047,124442528,합계
경기도 구리시,2023-09,16168,269095,3273851.3,1793936.3,1498031.6,534935174,217307468,317627706,합계
경기도 남양주시,2023-09,24786,433862,5129234,2816614.3,2312619.6,858846721,330780410,528066311,합계
경기도 오산시,2023-09,15335,227312,2913316,1530595.4,1382720.5,497954040,199665057,298288983,합계
경기도 시흥시,2023-09,29885,493912,5499921,3013481.5,2486439.4,982272232,381196144,601076088,합계
경기도 군포시,2023-09,13141,206916,2287899.1,1247802.9,1047645,417136436,165111597,252024839,합계
경기도 의왕시,2023-09,1793,28209,316226.8,180595.1,139046.8,55731328,22701882,33029446,합계
경기도 하남시,2023-09,7061,105682,1368445,709862.4,658582.5,226938417,87098211,139840206,합계
경기도 용인시,2023-09,39142,582812,8451202.3,4690085.7,4685092.2,1271238280,542243881,728994399,합계
경기도 파주시,2023-09,16959,293161,4454990,2280821.4,2174168.5,658487349,227888330,430599019,합계
경기도 이천시,2023-09,8757,161837,2017762,971371.2,1046390.7,329911479,110320960,219590519,합계
경기도 안성시,2023-09,9029,138806,1998721,876345.3,1122375.6,293853165,94034409,199818756,합계
경기도 김포시,2023-09,5968,91902,1526495.8,819047.1,782375.8,225325884,84073608,141252276,합계
경기도 화성시,2023-09,19974,298661,4957853,2640788.4,2318939.5,703415132,294446190,408968942,합계
경기도 광주시,2023-09,9021,137155,1947959.5,1035388.5,914932.4,303884366,115649047,188235319,합계
경기도 양주시,2023-09,2652,42175,603786.6,285329.4,322648.5,88238900,32020637,56218263,합계
경기도 포천시,2023-09,2716,46402,704236.6,305325.9,428393,98265243,30838514,67426729,합계
경기도 여주시,2023-09,3838,69743,876295,378926,497368.9,134535891,40668307,93867584,합계
경기도 연천군,2023-09,633,9124,188045.2,66689.3,124321.6,20676975,5357965,15319010,합계
경기도 가평군,2023-09,3731,67544,938716,423424.2,515291.7,122866673,38087887,84778786,합계
경기도 양평군,2023-09,4577,79384,1084662.2,454720.3,642552.6,139261692,45697463,93564229,합계
강원특별자치도 춘천시,2023-09,32030,822343,5253190.4,2641770.5,2778705.4,1054321452,415823196,638498256,합계
강원특별자치도 원주시,2023-09,33811,839587,6002668.8,3233621.2,2970614.7,1105859442,441031637,664827805,합계
강원특별자치도 강릉시,2023-09,14444,328293,2497852.4,1248793,1413538.9,449814620,169479049,280335571,합계
강원특별자치도 동해시,2023-09,9782,217667,1537164.6,750899.7,806575.2,314844112,91198934,223645178,합계
강원특별자치도 태백시,2023-09,2379,60346,492000,207919.8,284080.1,78896726,21931996,56964730,합계
강원특별자치도 속초시,2023-09,12436,302075,2040640,952347.9,1088292,387897715,129506743,258390972,합계
강원특별자치도 삼척시,2023-09,4322,121597,759647.3,336243.1,464772.8,158424367,42660156,115764211,합계
강원특별자치도 홍천군,2023-09,3295,44582,683495,166668.2,516826.7,120175949,16623934,103552015,합계
강원특별자치도 횡성군,2023-09,1138,17287,260019,89436.5,170582.4,40553273,8462634,32090639,합계
강원특별자치도 영월군,2023-09,2109,40693,409741,123406.1,286334.8,67616314,13510930,54105384,합계
강원특별자치도 평창군,2023-09,2547,30404,587234,224231.1,363002.8,57331816,17430204,39901612,합계
강원특별자치도 정선군,2023-09,4830,78642,1253400,494662,758737.9,161771136,38708075,123063061,합계
강원특별자치도 철원군,2023-09,2239,31684,454630,194161.2,260468.7,67812715,16664664,51148051,합계
강원특별자치도 화천군,2023-09,1204,17925,256385,105206,151178.9,38855577,8604046,30251531,합계
강원특별자치도 양구군,2023-09,999,15956,295942,135086.4,160855.5,30461990,10355541,20106449,합계
강원특별자치도 인제군,2023-09,1172,13409,283888.3,105677.5,188032.4,34148267,7495616,26652651,합계
강원특별자치도 고성군,2023-09,1613,18242,374450,142736.7,231713.2,60155672,12130477,48025195,합계
강원특별자치도 양양군,2023-09,1989,26729,457065,204366.1,252698.8,66700828,16005763,50695065,합계
충청북도 청주시,2023-09,77666,1496388,14344875.6,7721967.8,6670621.1,2475854867,1086824371,1389030496,합계
충청북도 충주시,2023-09,22378,490830,3963205,1810229.2,2152975.7,714598353,238114263,476484090,합계
충청북도 제천시,2023-09,10621,194042,1784112.8,637831.3,1151711.6,311189639,85676589,225513050,합계
충청북도 보은군,2023-09,1897,13949,338210,116835.5,221374.4,44486580,11976348,32510232,합계
충청북도 옥천군,2023-09,3547,55812,567646,198847.1,368798.8,115587627,24364478,91223149,합계
충청북도 영동군,2023-09,2790,38498,525344,188007.8,337336.1,87093302,18430565,68662737,합계
충청북도 증평군,2023-09,2764,37028,523612,172380.5,351231.4,91083560,19626861,71456699,합계
충청북도 진천군,2023-09,2871,60611,785230.7,339121.2,451135.7,105310327,32695606,72614721,합계
충청북도 괴산군,2023-09,1376,17634,319679,133897.2,185781.7,35568781,13361030,22207751,합계
충청북도 음성군,2023-09,5459,110953,1522558,658856.1,863701.9,211702991,60540402,151162589,합계
충청북도 단양군,2023-09,1578,13917,263852.1,69414.1,473296.8,45544095,6897455,38646640,합계
충청남도 천안시,2023-09,37926,814877,7346931.3,4098816.9,3277426,1270116712,577949048,692167664,합계
충청남도 공주시,2023-09,1222,20573,272845,108051.3,164793.6,45011264,11747927,33263337,합계
충청남도 보령시,2023-09,7109,129421,1234097,529492.9,704604,254057591,61914773,192142818,합계
충청남도 아산시,2023-09,23894,472598,5231212,2742028.3,2489183.6,850186550,304820814,545365736,합계
충청남도 서산시,2023-09,2435,61545,552689.7,255150.5,361782.4,109836495,30273428,79563067,합계
충청남도 논산시,2023-09,3599,60042,657914,275749.9,382164,122780079,31925110,90854969,합계
충청남도 계룡시,2023-09,1478,30135,351697,159663.1,192033.8,51324937,17119261,34205676,합계
충청남도 당진시,2023-09,2598,50049,693851,275021.5,418829.4,95381692,26710111,68671581,합계
충청남도 금산군,2023-09,30,352,6153,2074.1,4078.8,1057984,224048,833936,합계
충청남도 부여군,2023-09,129,1405,28195,9091.2,19103.7,4789026,868564,3920462,합계
충청남도 서천군,2023-09,431,4909,94297,27907.7,66389.2,12772140,2631499,10140641,합계
충청남도 청양군,2023-09,1491,9678,247339,67299.1,180039.8,46772507,6218071,40554436,합계
충청남도 홍성군,2023-09,2686,53672,540295,224005.1,316289.8,101094363,24238575,76855788,합계
충청남도 예산군,2023-09,1366,23704,298999,108336.8,190662.1,51348023,10880191,40467832,합계
충청남도 태안군,2023-09,1411,16455,273147,90378.4,182768.5,45733146,8485898,37247248,합계
전북특별자치도 전주시,2023-09,60309,1374519,10557339,5639795,4917543.9,1988918037,869360574,1119557463,합계
전북특별자치도 군산시,2023-09,27060,558126,4917871.8,2202619.3,2727853.6,878130811,288445044,589685767,합계
전북특별자치도 익산시,2023-09,6174,141374,1198470,559359.5,639110.4,226132988,72717487,153415501,합계
전북특별자치도 정읍시,2023-09,10567,180413,1805540.5,642551.2,1408857.7,344461194,78479652,265981542,합계
전북특별자치도 남원시,2023-09,2246,34627,377165,127638.6,249526.3,76949328,14354811,62594517,합계
전북특별자치도 김제시,2023-09,3105,32936,495289,154033.4,341255.5,81128038,17424915,63703123,합계
전북특별자치도 완주군,2023-09,1119,20318,229113,107595.7,177261.2,38619062,13546649,25072413,합계
전북특별자치도 진안군,2023-09,811,6090,188374,52845.8,135528.1,21954538,5056603,16897935,합계
전북특별자치도 무주군,2023-09,440,3253,79010,27066.5,51943.4,9305267,2560172,6745095,합계
전북특별자치도 장수군,2023-09,630,3005,134704,32907.1,101796.8,12633456,3419525,9213931,합계
전북특별자치도 임실군,2023-09,805,6523,167038,68663.2,98374.7,18534686,6301950,12232736,합계
전북특별자치도 순창군,2023-09,13,38,2048,362.2,1685.7,306361,115759,190602,합계
전북특별자치도 고창군,2023-09,248,3460,51554,16015.8,35538.1,7983510,1517568,6465942,합계
전북특별자치도 부안군,2023-09,17,116,5366,1906.5,3459.4,372576,108677,263899,합계
전라남도 목포시,2023-09,30176,748620,5603884.6,2620135,2986230.9,978582188,399298703,579283485,합계
전라남도 여수시,2023-09,31647,810647,6290523,3391726.6,2902777.3,1079891813,436961617,642930196,합계
전라남도 순천시,2023-09,9107,261566,2006728.8,1074610,942688.9,349622839,140536127,209086712,합계
전라남도 나주시,2023-09,39,189,7848,1366.8,6481.1,742386,145058,597328,합계
전라남도 광양시,2023-09,7888,153406,1521959,703493.9,818465,283949965,80341307,203608658,합계
전라남도 담양군,2023-09,1975,16321,342598,116863.2,225734.7,53428679,12024659,41404020,합계
전라남도 곡성군,2023-09,199,744,46174,8907.5,37266.4,4700806,693358,4007448,합계
전라남도 구례군,2023-09,445,4526,86216,21731.2,64484.7,14239505,1975535,12263970,합계
전라남도 고흥군,2023-09,743,4515,168128,30688.9,137439,20032314,3129699,16902615,합계
전라남도 보성군,2023-09,1866,15427,402127,125902.4,276224.5,39554125,10498272,29055853,합계
전라남도 화순군,2023-09,2520,46318,438405,177506.1,260898.8,90954483,20946450,70008033,합계
전라남도 장흥군,2023-09,618,5139,155776,43214.8,112561.1,16937885,3902253,13035632,합계
전라남도 강진군,2023-09,,,,,,,,,합계
전라남도 해남군,2023-09,1223,18874,306695,97306.9,209388,36566157,8894379,27671778,합계
전라남도 영암군,2023-09,321,2754,76454,21802.8,54651.1,5663121,2011822,3651299,합계
전라남도 무안군,2023-09,3406,54446,819569,319985.4,499583.5,105424228,33218878,72205350,합계
전라남도 함평군,2023-09,455,1789,93629,17566.6,76062.3,9005166,1600909,7404257,합계
전라남도 영광군,2023-09,1799,14707,375102,94500.1,280601.8,63960183,9948127,54012056,합계
전라남도 장성군,2023-09,2303,20748,444472,129953.4,314518.5,80717312,12314328,68402984,합계
전라남도 완도군,2023-09,2391,32398,462621,134859.7,327761.2,66888839,14410129,52478710,합계
전라남도 진도군,2023-09,1437,7217,351708,79864.9,271843,34649708,6768627,27881081,합계
전라남도 신안군,2023-09,1180,11523,240816,84200.8,156615.1,27046009,9109341,17936668,합계
경상북도 포항시,2023-09,50355,970446,9064095.9,4488390.5,4722035.4,1578855477,598186935,980668542,합계
경상북도 경주시,2023-09,25664,498331,5085304,2311324.4,2773979.5,832601057,262930307,569670750,합계
경상북도 김천시,2023-09,,,,,,,,,합계
경상북도 안동시,2023-09,3093,71490,580848,274810.2,306037.7,100447945,33913722,66534223,합계
경상북도 구미시,2023-09,5000,123178,1093358,612113.1,481244.8,185785676,76998369,108787307,합계
경상북도 영주시,2023-09,2687,49741,433027.1,162198.4,272769.5,84997831,21476783,63521048,합계
경상북도 영천시,2023-09,6246,112352,1071016,427934.4,643081.5,171360123,51708964,119651159,합계
경상북도 상주시,2023-09,5242,83636,699616,234998.4,464617.5,173231555,33481590,139749965,합계
경상북도 문경시,2023-09,,,,,,,,,합계
경상북도 경산시,2023-09,3525,61373,735101,365807,369293.9,119906790,42804482,77102308,합계
경상북도 의성군,2023-09,1899,12144,383762,92527.7,291234.2,45330019,8379259,36950760,합계
경상북도 청송군,2023-09,990,7288,185692,69092.3,116599.6,20588962,5991986,14596976,합계
경상북도 영양군,2023-09,814,5427,174619,67012,107606.9,19263978,6086413,13177565,합계
경상북도 영덕군,2023-09,1705,17990,297435,109893.4,187541.5,27828781,9962217,17866564,합계
경상북도 청도군,2023-09,821,5598,122176,36557.2,85618.7,17587219,3601066,13986153,합계
경상북도 고령군,2023-09,119,979,32490,10676.8,21813.1,3997152,836389,3160763,합계
경상북도 성주군,2023-09,,,,,,,,,합계
경상북도 칠곡군,2023-09,17,367,5288,2234.5,3053.4,795802,219409,576393,합계
경상북도 예천군,2023-09,1358,13228,279588,79981.5,199606.4,34140970,6774556,27366414,합계
경상북도 봉화군,2023-09,408,1752,78272,16335.5,61936.4,8144571,1279674,6864897,합계
경상북도 울진군,2023-09,535,7078,131680,42235.2,89444.7,15147340,3283300,11864040,합계
경상북도 울릉군,2023-09,,,,,,,,,합계
경상남도 창원시,2023-09,57000,1166418,11314098.2,5815755.7,5725256.2,1875882280,706584593,1169297687,합계
경상남도 진주시,2023-09,33385,777669,6515590,3269837.6,3245752.3,1135594010,407897610,727696400,합계
경상남도 통영시,2023-09,13835,315049,2824446.5,1216315.3,1797779.6,485093482,153170034,331923448,합계
경상남도 사천시,2023-09,11039,236754,2060319.1,840262,1355323.9,390735608,98151393,292584215,합계
경상남도 김해시,2023-09,17749,390466,3619008.1,1831401.9,2607654,652610922,236440392,416170530,합계
경상남도 밀양시,2023-09,7401,124775,1222517,469149.4,753367.5,221629716,55660653,165969063,합계
경상남도 거제시,2023-09,14283,363949,3122623,1626450.3,1496172.6,553876859,189395848,364481011,합계
경상남도 양산시,2023-09,6280,143123,1313907,627825.2,686081.7,239415994,76367815,163048179,합계
경상남도 의령군,2023-09,1145,7438,208908,63333.7,145574.2,20134904,5656612,14478292,합계
경상남도 함안군,2023-09,3092,35563,616094,237580.7,378513.2,86090819,23437178,62653641,합계
경상남도 창녕군,2023-09,3063,22214,555168,152700.5,402467.4,79394477,14548435,64846042,합계
경상남도 고성군,2023-09,2463,28478,462496,156570,305925.9,67887076,16624302,51262774,합계
경상남도 남해군,2023-09,,,,,,,,,합계
경상남도 하동군,2023-09,1522,6804,335530,62027.9,273502,31953886,5414642,26539244,합계
경상남도 산청군,2023-09,1532,15631,328188,136745.1,191442.8,29819964,11667049,18152915,합계
경상남도 함양군,2023-09,2077,15877,371709,87270.7,284438.2,48894674,8615969,40278705,합계
경상남도 거창군,2023-09,3934,67369,693902,231409.6,462492.3,103072816,26867551,76205265,합계
경상남도 합천군,2023-09,2107,11587,405888,106418.5,299469.4,44534101,9886734,34647367,합계
제주특별자치도,2023-09,33800,736980,7761302.4,4393118.7,3397486.2,1191491338,524223391,667267947,합계
서울특별시,2023-10,986045,14925376,203077145.4,127004922.2,133646681.7,32166938194,16320923112,15846015082,합계
부산광역시,2023-10,419953,6046801,73286676,35017666.5,38269009.4,13158357894,4671356546,8487001348,합계
대구광역시,2023-10,212150,2968542,34283912.1,15548501.8,18763752.1,6317877677,2152340292,4165537385,합계
인천광역시,2023-10,288817,4060208,55621058.1,28485915.8,27388878.1,9365581901,3497642679,5867939222,합계
광주광역시,2023-10,151704,2739644,28544292.8,15118044.1,13596180.8,5028422789,2000980644,3027442145,합계
대전광역시,2023-10,147442,2807371,25417966.5,14355164.9,11620356,4715606673,2048903257,2666703416,합계
울산광역시,2023-10,126956,2318227,23755824.3,12295180.1,12510524.8,4012537700,1509048671,2503489029,합계
세종특별자치시,2023-10,8446,157690,2150948,1048150.5,1102797.4,297303815,107178532,190125283,합계
경기도 수원시,2023-10,91855,1483912,17415663.5,9482618.4,8142642.5,3059980524,1273228331,1786752193,합계
경기도 성남시,2023-10,48574,777350,10164108,5178373.7,4985734.2,1604549783,600939473,1003610310,합계
경기도 의정부시,2023-10,26151,521315,5312714,2765358.6,3256127.3,926851595,365947351,560904244,합계
경기도 안양시,2023-10,45431,722217,8800684.8,4436617.3,4370653.6,1557626160,559076308,998549852,합계
경기도 부천시,2023-10,47865,685679,8046595,3980037,4251019.9,1488832691,554596408,934236283,합계
경기도 광명시,2023-10,20289,227709,3699926.2,1820993.8,2043186.1,621828433,217174432,404654001,합계
경기도 평택시,2023-10,30355,549072,5973879.3,3077315,4068116.9,1018542707,377340997,641201710,합계
경기도 동두천시,2023-10,8559,162834,1498072,642692.8,855379.1,301358998,78746869,222612129,합계
경기도 안산시,2023-10,53153,971789,9501145.7,4932335.2,4752602.7,1720810865,665119825,1055691040,합계
경기도 고양시,2023-10,51603,724732,10017445.3,5790721.5,4236587.4,1701667507,653336395,1048331112,합계
경기도 과천시,2023-10,6462,111683,1335539,709025.1,626513.8,224854318,86718472,138135846,합계
경기도 구리시,2023-10,16894,271717,3355929.7,1830568,1548506.9,537225430,213356870,323868560,합계
경기도 남양주시,2023-10,25102,393858,5177476.9,2616752.6,2581974.3,852538871,295845681,556693190,합계
경기도 오산시,2023-10,16060,233072,3021255,1565566.3,1455688.6,512374944,196900529,315474415,합계
경기도 시흥시,2023-10,31503,433205,5760413,2699542.4,3060870.5,1018012830,328057498,689955332,합계
경기도 군포시,2023-10,13718,203814,2366940.3,1233152.2,1135330.7,423419179,157401976,266017203,합계
경기도 의왕시,2023-10,1808,25727,316251.7,162569,169740.9,54859702,19958257,34901445,합계
경기도 하남시,2023-10,7359,109139,1397036,736412.8,660623.1,228617765,86988208,141629557,합계
경기도 용인시,2023-10,39874,579830,8485142.8,4719838.8,4684866.1,1258556238,524372795,734183443,합계
경기도 파주시,2023-10,17302,290086,4446571,2252961.7,2193609.2,652737116,222113688,430623428,합계
경기도 이천시,2023-10,9186,159517,2036424,946608.1,1140914.8,336400499,106149936,230250563,합계
경기도 안성시,2023-10,9257,137469,1978182,868563.4,1282893.5,286187577,92053778,194133799,합계
경기도 김포시,2023-10,13102,178239,2884542.8,1485781.5,1564969.4,427015414,155363158,271652256,합계
경기도 화성시,2023-10,20768,304357,4981833.3,2656944.1,2335466.8,700901468,289581299,411320169,합계
경기도 광주시,2023-10,9290,133166,2003694,1012240.1,991453.8,305815350,109515520,196299830,합계
경기도 양주시,2023-10,7193,112146,1405893.3,737096.8,709470.1,219726627,82954589,136772038,합계
경기도 포천시,2023-10,6616,101531,1459107.5,633681.4,1037822.5,213747034,64840529,148906505,합계
경기도 여주시,2023-10,4197,73352,925637,395685.7,529951.2,141322815,42428524,98894291,합계
경기도 연천군,2023-10,1552,21969,403581,160217.3,243363.6,45455280,13555558,31899722,합계
경기도 가평군,2023-10,3754,64495,919596,371757.7,547838.2,122081159,35203913,86877246,합계
경기도 양평군,2023-10,4702,79529,1066428.3,453034.1,614636.8,138981432,45581373,93400059,합계
강원특별자치도 춘천시,2023-10,32661,804357,5331621.4,2623792.8,2916497.1,1049373753,402036614,647337139,합계
강원특별자치도 원주시,2023-10,34434,824700,6013580.7,3202458.8,3073576.1,1095834995,423327146,672507849,합계
강원특별자치도 강릉시,2023-10,25839,570408,4477387.9,2124653,2361733.9,807345920,283807412,523538508,합계
강원특별자치도 동해시,2023-10,10137,213660,1565492,748451.7,817040.2,319176011,89191487,229984524,합계
강원특별자치도 태백시,2023-10,5708,120603,1067728,417467.8,650260.1,183368012,43615543,139752469,합계
강원특별자치도 속초시,2023-10,12729,262927,2164581,864863.4,1299717.5,402967797,115753703,287214094,합계
강원특별자치도 삼척시,2023-10,5372,134879,894483.9,370590.1,547033.8,190881238,46071305,144809933,합계
강원특별자치도 홍천군,2023-10,3387,42450,649985,153362.8,496622.1,119620832,15402555,104218277,합계
강원특별자치도 횡성군,2023-10,1163,18110,274070,97240.1,176829.8,40316162,8993212,31322950,합계
강원특별자치도 영월군,2023-10,2154,38931,413418,118692.3,294725.6,65412619,12835389,52577230,합계
강원특별자치도 평창군,2023-10,2655,27682,573940,212089.6,361850.3,57859705,16894244,40965461,합계
강원특별자치도 정선군,2023-10,4941,78792,1305046,505243,799802.9,167546624,38437009,129109615,합계
강원특별자치도 철원군,2023-10,2223,36003,474066,212149.4,261916.5,66239344,18726870,47512474,합계
강원특별자치도 화천군,2023-10,1185,17203,244337,99384.9,144952,35821558,8040474,27781084,합계
강원특별자치도 양구군,2023-10,968,15134,276490,126145.8,150344.1,28132402,9589512,18542890,합계
강원특별자치도 인제군,2023-10,1228,14020,314513,119502.1,195010.8,37646570,8367439,29279131,합계
강원특별자치도 고성군,2023-10,1626,18332,385306,148246,237059.9,60537288,12511868,48025420,합계
강원특별자치도 양양군,2023-10,2067,22988,470087,164842.2,305244.7,71965173,13520485,58444688,합계
충청북도 청주시,2023-10,80443,1503970,14816266.9,7781358.4,7089593.5,2507121346,1063197954,1443923392,합계
충청북도 충주시,2023-10,22882,480993,3968292,1771743.7,2196548.2,712888946,229151310,483737636,합계
충청북도 제천시,2023-10,10714,188005,1776313,626417.8,1149895.1,303523183,82377032,221146151,합계
충청북도 보은군,2023-10,1933,13324,351504,111231,240272.9,45807911,11449247,34358664,합계
충청북도 옥천군,2023-10,3595,51517,552662,188173,364488.9,111854994,22352665,89502329,합계
충청북도 영동군,2023-10,2854,37799,503470,175739.7,327730.2,86071921,17333165,68738756,합계
충청북도 증평군,2023-10,2887,36139,525885,167883.9,358001,93257860,19111986,74145874,합계
충청북도 진천군,2023-10,2849,56882,758801.2,322561.1,438169.8,102075702,30623920,71451782,합계
충청북도 괴산군,2023-10,1388,15282,293653,119735.5,173917.4,32328019,11949504,20378515,합계
충청북도 음성군,2023-10,5552,102211,1437611,607316,830294.9,204629285,55175214,149454071,합계
충청북도 단양군,2023-10,1834,17871,327611.9,90726.4,756691.5,51928944,9056840,42872104,합계
충청남도 천안시,2023-10,47271,988510,9912007.9,4923940.2,5090151.7,1679253172,654881857,1024371315,합계
충청남도 공주시,2023-10,1298,18554,258983,96910.2,162072.7,46564653,10281155,36283498,합계
충청남도 보령시,2023-10,7335,126466,1235568,518751.9,716816,256391192,59683499,196707693,합계
충청남도 아산시,2023-10,24141,408890,5167319,2337925.8,2829393.1,830686927,253471053,577215874,합계
충청남도 서산시,2023-10,2461,56612,527211.5,237743.5,354465.4,107940733,27406038,80534695,합계
충청남도 논산시,2023-10,6531,99180,1161250.4,456978,705905.9,231655646,50830282,180825364,합계
충청남도 계룡시,2023-10,1573,32938,391109,178627.8,212481.1,57189622,18367779,38821843,합계
충청남도 당진시,2023-10,2641,48158,664536,259827.6,404708.3,94042986,25026161,69016825,합계
충청남도 금산군,2023-10,31,374,6582,2183.3,4398.6,1166068,239773,926295,합계
충청남도 부여군,2023-10,4,63,750,303.3,446.6,116568,27504,89064,합계
충청남도 서천군,2023-10,449,4438,91409,27126.2,64282.7,12394643,2502877,9891766,합계
충청남도 청양군,2023-10,1581,9362,236406,65532.9,170873,46230668,6354240,39876428,합계
충청남도 홍성군,2023-10,2729,50059,510733,206820.9,303912,98435129,22098970,76336159,합계
충청남도 예산군,2023-10,1403,22968,294156,105473.8,188682.1,51363249,10532271,40830978,합계
충청남도 태안군,2023-10,1462,16472,282763,88235.3,194527.6,46752378,8177334,38575044,합계
전북특별자치도 전주시,2023-10,62403,1292892,10950985,5315351.7,5635633.2,2017245474,793315281,1223930193,합계
전북특별자치도 군산시,2023-10,27801,551605,4964433,2197913.2,2766519.7,874761655,281001233,593760422,합계
전북특별자치도 익산시,2023-10,6161,133881,1160859,531370.5,629488.4,217977415,68171545,149805870,합계
전북특별자치도 정읍시,2023-10,10688,159227,1789667.1,567766.8,1503184.1,338456219,68168144,270288075,합계
전북특별자치도 남원시,2023-10,6049,88678,951103,312270.9,638832,198128616,35903559,162225057,합계
전북특별자치도 김제시,2023-10,3281,33042,514032,157277.1,356754.9,82640762,17504402,65136360,합계
전북특별자치도 완주군,2023-10,1224,19109,244859,101458.7,149981.2,40126267,12229854,27896413,합계
전북특별자치도 진안군,2023-10,831,5640,184440,49873.7,134566.2,21447531,5075901,16371630,합계
전북특별자치도 무주군,2023-10,453,2790,75764,21528,54235.9,9149218,2282197,6867021,합계
전북특별자치도 장수군,2023-10,619,2436,135500,30140.7,105359.2,12447677,3042649,9405028,합계
전북특별자치도 임실군,2023-10,822,6259,169527,69130.6,100396.3,18513267,6281902,12231365,합계
전북특별자치도 순창군,2023-10,,,,,,,,,합계
전북특별자치도 고창군,2023-10,234,2985,51096,14579.2,36516.7,7296078,1361606,5934472,합계
전북특별자치도 부안군,2023-10,,,,,,,,,합계
전라남도 목포시,2023-10,30106,740336,5642598,2630278.5,3012319.4,948273820,390543647,557730173,합계
전라남도 여수시,2023-10,32243,810705,6523836.6,3437508.7,3097168.2,1083014283,432224486,650789797,합계
전라남도 순천시,2023-10,9387,271788,2107880.7,1135742.3,1112382.6,356910682,146739744,210170938,합계
전라남도 나주시,2023-10,60,281,10785,2107.2,8677.7,1212963,222079,990884,합계
전라남도 광양시,2023-10,8069,152446,1560571.6,721777.7,842637.2,284982917,80440600,204542317,합계
전라남도 담양군,2023-10,2053,16642,345754,115288.3,230465.6,52588973,11436408,41152565,합계
전라남도 곡성군,2023-10,195,682,44252,7593.8,36658.1,4260322,557972,3702350,합계
전라남도 구례군,2023-10,456,4800,93143,23670.6,69472.3,14502730,2085762,12416968,합계
전라남도 고흥군,2023-10,802,4884,176002,33319.8,142682.1,21079793,3557765,17522028,합계
전라남도 보성군,2023-10,1910,15607,399503,125975,273527.9,38088241,10300310,27787931,합계
전라남도 화순군,2023-10,2980,50735,511425,194396,317028.9,103968819,22119564,81849255,합계
전라남도 장흥군,2023-10,625,5113,149127,43127.5,105999.4,16489857,3530777,12959080,합계
전라남도 강진군,2023-10,,,,,,,,,합계
전라남도 해남군,2023-10,2521,36171,604734,173359.9,431374,72671553,15803940,56867613,합계
전라남도 영암군,2023-10,299,2716,75023,22788.8,52234.1,5630627,1919908,3710719,합계
전라남도 무안군,2023-10,3322,50811,782118.2,303472.5,484024.4,99206280,31130908,68075372,합계
전라남도 함평군,2023-10,504,1880,96660,18207.4,78452.5,8803531,1626411,7177120,합계
전라남도 영광군,2023-10,1775,13765,358093,88710.6,269382.3,60485997,9123594,51362403,합계
전라남도 장성군,2023-10,2371,21960,447812,133895.3,313916.6,81800386,12705227,69095159,합계
전라남도 완도군,2023-10,2270,29975,439902,106961.6,332940.3,62274906,10737857,51537049,합계
전라남도 진도군,2023-10,1457,6576,333758,70717.2,263040.7,33353312,6125993,27227319,합계
전라남도 신안군,2023-10,1196,11615,236883,80919.6,155963.3,26465187,9247607,17217580,합계
경상북도 포항시,2023-10,50621,941940,9090567,4335625.7,4869489.2,1548930745,562140153,986790592,합계
경상북도 경주시,2023-10,26427,510998,5459523,2520483,2950261.9,845687275,280977767,564709508,합계
경상북도 김천시,2023-10,,,,,,,,,합계
경상북도 안동시,2023-10,3166,73043,616443,277809.4,338633.5,109762139,34108089,75654050,합계
경상북도 구미시,2023-10,5497,131566,1178645,658948.6,519696.3,198350849,81510839,116840010,합계
경상북도 영주시,2023-10,4706,94949,734577,284711.8,449865.1,142581266,38704864,103876402,합계
경상북도 영천시,2023-10,6545,107408,1064580,412400,652179.9,170955357,48586949,122368408,합계
경상북도 상주시,2023-10,3168,44558,413674,136127.2,277546.7,98216666,18160238,80056428,합계
경상북도 문경시,2023-10,,,,,,,,,합계
경상북도 경산시,2023-10,3498,56326,683871,329789.9,354081,113999008,37993908,76005100,합계
경상북도 의성군,2023-10,1866,10198,365251.9,79298,287535.9,42795650,7029763,35765887,합계
경상북도 청송군,2023-10,1022,7049,196972,66348,130623.9,20948026,5697813,15250213,합계
경상북도 영양군,2023-10,836,5001,174416,63792.1,110623.8,18440189,5754359,12685830,합계
경상북도 영덕군,2023-10,1738,16725,297000,102752.8,194247.1,26839704,9324094,17515610,합계
경상북도 청도군,2023-10,177,1206,23692,7373,16318.9,3171226,755408,2415818,합계
경상북도 고령군,2023-10,122,862,28069,9743,18325.9,3758258,746608,3011650,합계
경상북도 성주군,2023-10,,,,,,,,,합계
경상북도 칠곡군,2023-10,,,,,,,,,합계
경상북도 예천군,2023-10,1311,11104,254482,66218.1,188263.8,30248339,5684520,24563819,합계
경상북도 봉화군,2023-10,381,1289,73423,14446,58976.9,7553759,1019578,6534181,합계
경상북도 울진군,2023-10,522,6220,118178,34309.7,83868.2,13957305,2705755,11251550,합계
경상북도 울릉군,2023-10,,,,,,,,,합계
경상남도 창원시,2023-10,77792,1515669,15232281.2,7534751.8,8171264.1,2346871729,912164408,1434707321,합계
경상남도 진주시,2023-10,34494,789579,6648898,3335383.6,3313514.3,1139474303,413277610,726196693,합계
경상남도 통영시,2023-10,14087,303414,2827007.8,1180848.1,1784713.8,483800416,147757224,336043192,합계
경상남도 사천시,2023-10,11208,224298,2028525.2,821621.8,1209084.1,387609927,93032976,294576951,합계
경상남도 김해시,2023-10,18024,351579,3591208.1,1658666.3,3024035.6,645696028,207975768,437720260,합계
경상남도 밀양시,2023-10,7523,120096,1198878,458067.2,740810.7,215578198,52963741,162614457,합계
경상남도 거제시,2023-10,14743,367317,3200885.3,1658516.7,1552108.2,563962792,188617406,375345386,합계
경상남도 양산시,2023-10,6443,145902,1351449,640091,711357.9,244061412,76177393,167884019,합계
경상남도 의령군,2023-10,1205,7397,203452,67382.6,136069.3,19061645,5846777,13214868,합계
경상남도 함안군,2023-10,3108,30333,554285,206300.2,347984.7,80178914,20374763,59804151,합계
경상남도 창녕군,2023-10,3140,21498,557084,152735.6,404348.3,77690010,14191726,63498284,합계
경상남도 고성군,2023-10,2519,27301,448449,148557.5,299891.4,65416833,16027115,49389718,합계
경상남도 남해군,2023-10,,,,,,,,,합계
경상남도 하동군,2023-10,1661,7273,369994,72484.5,297509.4,33522720,6015384,27507336,합계
경상남도 산청군,2023-10,1563,15048,343050,136624.2,206425.7,30257830,11423504,18834326,합계
경상남도 함양군,2023-10,2088,14234,354658,83665.8,270992.1,45751600,7932777,37818823,합계
경상남도 거창군,2023-10,4113,64581,712143,240301.7,471841.2,102243820,26545428,75698392,합계
경상남도 합천군,2023-10,2034,9653,408968,101725.2,307242.7,42401664,8987108,33414556,합계
제주특별자치도,2023-10,39189,809868,8838692.1,4921764.7,4176337.2,1330120873,581778729,748342144,합계
서울특별시,2023-11,1043536,15841141,215212047.2,135013266,125451172.9,34917231084,17922545193,16994685891,합계
부산광역시,2023-11,403221,6015752,69676873,34602122.9,35074750,12717405471,4717932746,7999472725,합계
대구광역시,2023-11,218649,3207196,35166810.8,16620713.8,18558305.1,6635576508,2359819242,4275757266,합계
인천광역시,2023-11,281813,4067716,53516096.6,27999919,25847991.9,9287017400,3537365155,5749652245,합계
광주광역시,2023-11,145784,2679840,26977069.2,14691670.9,12441519,4878281093,2000031479,2878249614,합계
대전광역시,2023-11,133659,2628415,23613563.5,13409684.1,11380772.8,4410570659,1943367575,2467203084,합계
울산광역시,2023-11,124932,2293622,23493916.4,12151121.5,12599449.4,4007722069,1503542720,2504179349,합계
세종특별자치시,2023-11,8402,163011,2168791,1064908.4,1103882.5,300940077,109996949,190943128,합계
경기도 수원시,2023-11,91284,1517520,17329479,9714806.2,7795492.7,3104653005,1325920174,1778732831,합계
경기도 성남시,2023-11,48187,792317,10076942,5277841.3,4799100.6,1620776164,625823510,994952654,합계
경기도 의정부시,2023-11,26844,544611,5442177,2836618.7,3951625.2,969393091,384883410,584509681,합계
경기도 안양시,2023-11,45328,763727,8955958,4715222.6,4240735.3,1596748279,605678956,991069323,합계
경기도 부천시,2023-11,49626,736353,8222061.2,4151797.9,4218617,1566359349,599179915,967179434,합계
경기도 광명시,2023-11,20027,229370,3598854.3,1808679.4,1876793.5,622928552,223995505,398933047,합계
경기도 평택시,2023-11,31289,606581,6166348.1,3247516.2,4196489.7,1067622487,403325473,664297014,합계
경기도 동두천시,2023-11,8544,166104,1492550,641465.4,851084.5,300975535,79028577,221946958,합계
경기도 안산시,2023-11,54182,1025413,9523876.7,5081762.6,4636271.3,1758468493,705555386,1052913107,합계
경기도 고양시,2023-11,51180,732698,9863692,5734791.8,4128900.1,1703560380,662385744,1041174636,합계
경기도 과천시,2023-11,6355,111065,1306218,709974.4,596243.5,224136497,89435787,134700710,합계
경기도 구리시,2023-11,16739,272167,3319498.2,1816053.5,1506564.4,546598331,216391312,330207019,합계
경기도 남양주시,2023-11,24772,402283,5084298.9,2627076.2,2472517.7,855060979,302676462,552384517,합계
경기도 오산시,2023-11,15887,232253,2954193,1544887.3,1409305.6,511242668,199096209,312146459,합계
경기도 시흥시,2023-11,30053,442726,5493429,2694854.5,2798574.4,985074759,333506766,651567993,합계
경기도 군포시,2023-11,13432,204221,2315029.3,1230934,1085794.9,420025505,161308257,258717248,합계
경기도 의왕시,2023-11,1791,27206,327716,177205.5,150510.4,56731995,21639340,35092655,합계
경기도 하남시,2023-11,7483,113387,1433690.4,758508.1,702389.8,237704857,91065640,146639217,합계
경기도 용인시,2023-11,39414,579498,8309776.6,4662880.2,4390838.7,1261843772,530086591,731757181,합계
경기도 파주시,2023-11,17589,298604,4514663,2290918.3,2223744.6,670523796,228243819,442279977,합계
경기도 이천시,2023-11,9529,169213,2126897.9,1006630,1130484.9,350744041,113523203,237220838,합계
경기도 안성시,2023-11,9160,133562,1915568.7,837885.4,1235257.5,288964219,89445751,199518468,합계
경기도 김포시,2023-11,13404,183090,2904846.9,1501597.7,1778286.2,442930973,159632240,283298733,합계
경기도 화성시,2023-11,25524,372098,5987872.8,3226675.3,2923189.6,865200253,362697191,502503062,합계
경기도 광주시,2023-11,9120,132583,1937786,992141.9,945644,304386202,109428852,194957350,합계
경기도 양주시,2023-11,7014,113749,1360437.2,735588.6,782035.3,219389760,83888761,135500999,합계
경기도 포천시,2023-11,6403,98063,1361081.6,591847.2,1075429.7,208447648,61181578,147266070,합계
경기도 여주시,2023-11,4078,70367,873395,376513.6,496881.3,137758761,40417127,97341634,합계
경기도 연천군,2023-11,1546,21795,407992,161979,246012.9,46035347,13428862,32606485,합계
경기도 가평군,2023-11,3641,64894,850528,368127.6,482400.3,117522654,33412559,84110095,합계
경기도 양평군,2023-11,4721,77051,1011342,431402.1,579939.8,138952036,42951137,96000899,합계
강원특별자치도 춘천시,2023-11,32070,808175,5156021.8,2581149.1,3166063.8,1044703389,404256994,640446395,합계
강원특별자치도 원주시,2023-11,34007,826966,5985085.9,3183651.8,3041445.1,1111701395,427203785,684497610,합계
강원특별자치도 강릉시,2023-11,25031,550364,4187224.6,1971554.1,2224959.8,781487618,268527863,512959755,합계
강원특별자치도 동해시,2023-11,9878,202338,1471098,688006,783091.9,311821161,82590523,229230638,합계
강원특별자치도 태백시,2023-11,5543,122509,1052790,416392.6,636397.3,181385543,43450170,137935373,합계
강원특별자치도 속초시,2023-11,11761,249890,1852788,759449.5,1093338.4,363085604,104003439,259082165,합계
강원특별자치도 삼척시,2023-11,5391,136206,864085.4,369121.6,531147.3,190555715,46653938,143901777,합계
강원특별자치도 홍천군,2023-11,3350,44391,654546,159544.8,495001.1,119665539,15982520,103683019,합계
강원특별자치도 횡성군,2023-11,1145,17262,253738,87175.1,166562.8,40315689,8215520,32100169,합계
강원특별자치도 영월군,2023-11,2057,37806,388930,113349.5,275580.4,64480826,12249702,52231124,합계
강원특별자치도 평창군,2023-11,2537,23306,482296,172302.7,309993.2,51906334,13396299,38510035,합계
강원특별자치도 정선군,2023-11,4759,72547,1201603,456560.7,745042.2,161856582,34643728,127212854,합계
강원특별자치도 철원군,2023-11,2239,31498,431126,180972.8,250153.1,65618166,15456878,50161288,합계
강원특별자치도 화천군,2023-11,1262,18211,242441,95970.2,146470.7,39947954,7865489,32082465,합계
강원특별자치도 양구군,2023-11,893,13712,249096,114452.8,134643.1,26034599,8680447,17354152,합계
강원특별자치도 인제군,2023-11,1159,12843,254097,98964,155132.9,32452971,7021114,25431857,합계
강원특별자치도 고성군,2023-11,1572,16751,345909,129998,215910.9,58424884,10800202,47624682,합계
강원특별자치도 양양군,2023-11,1947,20079,326998,124364.8,202633.1,60509991,10599975,49910016,합계
충청북도 청주시,2023-11,80129,1513596,14621472.4,7717855.1,6910676.8,2526018780,1072157762,1453861018,합계
충청북도 충주시,2023-11,22663,479218,3933226,1739877.7,2193348.2,716839332,227933125,488906207,합계
충청북도 제천시,2023-11,10630,188509,1735957,616319.7,1119637.2,304242615,81916142,222326473,합계
충청북도 보은군,2023-11,1822,11794,310069,95201.2,214867.7,44397571,10051383,34346188,합계
충청북도 옥천군,2023-11,3533,52336,546203,185315.4,360887.5,114022892,22458333,91564559,합계
충청북도 영동군,2023-11,2799,36322,480948,164737.1,316210.8,86451110,16274535,70176575,합계
충청북도 증평군,2023-11,2836,35188,508897.3,157495.3,352903.6,94927757,18449443,76478314,합계
충청북도 진천군,2023-11,2705,55407,711033.4,301814.4,410471.5,97989815,29445988,68543827,합계
충청북도 괴산군,2023-11,1383,15088,293730,117611.8,176118.1,33360473,11744768,21615705,합계
충청북도 음성군,2023-11,5407,98791,1392299,569993.9,822305,203424746,52428509,150996237,합계
충청북도 단양군,2023-11,1819,16171,290248.6,77223,928351.9,51659477,7610938,44048539,합계
충청남도 천안시,2023-11,48712,1083035,10289344.9,5363975.3,4991296.6,1777257820,728776362,1048481458,합계
충청남도 공주시,2023-11,1290,19152,247628,96112.1,151515.8,46619798,10365304,36254494,합계
충청남도 보령시,2023-11,7198,125739,1190353,491438.3,698914.6,251441147,58045582,193395565,합계
충청남도 아산시,2023-11,23664,413381,5011323,2362729.1,2648593.8,814422365,261263854,553158511,합계
충청남도 서산시,2023-11,2415,56399,518392,224909.6,344545.3,108069170,26714825,81354345,합계
충청남도 논산시,2023-11,7917,121256,1368412,543739,824672.9,274878642,61287626,213591016,합계
충청남도 계룡시,2023-11,1490,30380,327347,146600.2,180746.7,53302574,15478234,37824340,합계
충청남도 당진시,2023-11,2574,47382,626003,242201.7,383801.2,92331366,23800060,68531306,합계
충청남도 금산군,2023-11,26,279,5206,1599.1,3606.8,878528,171056,707472,합계
충청남도 부여군,2023-11,73,1009,16831,6031,10799.9,3013087,520090,2492997,합계
충청남도 서천군,2023-11,433,4314,85917,24926,60990.9,12703725,2386864,10316861,합계
충청남도 청양군,2023-11,1533,8588,230348,58530,171817.9,44827679,5484859,39342820,합계
충청남도 홍성군,2023-11,2666,52114,506996,205427.3,301568.6,99178270,22674869,76503401,합계
충청남도 예산군,2023-11,1365,21946,280040,97500.9,182539,50716413,9655151,41061262,합계
충청남도 태안군,2023-11,1417,15259,244884,75502,169381.9,44727309,7324003,37403306,합계
전북특별자치도 전주시,2023-11,60860,1275067,10525123.3,5229367.9,5335721,1978808693,795843517,1182965176,합계
전북특별자치도 군산시,2023-11,27348,572331,4813172.6,2263711.6,2553179.3,860416330,294387746,566028584,합계
전북특별자치도 익산시,2023-11,6003,128963,1115918,510580.4,605337.5,210604977,65644762,144960215,합계
전북특별자치도 정읍시,2023-11,10339,163892,1761220.8,588443.9,1367476,335424586,72118947,263305639,합계
전북특별자치도 남원시,2023-11,5917,88680,927243,304377.3,622865.6,193451487,35445734,158005753,합계
전북특별자치도 김제시,2023-11,3199,31861,491794,145838.1,345955.8,82097872,16643403,65454469,합계
전북특별자치도 완주군,2023-11,1170,19891,241938.4,106507.5,138953.4,40316663,12848534,27468129,합계
전북특별자치도 진안군,2023-11,786,5389,178555,47767.1,130787.8,21952070,5104576,16847494,합계
전북특별자치도 무주군,2023-11,441,2867,69906,21332.5,48573.4,8684654,2139944,6544710,합계
전북특별자치도 장수군,2023-11,616,2413,133082,27585.8,105496.1,12508782,2724261,9784521,합계
전북특별자치도 임실군,2023-11,826,6122,173015,67736.1,105278.8,19283640,6053096,13230544,합계
전북특별자치도 순창군,2023-11,,,,,,,,,합계
전북특별자치도 고창군,2023-11,243,3090,46568,13845.9,32722,7537940,1367357,6170583,합계
전북특별자치도 부안군,2023-11,19,204,2652,777.3,1874.6,674690,76457,598233,합계
전라남도 목포시,2023-11,29969,655981,5338649,2391071.2,2947577.7,945825671,347916741,597908930,합계
전라남도 여수시,2023-11,31863,723703,6155933.2,3027406.7,3135458.2,1080870376,381025801,699844575,합계
전라남도 순천시,2023-11,9154,241689,1964251.8,1013307.8,1217719.1,352701572,128718948,223982624,합계
전라남도 나주시,2023-11,57,535,10759,2960.4,7798.5,1316455,323853,992602,합계
전라남도 광양시,2023-11,8216,171527,1601224,805113,796110.9,297031877,89885020,207146857,합계
전라남도 담양군,2023-11,1965,15783,324157,107911.8,216245.1,50915586,10591632,40323954,합계
전라남도 곡성군,2023-11,207,1090,38131,10318.5,27812.4,5447791,839011,4608780,합계
전라남도 구례군,2023-11,419,4308,77781,19901.4,57879.5,13546268,1824979,11721289,합계
전라남도 고흥군,2023-11,802,5063,180552,36870.3,143681.6,20875525,3722253,17153272,합계
전라남도 보성군,2023-11,1849,17252,368450,117240.3,251209.6,38289511,10128896,28160615,합계
전라남도 화순군,2023-11,2993,49733,496007,186267.7,309739.2,106464049,21394705,85069344,합계
전라남도 장흥군,2023-11,614,5054,147969,40565.8,107403.1,17146872,3519396,13627476,합계
전라남도 강진군,2023-11,13,73,2119,409.7,1709.2,289156,34502,254654,합계
전라남도 해남군,2023-11,2482,35637,606914,184693.5,422220.4,73621615,16547643,57073972,합계
전라남도 영암군,2023-11,750,7173,155002,50816.1,104185.8,16247075,4383416,11863659,합계
전라남도 무안군,2023-11,578,9531,121830.5,44796.5,231528.4,19471580,5279526,14192054,합계
전라남도 함평군,2023-11,86,376,16815,3239.6,13575.3,1535330,333221,1202109,합계
전라남도 영광군,2023-11,1830,15091,368158,90712.3,277445.6,62439883,9193519,53246364,합계
전라남도 장성군,2023-11,2283,22513,428183.1,134986.1,319662.8,78550089,12540368,66009721,합계
전라남도 완도군,2023-11,2327,30998,437878,111409.5,326468.4,63743695,11451103,52292592,합계
전라남도 진도군,2023-11,1492,7859,343124,80566.7,262557.2,34789109,6747628,28041481,합계
전라남도 신안군,2023-11,1129,11999,217398,85813,131584.9,24331620,9439196,14892424,합계
경상북도 포항시,2023-11,48881,919392,8746327,4186418.2,4559908.7,1512089954,550253104,961836850,합계
경상북도 경주시,2023-11,25692,501045,5201778.2,2401048.6,2819771.3,825620970,267367514,558253456,합계
경상북도 김천시,2023-11,842,14734,179936,83489.7,96446.2,31545912,8418318,23127594,합계
경상북도 안동시,2023-11,2915,65249,552634,242906.8,309727.1,100969107,29951157,71017950,합계
경상북도 구미시,2023-11,5540,132929,1176388,655540.6,520847.3,202547602,81973787,120573815,합계
경상북도 영주시,2023-11,6880,133127,983303,381864,601438.9,209693370,53329275,156364095,합계
경상북도 영천시,2023-11,6340,104256,1027166,386758.9,640407,172586746,46159602,126427144,합계
경상북도 상주시,2023-11,1917,23214,290125,76716.2,213408.7,65694392,9533338,56161054,합계
경상북도 문경시,2023-11,,,,,,,,,합계
경상북도 경산시,2023-11,3523,58980,689439,332613.8,356825.1,116385560,39087629,77297931,합계
경상북도 의성군,2023-11,1775,9768,341619.2,75907.4,269507.5,42692558,6686918,36005640,합계
경상북도 청송군,2023-11,979,6969,192234,67356.6,124877.3,20826835,5818109,15008726,합계
경상북도 영양군,2023-11,841,5071,172866,62686.4,110179.5,18327861,5481167,12846694,합계
경상북도 영덕군,2023-11,1673,15706,265050,92073.9,172976,24893013,8510719,16382294,합계
경상북도 청도군,2023-11,604,3843,80388,26662.2,53725.7,11245624,2734404,8511220,합계
경상북도 고령군,2023-11,142,989,31683,10192.3,21490.6,4780234,859857,3920377,합계
경상북도 성주군,2023-11,,,,,,,,,합계
경상북도 칠곡군,2023-11,,,,,,,,,합계
경상북도 예천군,2023-11,1298,11962,259308,69699.2,189608.7,32350591,5958603,26391988,합계
경상북도 봉화군,2023-11,345,1093,60987,12112,48874.9,7195097,857938,6337159,합계
경상북도 울진군,2023-11,507,5979,108482,32476.6,76005.3,13775738,2599602,11176136,합계
경상북도 울릉군,2023-11,,,,,,,,,합계
경상남도 창원시,2023-11,86724,1671627,16752424.4,8195367.6,8673043.3,2679532771,1021827074,1657705697,합계
경상남도 진주시,2023-11,32360,718914,6147818.4,3005482,3177175.9,1085561721,371353188,714208533,합계
경상남도 통영시,2023-11,13688,291655,2737868,1128385.1,1778226.8,472378685,140533239,331845446,합계
경상남도 사천시,2023-11,10950,222060,1982785.6,796973,1357704.9,379416786,91511706,287905080,합계
경상남도 김해시,2023-11,22954,459892,4428977.3,2103863.2,2997250.7,803145874,271686932,531458942,합계
경상남도 밀양시,2023-11,7271,116996,1152211,439889.3,712321.6,208580467,51634083,156946384,합계
경상남도 거제시,2023-11,14761,363650,3149605,1613978.6,1535626.3,573336788,185717621,387619167,합계
경상남도 양산시,2023-11,6350,144676,1326482,626342.8,700139.1,244998669,75453543,169545126,합계
경상남도 의령군,2023-11,1104,5547,177353,49766.6,127586.3,16853455,4285847,12567608,합계
경상남도 함안군,2023-11,2999,29244,533212.5,191116,391867.9,80047405,19343535,60703870,합계
경상남도 창녕군,2023-11,3064,20627,542544,144143.5,398400.4,79238735,13874412,65364323,합계
경상남도 고성군,2023-11,2458,26167,423199,140147.1,283051.8,64481389,14825832,49655557,합계
경상남도 남해군,2023-11,328,3481,64112,20560.9,43551,10742803,2210612,8532191,합계
경상남도 하동군,2023-11,1950,13407,386920,116740.8,270179.1,36302579,9977826,26324753,합계
경상남도 산청군,2023-11,1469,14171,292093,123745,168347.9,26345802,10462759,15883043,합계
경상남도 함양군,2023-11,1988,13639,332290,72269.3,260020.6,45282522,6944955,38337567,합계
경상남도 거창군,2023-11,3939,60991,686436,220055.6,466380.3,102418775,24715436,77703339,합계
경상남도 합천군,2023-11,1974,8640,372330,88068.3,284261.6,40497074,8005232,32491842,합계
제주특별자치도,2023-11,61439,1140735,12337930,6486837,6080954.9,1936705092,794546265,1142158827,합계
서울특별시,2023-12,1066055,16256309,223127063.6,140508231.7,117875811.2,35719522148,17929403823,17790118325,합계
부산광역시,2023-12,419474,7018374,72709635.7,40708044.5,32003235.4,13236323096,5581501207,7654821889,합계
대구광역시,2023-12,221979,3537068,35959101.9,18652718.3,17352084.6,6758804539,2637838022,4120966517,합계
인천광역시,2023-12,286818,4621786,55460758.5,32203441.1,23476996.8,9457490274,4025754611,5431735663,합계
광주광역시,2023-12,145325,3013334,27165411.6,16895399.4,10403619.5,4859422882,2298656428,2560766454,합계
대전광역시,2023-12,137383,2842523,24650218.5,14557211.3,11747469.6,4553683650,2085378899,2468304751,합계
울산광역시,2023-12,130066,2530771,24818920.1,13360478,12536546.9,4169554609,1658078251,2511476358,합계
세종특별자치시,2023-12,8600,167530,2196018,1107367.3,1088650.6,307418234,114514894,192903340,합계
경기도 수원시,2023-12,93482,1684703,17701649.4,10873571.5,6957567.4,3152325705,1473495692,1678830013,합계
경기도 성남시,2023-12,49455,874444,10331537,5832691.8,4498845.1,1650237602,684058070,966179532,합계
경기도 의정부시,2023-12,28140,598275,5759262.4,3113081.5,3710641.4,1015744862,419742272,596002590,합계
경기도 안양시,2023-12,45348,855437,9138990,5299220.4,3839769.5,1589660270,670733666,918926604,합계
경기도 부천시,2023-12,52274,845999,8782553.5,4802244.2,4129442.7,1640451965,682782619,957669346,합계
경기도 광명시,2023-12,20270,249404,3743610.1,1959117.1,2031897.8,633666876,237221889,396444987,합계
경기도 평택시,2023-12,30710,626980,6063235.2,3351799.3,4032253.6,1051486956,416952523,634534433,합계
경기도 동두천시,2023-12,8818,184883,1610017,717790.1,892226.8,313819144,87787580,226031564,합계
경기도 안산시,2023-12,55118,1145616,9738745,5610384.6,4416604.3,1788859893,781822706,1007037187,합계
경기도 고양시,2023-12,52854,805942,10203910.2,6317773.3,3916829.6,1725070186,727740946,997329240,합계
경기도 과천시,2023-12,6552,122287,1370707,794926.2,575780.7,227801916,97338564,130463352,합계
경기도 구리시,2023-12,17133,294787,3447072,1960905.4,1486166.5,560418987,230555748,329863239,합계
경기도 남양주시,2023-12,24977,448499,5205948.5,2927737.4,2280052.5,855506839,332918211,522588628,합계
경기도 오산시,2023-12,16247,239978,3014441,1618982.6,1407849.3,510787132,205408568,305378564,합계
경기도 시흥시,2023-12,30202,517132,5583270,3129599.5,2453670.4,988034391,385169256,602865135,합계
경기도 군포시,2023-12,13830,225810,2437532.9,1375566.7,1066498.2,430309973,176077805,254232168,합계
경기도 의왕시,2023-12,1845,30057,330656,196731.9,133924,56400391,23866784,32533607,합계
경기도 하남시,2023-12,7578,119033,1460580.9,789104.3,697951.6,238801482,94171382,144630100,합계
경기도 용인시,2023-12,39562,590404,8326503.4,4788884.2,4300169.7,1253112886,531815669,721297217,합계
경기도 파주시,2023-12,18052,317490,4680245,2448922.3,2231322.6,682626595,243826729,438799866,합계
경기도 이천시,2023-12,9857,186236,2237085.5,1109072.8,1133658.1,363252287,124598238,238654049,합계
경기도 안성시,2023-12,9380,138765,1959886.7,878108.4,1238925.5,297670364,93593852,204076512,합계
경기도 김포시,2023-12,13929,199161,3057331.2,1628828.4,1685211.5,462881177,172850657,290030520,합계
경기도 화성시,2023-12,27853,406929,6516940.5,3581923.2,3041608.7,925453381,396465329,528988052,합계
경기도 광주시,2023-12,9525,148852,2051447,1130385.7,921061.2,313475067,122251901,191223166,합계
경기도 양주시,2023-12,7233,120174,1401142.8,793558.6,639464.3,225855323,89466922,136388401,합계
경기도 포천시,2023-12,6764,106915,1502626.3,659814.3,1171602.6,225789222,68095964,157693258,합계
경기도 여주시,2023-12,4140,72346,881662,386072.5,495589.4,140678417,41623102,99055315,합계
경기도 연천군,2023-12,1589,24832,435365.4,174684.5,344301.4,49695023,14894747,34800276,합계
경기도 가평군,2023-12,3885,67836,882395,402504.8,479890.1,124801333,36265375,88535958,합계
경기도 양평군,2023-12,4871,82428,1040387,446226.2,594160.7,147115427,45008163,102107264,합계
강원특별자치도 춘천시,2023-12,29840,752752,4770730.3,2414502.5,2781517.4,945384102,374102366,571281736,합계
강원특별자치도 원주시,2023-12,27913,699945,4928838.6,2716810.9,2414726,905300684,362335866,542964818,합계
강원특별자치도 강릉시,2023-12,25636,600460,4368313.8,2206744.8,2230624.1,805201936,303266118,501935818,합계
강원특별자치도 동해시,2023-12,10175,219333,1536809,743949.2,792859.7,315857423,89734298,226123125,합계
강원특별자치도 태백시,2023-12,5862,139441,1124875,488354.9,636520,191216075,50771109,140444966,합계
강원특별자치도 속초시,2023-12,12212,304781,1920261,913947.8,1006313.1,379265767,129264511,250001256,합계
강원특별자치도 삼척시,2023-12,5559,144353,884669.3,388327.9,528268,192102294,49240758,142861536,합계
강원특별자치도 홍천군,2023-12,3340,47569,689712,169554.4,520157.5,121496339,17248211,104248128,합계
강원특별자치도 횡성군,2023-12,1169,17638,247066,87061.2,160004.7,40844772,8302225,32542547,합계
강원특별자치도 영월군,2023-12,2029,39310,380511,115055.9,265455,64776081,12547762,52228319,합계
강원특별자치도 평창군,2023-12,2664,33226,637039,255641.2,381397.7,69496435,20033150,49463285,합계
강원특별자치도 정선군,2023-12,4796,84470,1210999.1,430103.1,793340.8,166136450,36063208,130073242,합계
강원특별자치도 철원군,2023-12,2354,33592,466718,193782,272935.9,69539195,16600169,52939026,합계
강원특별자치도 화천군,2023-12,1317,19578,256254,103192.3,153061.6,42257385,8716165,33541220,합계
강원특별자치도 양구군,2023-12,852,16380,218990,101091.3,117898.6,24524030,7753633,16770397,합계
강원특별자치도 인제군,2023-12,1196,14170,265016,104400.9,160615,34027836,7486590,26541246,합계
강원특별자치도 고성군,2023-12,1589,18265,360501,138709.4,221791.5,60625454,11689189,48936265,합계
강원특별자치도 양양군,2023-12,2072,23799,343144,136336.1,206807.8,66548060,12257609,54290451,합계
충청북도 청주시,2023-12,83286,1619819,15241258.4,8361361.8,6888933.1,2630529475,1154645387,1475884088,합계
충청북도 충주시,2023-12,23517,515120,4007433,1821536.1,2185896.9,743001405,241735654,501265751,합계
충청북도 제천시,2023-12,10173,187484,1638931.2,592841.9,1048510,291664085,79918173,211745912,합계
충청북도 보은군,2023-12,1844,11889,296405,87118.8,209286.1,45077531,9565183,35512348,합계
충청북도 옥천군,2023-12,3602,59134,570921,200398.9,370522,118126613,24209238,93917375,합계
충청북도 영동군,2023-12,2847,38667,492607,170975.8,321631.1,89539224,16833373,72705851,합계
충청북도 증평군,2023-12,2811,37962,521785,168068.4,357964.5,95663647,19963678,75699969,합계
충청북도 진천군,2023-12,2811,59580,763446,329248.3,434197.6,102242180,32062683,70179497,합계
충청북도 괴산군,2023-12,1409,14436,285403,113536.4,171866.5,33842546,11394268,22448278,합계
충청북도 음성군,2023-12,5603,109017,1507186,633596.7,873589.2,213008887,58079599,154929288,합계
충청북도 단양군,2023-12,1805,14009,262564.1,68650.7,785978.2,49820012,6525702,43294310,합계
충청남도 천안시,2023-12,49237,1186547,10259697.7,5933323.2,4394350.7,1777750779,811806921,965943858,합계
충청남도 공주시,2023-12,1358,21742,267619,103730.6,163888.3,50166426,11112873,39053553,합계
충청남도 보령시,2023-12,7361,135999,1212375,517648.3,694726.6,254926707,63274270,191652437,합계
충청남도 아산시,2023-12,23812,454200,4915379,2599737.6,2315641.3,809295903,292149195,517146708,합계
충청남도 서산시,2023-12,2266,55717,508088,225293.7,282794.2,100569026,27214056,73354970,합계
충청남도 논산시,2023-12,8137,134449,1419146.2,608545.3,813933.6,281806861,68765542,213041319,합계
충청남도 계룡시,2023-12,1563,32091,339124,153710.4,185413.5,55773059,16615505,39157554,합계
충청남도 당진시,2023-12,2657,51990,663568,268004.6,395563.3,97574248,26865081,70709167,합계
충청남도 금산군,2023-12,31,399,6446,2325.7,4120.2,1220280,250361,969919,합계
충청남도 부여군,2023-12,87,1063,17681,6020.5,11660.4,3581420,528215,3053205,합계
충청남도 서천군,2023-12,413,4365,81152,25546.2,55605.7,11585212,2388591,9196621,합계
충청남도 청양군,2023-12,1529,9587,232064,66276.2,165787.7,45620706,6168571,39452135,합계
충청남도 홍성군,2023-12,2793,55490,530270,221028.6,309241.3,103651680,24881919,78769761,합계
충청남도 예산군,2023-12,1374,22601,278297,99198.8,179098.1,51278073,10124889,41153184,합계
충청남도 태안군,2023-12,1503,16683,253121,78117.2,175003.7,47450054,8127151,39322903,합계
전북특별자치도 전주시,2023-12,62696,1449969,10849753.8,5960902.9,5065645,2036000502,905548978,1130451524,합계
전북특별자치도 군산시,2023-12,27574,605945,4788928.5,2363138.8,2427435.1,873024005,319754992,553269013,합계
전북특별자치도 익산시,2023-12,6177,139539,1148054,551293.8,596760.1,216035817,71678534,144357283,합계
전북특별자치도 정읍시,2023-12,10744,193427,1763142.2,663972.6,1293809.3,345908986,83564267,262344719,합계
전북특별자치도 남원시,2023-12,6264,104499,957111,344116.7,612994.2,202347266,40971578,161375688,합계
전북특별자치도 김제시,2023-12,3356,36975,520733,164227.5,356505.4,88207512,18491609,69715903,합계
전북특별자치도 완주군,2023-12,1162,21093,239068.5,114543.8,134817.1,39734066,13886599,25847467,합계
전북특별자치도 진안군,2023-12,808,5373,170441,46675.2,123765.7,22900373,4955897,17944476,합계
전북특별자치도 무주군,2023-12,447,3471,79119,25905.4,53213.5,9750302,2427781,7322521,합계
전북특별자치도 장수군,2023-12,586,2221,129304,25393.4,103910.5,12053824,2447956,9605868,합계
전북특별자치도 임실군,2023-12,805,5202,148140,55761.6,92378.3,17280393,5069345,12211048,합계
전북특별자치도 순창군,2023-12,,,,,,,,,합계
전북특별자치도 고창군,2023-12,254,3330,52195,14494.2,37700.7,8271984,1489870,6782114,합계
전북특별자치도 부안군,2023-12,38,431,6699,2372.9,4326,1249668,207443,1042225,합계
전라남도 목포시,2023-12,30487,682646,5337379,2504444.7,2832934.2,963574088,374053761,589520327,합계
전라남도 여수시,2023-12,32690,785577,6296382.5,3318605.7,2989964.2,1104082849,422192219,681890630,합계
전라남도 순천시,2023-12,9594,264087,2097054.7,1104926,1076208.9,366168615,138695475,227473140,합계
전라남도 나주시,2023-12,3626,46977,843373,307582.3,535790.6,107142482,29799590,77342892,합계
전라남도 광양시,2023-12,8384,182266,1652371.6,863523.2,791664.7,298170581,96077857,202092724,합계
전라남도 담양군,2023-12,2049,18360,339929,123676.4,216252.5,54547486,12262571,42284915,합계
전라남도 곡성군,2023-12,319,1404,57794,15582.7,42211.2,8249863,1205370,7044493,합계
전라남도 구례군,2023-12,436,4790,79640,21386.6,58253.3,14662131,1920186,12741945,합계
전라남도 고흥군,2023-12,613,4753,118899,28717.1,90181.8,15731963,3128394,12603569,합계
전라남도 보성군,2023-12,1915,17447,378050,121928.8,256121.1,40636798,10498097,30138701,합계
전라남도 화순군,2023-12,3065,52799,494952,205156.5,289795.4,107628322,23404249,84224073,합계
전라남도 장흥군,2023-12,707,6366,166190,50452.4,115737.6,19445041,4398595,15046446,합계
전라남도 강진군,2023-12,27,161,4032,1079.2,2952.7,566690,75741,490949,합계
전라남도 해남군,2023-12,2559,35869,596269,199325.8,396943.1,74620650,17858489,56762161,합계
전라남도 영암군,2023-12,968,8808,197329,67190.6,130138.3,21418117,5888737,15529380,합계
전라남도 무안군,2023-12,2124,34861,475597.4,191668.6,426293.3,64066632,20852230,43214402,합계
전라남도 함평군,2023-12,,,,,,,,,합계
전라남도 영광군,2023-12,2186,24319,451610,123082.4,328527.5,74888557,12712386,62176171,합계
전라남도 장성군,2023-12,2240,24126,434581.2,141362.8,349353.1,77442539,13364405,64078134,합계
전라남도 완도군,2023-12,2295,31524,420874,119549.8,301324.1,63161890,12166043,50995847,합계
전라남도 진도군,2023-12,1591,8453,359872,90146.5,269725.4,38572296,7670757,30901539,합계
전라남도 신안군,2023-12,1135,11938,207990,82117.7,125872.2,24205678,8776582,15429096,합계
경상북도 포항시,2023-12,50260,1029620,9099858,4744866.4,4354991.5,1564831431,626955386,937876045,합계
경상북도 경주시,2023-12,26509,559377,5238459.5,2454407.5,2815770.4,846919994,277959342,568960652,합계
경상북도 김천시,2023-12,6769,118445,1182799,571245.4,611553.5,228564501,61857757,166706744,합계
경상북도 안동시,2023-12,2966,70283,551077,257352.6,293724.3,102221563,32038533,70183030,합계
경상북도 구미시,2023-12,5737,141895,1217132,693913.6,523218.3,206702827,86961631,119741196,합계
경상북도 영주시,2023-12,8225,169909,1165489.7,470523.8,696421.1,250438104,67197968,183240136,합계
경상북도 영천시,2023-12,6562,114166,1066808,414239.3,652568.6,180639357,49698035,130941322,합계
경상북도 상주시,2023-12,5639,90213,815620,259456.2,556163.7,189144691,35115311,154029380,합계
경상북도 문경시,2023-12,,,,,,,,,합계
경상북도 경산시,2023-12,3537,57985,672214,327602.3,344611.6,113553638,38532346,75021292,합계
경상북도 의성군,2023-12,1783,9993,330540,74613.4,255926.5,42674481,6502618,36171863,합계
경상북도 청송군,2023-12,949,5908,163824,54994.2,108829.7,18383481,4699295,13684186,합계
경상북도 영양군,2023-12,834,4822,159394,56719.8,102674.1,16570895,5049058,11521837,합계
경상북도 영덕군,2023-12,1695,17642,292266,101636.3,190629.6,27751396,9443830,18307566,합계
경상북도 청도군,2023-12,637,4146,86828,29610.8,57217.1,12392036,2991374,9400662,합계
경상북도 고령군,2023-12,131,1102,31404,11032.7,20371.2,4928783,908548,4020235,합계
경상북도 성주군,2023-12,,,,,,,,,합계
경상북도 칠곡군,2023-12,3450,53657,666728,264376.3,402351.6,106188568,27570697,78617871,합계
경상북도 예천군,2023-12,1318,12556,263138.7,70635.7,196261.2,34632531,5955443,28677088,합계
경상북도 봉화군,2023-12,354,1204,55753,11277.8,44475.1,7116441,813964,6302477,합계
경상북도 울진군,2023-12,548,7207,121520,36794.4,84725.5,15744600,2988908,12755692,합계
경상북도 울릉군,2023-12,125,1575,27506,5040,22465.9,3389148,765633,2623515,합계
경상남도 창원시,2023-12,93785,1909686,18594652.5,9514808,9242514.9,3042670955,1182230141,1860440814,합계
경상남도 진주시,2023-12,10729,346051,2884845.7,1492340.8,1400020.1,487810184,174116244,313693940,합계
경상남도 통영시,2023-12,14276,330107,2893042.2,1277664.7,1834243.2,491506058,159539376,331966682,합계
경상남도 사천시,2023-12,11090,239308,2056716.1,856523.7,1284507.2,380780175,98284710,282495465,합계
경상남도 김해시,2023-12,24804,551932,4997020.1,2555442,3459187.9,865013153,328259223,536753930,합계
경상남도 밀양시,2023-12,7539,130238,1226090,481584,744505.9,218711288,56346829,162364459,합계
경상남도 거제시,2023-12,15579,400038,3386434,1787771.7,1598662.2,593393758,206855064,386538694,합계
경상남도 양산시,2023-12,6730,163429,1465240,708684,756555.9,258975961,84729546,174246415,합계
경상남도 의령군,2023-12,566,3345,79613,29952.9,49660,9211395,2471794,6739601,합계
경상남도 함안군,2023-12,3180,31913,576972,209612.3,367359.6,86366885,20738345,65628540,합계
경상남도 창녕군,2023-12,3191,21894,556369,147618,408750.9,84517314,14101430,70415884,합계
경상남도 고성군,2023-12,2547,28796,441739,149422.1,292316.8,67706347,15966874,51739473,합계
경상남도 남해군,2023-12,471,5212,94791,30257.8,64533.1,15412015,3118263,12293752,합계
경상남도 하동군,2023-12,1964,10898,377721,93829.9,283891,35911041,7889100,28021941,합계
경상남도 산청군,2023-12,1533,15593,292236,125415.7,166820.2,26997570,10820969,16176601,합계
경상남도 함양군,2023-12,2020,14329,315427,70152.2,245274.7,45692468,6752293,38940175,합계
경상남도 거창군,2023-12,4041,68881,690328,229519.1,460808.8,108812590,26216136,82596454,합계
경상남도 합천군,2023-12,1953,9011,373784,90064.6,283719.3,41803764,8065771,33737993,합계
제주특별자치도,2023-12,94421,1711531,17865732.2,9688131.1,8394729.8,2830361303,1217047711,1613313592,합계
