지자체명,연월,영업대수,영엽횟수(회),운행거리(km),영업거리(km),공차거리(km),운행시간(초),영업시간(초),공차시간(초),합계
서울특별시,2022-01,80991,1590195,14369547.2,9404687.9,5322745,2511381783,1384236976,1127144807,합계
부산광역시,2022-01,164261,3078468,32413953.1,16945465.8,15528196.1,5942284108,2241190620,3701093488,합계
대구광역시,2022-01,84599,1560105,15771943.9,8136169.9,7700787,2817630870,1107964992,1709665878,합계
인천광역시,2022-01,97800,1963765,21828482.2,12491339.8,9505650.1,3564584256,1598602112,1965982144,합계
광주광역시,2022-01,52753,1254530,11507218.7,6711085.9,4852638,1991861758,866786971,1125074787,합계
대전광역시,2022-01,51891,1358160,10933333.4,6525629.1,4526528.8,1873453860,914764496,958689364,합계
울산광역시,2022-01,108208,2138060,20691921.2,10509640.8,11549298.1,3701477429,1318154269,2383323160,합계
세종특별자치시,2022-01,3168,85825,1029941,512513.3,517427.6,145732309,52992402,92739907,합계
경기도 수원시,2022-01,26692,611482,6573903.4,3800704.1,3462854.8,1197588542,489978879,707609663,합계
경기도 성남시,2022-01,23019,458008,5751807.1,3084352.8,2717274.1,905647864,350096737,555551127,합계
경기도 의정부시,2022-01,2025,57534,545033.5,297753.6,266256.3,93173703,38792373,54381330,합계
경기도 안양시,2022-01,26655,585223,5964392,3308897.1,2655494.8,1060440707,426438822,634001885,합계
경기도 부천시,2022-01,8441,159136,2223908.4,896487.6,2329724.3,310256862,126049775,184207087,합계
경기도 광명시,2022-01,5152,67727,1002644,495988.3,506655.6,183128327,61363938,121764389,합계
경기도 평택시,2022-01,7807,209081,2243143,1181610,1062933.9,353020488,144185077,208835411,합계
경기도 동두천시,2022-01,4829,117990,938334.5,410244.1,540539.8,198766570,52300171,146466399,합계
경기도 안산시,2022-01,12431,324437,3091942.7,1647086.1,2539400.8,523850871,218252529,305598342,합계
경기도 고양시,2022-01,10972,222050,2961221.4,1823173.7,1327973.2,501562028,204216894,297345134,합계
경기도 과천시,2022-01,2426,56206,625556,352519,273036.9,105619947,42181392,63438555,합계
경기도 구리시,2022-01,4276,97647,1182638,670312.9,512325,180997621,75226252,105771369,합계
경기도 남양주시,2022-01,7776,186960,2244150,1259706.6,984443.3,344193141,139119911,205073230,합계
경기도 오산시,2022-01,3082,57141,749769.3,419095.9,337824,121533891,50449961,71083930,합계
경기도 시흥시,2022-01,4291,90283,1076561,576153.2,500407.7,176203348,67664955,108538393,합계
경기도 군포시,2022-01,1249,24175,291807,152360.1,139446.8,52081223,17795947,34285276,합계
경기도 의왕시,2022-01,323,6582,73756,43433.9,30322,13218752,5096125,8122627,합계
경기도 하남시,2022-01,1985,37249,458114,248207.4,209906.5,69038135,29541334,39496801,합계
경기도 용인시,2022-01,3926,98011,1300779,721155.8,579623.1,179916646,80772253,99144393,합계
경기도 파주시,2022-01,5928,139472,1984516.7,1078465.4,907754.5,265109981,106118283,158991698,합계
경기도 이천시,2022-01,4002,98519,1073890,560901.5,512988.4,182919117,62347146,120571971,합계
경기도 안성시,2022-01,2292,40539,524865,229927.8,294937.1,88116314,23797397,64318917,합계
경기도 김포시,2022-01,3432,57826,932098,500007,432090.9,137413077,50455790,86957287,합계
경기도 화성시,2022-01,4303,82714,1281198,680360.8,600837.1,193461458,73691003,119770455,합계
경기도 광주시,2022-01,2756,48038,694991,375755.7,319235.2,102310421,39311784,62998637,합계
경기도 양주시,2022-01,1193,29394,336376,176291.9,160084,50279728,19690834,30588894,합계
경기도 포천시,2022-01,1863,33371,450302.9,192246.8,264212.1,71621092,20655873,50965219,합계
경기도 여주시,2022-01,1259,25415,271748.7,120124,159165.9,50777169,12798838,37978331,합계
경기도 연천군,2022-01,89,2205,29313,12292.6,17020.3,4484949,1025100,3459849,합계
경기도 가평군,2022-01,1128,21053,268828,112801.6,156026.3,39220145,10039655,29180490,합계
경기도 양평군,2022-01,1042,23799,280856,119485.6,161370.3,49175839,11805493,37370346,합계
강원특별자치도 춘천시,2022-01,29299,801934,4995778,2479901.7,2515876.2,1034419488,384278594,650140894,합계
강원특별자치도 원주시,2022-01,29572,832992,5734619.1,3012350.9,2734978,1135945771,403338988,732606783,합계
강원특별자치도 강릉시,2022-01,23553,609360,4361232.8,2251381.2,2138067.7,829474571,314831528,514643043,합계
강원특별자치도 동해시,2022-01,8235,205516,1410930,671342.9,739587,304422553,81696799,222725754,합계
강원특별자치도 태백시,2022-01,4371,120273,963295.2,404911.9,667089,159630206,42569339,117060867,합계
강원특별자치도 속초시,2022-01,12400,334327,2099784,971985.1,1127798.8,410664760,141278238,269386522,합계
강원특별자치도 삼척시,2022-01,4447,123436,759340,330859.5,433579.4,168404517,42279707,126124810,합계
강원특별자치도 홍천군,2022-01,2907,64466,560661,226054.6,334606.3,110232393,24199209,86033184,합계
강원특별자치도 횡성군,2022-01,934,11830,175394,58671.7,116722.2,33466653,5628391,27838262,합계
강원특별자치도 영월군,2022-01,2115,42410,396182,119535.2,276646.7,71348029,13437020,57911009,합계
강원특별자치도 평창군,2022-01,2475,29524,580099,227915.1,352183.8,62706325,17411362,45294963,합계
강원특별자치도 정선군,2022-01,3850,60055,910259,346921.7,563337.2,132692650,27498772,105193878,합계
강원특별자치도 철원군,2022-01,2041,29306,378530,163078.7,215451.2,68140310,14835806,53304504,합계
강원특별자치도 화천군,2022-01,1107,13435,183521,69983.6,113537.3,34123803,6020488,28103315,합계
강원특별자치도 양구군,2022-01,881,12882,203886,89586.7,114299.2,24128273,6941224,17187049,합계
강원특별자치도 인제군,2022-01,1241,12037,216663,81054.8,135608.1,31364905,6056700,25308205,합계
강원특별자치도 고성군,2022-01,1728,17574,386807,134716,252090.9,64461520,11612420,52849100,합계
강원특별자치도 양양군,2022-01,1610,21313,293662,116291.1,177370.8,55520403,10352774,45167629,합계
충청북도 청주시,2022-01,87764,1671838,15362523.3,7767280.4,8223611.5,2748956761,1104265611,1644691150,합계
충청북도 충주시,2022-01,23029,477623,3719826.4,1559841.1,2167348.8,727970215,212716821,515253394,합계
충청북도 제천시,2022-01,,,,,,,,,합계
충청북도 보은군,2022-01,1845,8973,273187,66650.9,206536,43190008,6715137,36474871,합계
충청북도 옥천군,2022-01,,,,,,,,,합계
충청북도 영동군,2022-01,2791,29612,425135,125637.2,299497.7,84341691,13298991,71042700,합계
충청북도 증평군,2022-01,1841,24005,414332.3,110838.1,1975108.8,60166539,12120379,48046160,합계
충청북도 진천군,2022-01,3841,73982,918778.2,368624.2,808443.7,138675640,36781168,101894472,합계
충청북도 괴산군,2022-01,,,,,,,,,합계
충청북도 음성군,2022-01,5808,103032,1393879,567867.4,826011.5,210769311,52103555,158665756,합계
충청북도 단양군,2022-01,,,,,,,,,합계
충청남도 천안시,2022-01,11155,336872,2905540.2,1551385.8,1388749.1,469448073,206639460,262808613,합계
충청남도 공주시,2022-01,2613,38025,503890,178372.4,325517.5,94225462,18869822,75355640,합계
충청남도 보령시,2022-01,8037,134913,1243558,493645.1,749912.8,291285177,59511364,231773813,합계
충청남도 아산시,2022-01,7830,184523,1973943,987899.3,986043.6,328258673,108285424,219973249,합계
충청남도 서산시,2022-01,2757,72705,561916,258349.1,303566.8,124404502,33884469,90520033,합계
충청남도 논산시,2022-01,4746,73523,807850,318632.4,489217.5,157135127,36903476,120231651,합계
충청남도 계룡시,2022-01,1446,26755,296187,123988.6,172198.3,49935265,12271660,37663605,합계
충청남도 당진시,2022-01,2578,43117,597622,223176.5,374445.4,93396377,21177815,72218562,합계
충청남도 금산군,2022-01,,,,,,,,,합계
충청남도 부여군,2022-01,,,,,,,,,합계
충청남도 서천군,2022-01,523,4633,90508,24507.8,66000.1,16110185,2439719,13670466,합계
충청남도 청양군,2022-01,343,1664,51578,14295.5,37282.4,9078082,1415202,7662880,합계
충청남도 홍성군,2022-01,2443,39671,406444,150742.4,255701.5,84063115,16887273,67175842,합계
충청남도 예산군,2022-01,1518,21762,277955,93734.9,184220,51447327,10376882,41070445,합계
충청남도 태안군,2022-01,1557,17054,241951,68918.6,173032.3,50176089,7142050,43034039,합계
전북특별자치도 전주시,2022-01,54091,1376183,10417668.2,5408174.6,5042288.3,1958646492,825767178,1132879314,합계
전북특별자치도 군산시,2022-01,29540,665962,5108934.7,2286834.5,2828098.4,927057406,321593011,605464395,합계
전북특별자치도 익산시,2022-01,2,2,183,61.5,121.4,10516,3077,7439,합계
전북특별자치도 정읍시,2022-01,11549,203739,1772352,651882.7,1120469.2,382242522,83578716,298663806,합계
전북특별자치도 남원시,2022-01,7119,112346,1022170,343889.2,678280.7,235821496,42841557,192979939,합계
전북특별자치도 김제시,2022-01,8115,101494,1160507,332166.3,828340.6,217099342,41164061,175935281,합계
전북특별자치도 완주군,2022-01,3199,37634,599111,235478.5,363632.4,101488540,25805064,75683476,합계
전북특별자치도 진안군,2022-01,778,5228,130468,39047.8,91420.1,18200670,4361857,13838813,합계
전북특별자치도 무주군,2022-01,1159,11321,280028,105980.4,174047.5,31230583,9343344,21887239,합계
전북특별자치도 장수군,2022-01,672,8448,136611,59308.5,77302.4,14160114,5864617,8295497,합계
전북특별자치도 임실군,2022-01,965,4503,159790,48223.5,111566.4,20695737,4632817,16062920,합계
전북특별자치도 순창군,2022-01,1116,5114,158437,41351.8,117085.1,22730124,4143807,18586317,합계
전북특별자치도 고창군,2022-01,3450,30438,555988,164614.6,391373.3,93676199,16700156,76976043,합계
전북특별자치도 부안군,2022-01,3843,28866,583737.3,147243.5,493750.4,115649143,16294947,99354196,합계
전라남도 목포시,2022-01,20314,499261,3834766.1,1684443.9,2563430,674751313,246002616,428748697,합계
전라남도 여수시,2022-01,31152,777219,6292275,3265849.5,3026425.4,1104642985,411110415,693532570,합계
전라남도 순천시,2022-01,9252,246476,1861092,927427.3,933664.6,366015299,120879672,245135627,합계
전라남도 나주시,2022-01,4459,53868,916100,327038,589061.9,134596111,31678329,102917782,합계
전라남도 광양시,2022-01,8993,157034,1575403,672404.8,902998.1,325544179,76367360,249176819,합계
전라남도 담양군,2022-01,2027,15327,311796,99782.8,212013.1,50813098,9735282,41077816,합계
전라남도 곡성군,2022-01,196,635,36767,6910.3,29856.6,3806545,494077,3312468,합계
전라남도 구례군,2022-01,420,3640,66921,15850.4,51070.5,13178799,1453725,11725074,합계
전라남도 고흥군,2022-01,2231,14252,367773,85667.6,282105.3,52249724,8433613,43816111,합계
전라남도 보성군,2022-01,2334,13164,344792,82694.7,262097.2,37643070,8131497,29511573,합계
전라남도 화순군,2022-01,1789,25465,284647,98183.2,186463.7,65118876,11461083,53657793,합계
전라남도 장흥군,2022-01,1485,8590,247266,62821.8,184444.1,32781178,5558750,27222428,합계
전라남도 강진군,2022-01,2041,14113,372658,82828.3,289829.6,47322631,9161095,38161536,합계
전라남도 해남군,2022-01,4232,57757,855158,247600,607557.9,112831111,25404011,87427100,합계
전라남도 영암군,2022-01,2298,16648,402092,138236.6,265932.3,39387770,12553017,26834753,합계
전라남도 무안군,2022-01,3455,46365,660186,237531,422654.9,97779662,26351872,71427790,합계
전라남도 함평군,2022-01,731,2588,115068,19930.6,95137.3,14125841,1901997,12223844,합계
전라남도 영광군,2022-01,2599,24205,473058,109502.7,363555.2,94824827,12134540,82690287,합계
전라남도 장성군,2022-01,2390,14620,364657,89531.8,275125.1,80530443,8470074,72060369,합계
전라남도 완도군,2022-01,2743,33848,507705,135561.2,372143.7,77963729,15047956,62915773,합계
전라남도 진도군,2022-01,399,1399,75942,17848.6,58093.3,8695300,1463217,7232083,합계
전라남도 신안군,2022-01,1111,10156,183958,63958.4,119999.5,22281788,7202982,15078806,합계
경상북도 포항시,2022-01,44567,823701,7695153,3536933.5,4158219.4,1399348116,480341648,919006468,합계
경상북도 경주시,2022-01,21908,365380,4008625.8,1590760.6,2643733.3,692007010,184181285,507825725,합계
경상북도 김천시,2022-01,8333,127479,1301712,555050.6,746661.3,270493293,63539481,206953812,합계
경상북도 안동시,2022-01,4397,84507,782521,302073.8,480447.1,126382715,38351123,88031592,합계
경상북도 구미시,2022-01,8755,193799,1799180,927597.3,871582.6,314978827,116283836,198694991,합계
경상북도 영주시,2022-01,7716,144806,1053175,384592.1,668582.8,234322081,57163925,177158156,합계
경상북도 영천시,2022-01,7182,114706,1082398,387133.8,695264.1,209118492,47429742,161688750,합계
경상북도 상주시,2022-01,6921,94759,870522,268192.2,602329.7,227713106,36091594,191621512,합계
경상북도 문경시,2022-01,2152,33251,298133,101729.7,196403.2,69860997,12728575,57132422,합계
경상북도 경산시,2022-01,2430,54821,509269,254698.2,254570.8,85465334,31253208,54212126,합계
경상북도 의성군,2022-01,1842,7827,302349,56166.2,246182.7,42039350,5034113,37005237,합계
경상북도 청송군,2022-01,932,4878,158797,43638,115158.9,16460337,3828122,12632215,합계
경상북도 영양군,2022-01,717,2853,117457,32109.7,85347.2,13906945,3010498,10896447,합계
경상북도 영덕군,2022-01,1899,15979,278776,88186.4,190589.5,27815142,8728233,19086909,합계
경상북도 청도군,2022-01,1531,9046,188840,56030.9,132809,30428944,5605356,24823588,합계
경상북도 고령군,2022-01,181,967,40051,10216.6,29834.3,6370077,890790,5479287,합계
경상북도 성주군,2022-01,969,8992,206154,65522.4,140631.5,17993521,5741023,12252498,합계
경상북도 칠곡군,2022-01,180,3752,47731,20445,27285.9,8060210,2089644,5970566,합계
경상북도 예천군,2022-01,1261,10872,218946,55592.5,163353.4,30985439,5126326,25859113,합계
경상북도 봉화군,2022-01,1149,3589,176407,33689,142717.9,23662952,2667361,20995591,합계
경상북도 울진군,2022-01,1210,12395,216124,58400.7,157723.2,31244401,5050178,26194223,합계
경상북도 울릉군,2022-01,609,5150,54987,18070.4,36916.5,13566567,2736578,10829989,합계
경상남도 창원시,2022-01,82306,1694700,15791759.7,7476062.5,8516960.4,3021581010,954883212,2066697798,합계
경상남도 진주시,2022-01,31978,700234,5994438.8,2784702,3589938.9,1065106578,349577764,715528814,합계
경상남도 통영시,2022-01,13008,321790,2746061.1,1152172.7,1595163.2,461293581,149493407,311800174,합계
경상남도 사천시,2022-01,11208,225674,1896091,750786.2,1145304.7,396026321,87849452,308176869,합계
경상남도 김해시,2022-01,27423,594000,4885968.1,2413071.8,2474612.1,961735641,331682421,630053220,합계
경상남도 밀양시,2022-01,7773,122289,1173278,411673,761604.9,237293357,48967027,188326330,합계
경상남도 거제시,2022-01,14352,314328,2732623,1307077.5,1425545.5,543855364,152838703,391016661,합계
경상남도 양산시,2022-01,17060,381244,3077809,1510854.3,1566954.6,634251470,187950979,446300491,합계
경상남도 의령군,2022-01,1297,6153,207311,54756.4,152554.5,20776008,4924044,15851964,합계
경상남도 함안군,2022-01,3190,26916,526796,170822.4,355973.5,78621533,17015490,61606043,합계
경상남도 창녕군,2022-01,3178,14884,463436,99042.2,364393.7,79143568,9547252,69596316,합계
경상남도 고성군,2022-01,2577,21371,388686,106420.2,282265.7,67255783,11481758,55774025,합계
경상남도 남해군,2022-01,2752,18567,443331,102009.3,341321.6,63245767,9040172,54205595,합계
경상남도 하동군,2022-01,1731,5689,319065,50333.3,268731.6,31186763,4127172,27059591,합계
경상남도 산청군,2022-01,1416,10298,251321,88722.8,162598.1,22445582,7430419,15015163,합계
경상남도 함양군,2022-01,2187,12118,332815,60963.2,271851.7,47973448,5790533,42182915,합계
경상남도 거창군,2022-01,4376,57142,626339,186481.2,439857.7,106822547,21193091,85629456,합계
경상남도 합천군,2022-01,1921,7668,328368,73598.4,254769.5,36864376,6918052,29946324,합계
제주특별자치도,2022-01,30406,682489,7258917.8,3948774.5,3368048.4,1112955789,464562231,648393558,합계
서울특별시,2022-02,71588,1425817,12916214,8386057.8,4935769.2,2213577635,1186462064,1027115571,합계
부산광역시,2022-02,144471,2728409,28535198.4,14953044.9,13585809,5155910535,1936967579,3218942956,합계
대구광역시,2022-02,77038,1403919,14285170.4,7247486.2,7133609.7,2514493817,972734649,1541759168,합계
인천광역시,2022-02,85510,1724843,19376450.1,10942270.4,8477173.5,3116058156,1367333181,1748724975,합계
광주광역시,2022-02,46059,1106736,10096434,5892333.7,4219864.2,1729715694,746331188,983384506,합계
대전광역시,2022-02,45937,1224029,9824372.1,5854351.7,4030607.2,1660143895,802925310,857218585,합계
울산광역시,2022-02,93557,1817196,17763261.8,8892370.6,9708619.3,3157514325,1084726711,2072787614,합계
세종특별자치시,2022-02,2871,77492,940525,462391.4,478133.5,132994093,47243636,85750457,합계
경기도 수원시,2022-02,23848,548844,5901780.1,3365605.3,3227838.6,1063304009,426288524,637015485,합계
경기도 성남시,2022-02,20243,401710,5048645.6,2664298,2499415,792295872,297376648,494919224,합계
경기도 의정부시,2022-02,3368,88020,832987.5,439067.2,400252.7,145465713,57198768,88266945,합계
경기도 안양시,2022-02,23681,512488,5280414,2869827.1,2410586.8,940974634,363920584,577054050,합계
경기도 부천시,2022-02,7516,144808,1911588.2,821960.4,2345608.5,277153863,112303821,164850042,합계
경기도 광명시,2022-02,4384,57062,872024,419889.7,452134.2,155839355,50136337,105703018,합계
경기도 평택시,2022-02,7096,197046,2110863.9,1115768.6,1034163.3,324218663,133087175,191131488,합계
경기도 동두천시,2022-02,4277,110522,845455.3,371355.4,483190.5,177189489,47123155,130066334,합계
경기도 안산시,2022-02,11055,285087,2729194.1,1445781,2607472.9,458792345,188095646,270696699,합계
경기도 고양시,2022-02,9712,196763,2629123.3,1596535.3,1116294.6,447251157,175268680,271982477,합계
경기도 과천시,2022-02,2153,49819,556940,309762,247177.9,93948276,36448035,57500241,합계
경기도 구리시,2022-02,3887,89785,1088822,610328.6,478493.3,165618120,67743055,97875065,합계
경기도 남양주시,2022-02,6947,168140,2044494,1139156.7,905337.2,307228193,123089580,184138613,합계
경기도 오산시,2022-02,2764,53488,678327.9,375816.8,326265.1,111353398,45033290,66320108,합계
경기도 시흥시,2022-02,3818,82946,978402,519471.7,458930.2,159273835,60791741,98482094,합계
경기도 군포시,2022-02,1077,18727,236803,118848.4,117954.5,42776080,13525003,29251077,합계
경기도 의왕시,2022-02,321,6611,75388,42938,32449.9,13285687,5011484,8274203,합계
경기도 하남시,2022-02,1710,33074,411187,220941.6,190245.3,60155046,25949644,34205402,합계
경기도 용인시,2022-02,3517,89178,1166420.1,640643.2,584234.7,160169728,70498008,89671720,합계
경기도 파주시,2022-02,5304,126716,1783553,959560.6,823992.3,242764461,93386249,149378212,합계
경기도 이천시,2022-02,3590,86530,941147.8,485081.7,490774.2,162250354,53382517,108867837,합계
경기도 안성시,2022-02,2091,36679,476378,210299.8,266078.1,81207742,21495908,59711834,합계
경기도 김포시,2022-02,3124,53570,866618,459519.1,407098.8,126845731,45705289,81140442,합계
경기도 화성시,2022-02,3771,72005,1116117,580717,550694.9,168469042,62362303,106106739,합계
경기도 광주시,2022-02,2530,44671,640954,346250.2,294703.7,94199540,35518555,58680985,합계
경기도 양주시,2022-02,1281,30725,347093,180534.8,166558.1,52401253,20050450,32350803,합계
경기도 포천시,2022-02,1652,28357,378834,160441.1,218392.8,61003618,17035283,43968335,합계
경기도 여주시,2022-02,1182,23745,249084,110899.8,138184.1,46663677,11661880,35001797,합계
경기도 연천군,2022-02,82,2083,26818,11104.2,15713.7,4042747,904637,3138110,합계
경기도 가평군,2022-02,1014,18774,258319,107317.4,151001.5,35181960,9338421,25843539,합계
경기도 양평군,2022-02,936,21113,248960.3,105676.2,208407.7,44387894,10215891,34172003,합계
강원특별자치도 춘천시,2022-02,25924,704055,4451532,2164546.2,2286985.8,916350430,327881669,588468761,합계
강원특별자치도 원주시,2022-02,26086,730161,5089607.8,2636497,2458509.9,1005066657,345988335,659078322,합계
강원특별자치도 강릉시,2022-02,20616,534877,3874583.7,1987189.6,1945359.3,720918048,264893223,456024825,합계
강원특별자치도 동해시,2022-02,7114,168632,1178213,547469.6,630743.3,259610763,64879191,194731572,합계
강원특별자치도 태백시,2022-02,3765,97655,826812,337508.9,548521,135914776,34663773,101251003,합계
강원특별자치도 속초시,2022-02,11396,291454,1903232.4,843090,1078913.9,370318786,118086622,252232164,합계
강원특별자치도 삼척시,2022-02,3791,101172,641078,276621,364456.9,145113475,34267762,110845713,합계
강원특별자치도 홍천군,2022-02,2561,55317,472407,189529.9,282877,96033431,19905731,76127700,합계
강원특별자치도 횡성군,2022-02,828,9993,153080,49746.6,103333.3,29316958,4699779,24617179,합계
강원특별자치도 영월군,2022-02,1892,35390,347753,104491.1,243261.8,62954657,11224279,51730378,합계
강원특별자치도 평창군,2022-02,2149,24755,478164,188264.5,289899.4,51850788,13998630,37852158,합계
강원특별자치도 정선군,2022-02,3465,52588,810764.9,306150.5,506388.4,118328584,24088010,94240574,합계
강원특별자치도 철원군,2022-02,1825,24588,318542,136290.2,182251.7,58980886,12022305,46958581,합계
강원특별자치도 화천군,2022-02,951,10109,140406,52588.1,87817.8,28196049,4557797,23638252,합계
강원특별자치도 양구군,2022-02,809,9861,172763,75115.8,97647.1,20435795,5777845,14657950,합계
강원특별자치도 인제군,2022-02,1075,8809,165426,59622.4,105803.5,25401938,4460589,20941349,합계
강원특별자치도 고성군,2022-02,1555,14544,328282,114509.5,213772.4,55524324,9712048,45812276,합계
강원특별자치도 양양군,2022-02,1480,17929,260925,100200.7,160724.2,49466823,8734302,40732521,합계
충청북도 청주시,2022-02,76590,1473968,13506505.4,6820664.4,7236233.5,2387664479,958663398,1429001081,합계
충청북도 충주시,2022-02,19889,403767,3209762,1332534.4,1877227.5,624491970,176775415,447716555,합계
충청북도 제천시,2022-02,,,,,,,,,합계
충청북도 보은군,2022-02,1626,7407,225586,57811.1,167774.8,36919006,6007440,30911566,합계
충청북도 옥천군,2022-02,,,,,,,,,합계
충청북도 영동군,2022-02,2519,24148,356161,102055.4,254105.5,73026151,10965822,62060329,합계
충청북도 증평군,2022-02,1651,21280,315642.3,94764.5,535672.4,53815783,10472712,43343071,합계
충청북도 진천군,2022-02,3508,67777,830740.7,345340.2,668625.7,125177587,33723151,91454436,합계
충청북도 괴산군,2022-02,,,,,,,,,합계
충청북도 음성군,2022-02,5141,88927,1211605,490951,720653.9,184595233,45101810,139493423,합계
충청북도 단양군,2022-02,,,,,,,,,합계
충청남도 천안시,2022-02,10212,309546,2732558.5,1420936.3,1508884.6,427457149,187234706,240222443,합계
충청남도 공주시,2022-02,2290,31598,416442,149630.5,266811.5,81627628,15697575,65930053,합계
충청남도 보령시,2022-02,7091,114185,1071291,419101.1,652189.8,256591572,49092392,207499180,합계
충청남도 아산시,2022-02,6942,164483,1763582,882098,881483.9,291684453,95565212,196119241,합계
충청남도 서산시,2022-02,2475,62700,488782,221157.1,267624.8,110017416,28598401,81419015,합계
충청남도 논산시,2022-02,4229,63618,697814,273873,423940.9,138832261,31276174,107556087,합계
충청남도 계룡시,2022-02,1279,22902,258243,107392,150850.9,44692196,10412596,34279600,합계
충청남도 당진시,2022-02,2354,38279,525633,194771.2,330861.7,85177812,18851673,66326139,합계
충청남도 금산군,2022-02,,,,,,,,,합계
충청남도 부여군,2022-02,,,,,,,,,합계
충청남도 서천군,2022-02,448,3543,71629,19228.9,52400,13332202,1821484,11510718,합계
충청남도 청양군,2022-02,303,1302,43433,11454.1,31978.8,7786190,1051139,6735051,합계
충청남도 홍성군,2022-02,2156,34642,345885,129826.8,216058.1,72236412,14624487,57611925,합계
충청남도 예산군,2022-02,1357,18957,249475,82579.8,166895.1,45689899,8897755,36792144,합계
충청남도 태안군,2022-02,1369,14470,218122,64217.7,153904.2,43460115,6230263,37229852,합계
전북특별자치도 전주시,2022-02,47614,1213203,9197790.8,4740832.2,4462159.7,1718688087,712752039,1005936048,합계
전북특별자치도 군산시,2022-02,25905,593396,4505123.5,2052146.1,2457015.8,805386644,283123724,522262920,합계
전북특별자치도 익산시,2022-02,1,1,35,4.2,30.7,8328,649,7679,합계
전북특별자치도 정읍시,2022-02,10305,176264,1545490,564667.1,980822.8,335183838,72346284,262837554,합계
전북특별자치도 남원시,2022-02,6281,94865,871539,293025.2,578513.7,201734941,35951782,165783159,합계
전북특별자치도 김제시,2022-02,7052,86459,978733,282800.9,695932,186240631,35003248,151237383,합계
전북특별자치도 완주군,2022-02,2756,32844,500241,199134.5,301106.4,85481548,21791602,63689946,합계
전북특별자치도 진안군,2022-02,681,4598,119231,34606.6,84624.3,15639937,3727719,11912218,합계
전북특별자치도 무주군,2022-02,1035,9990,227204,84786.3,142417.6,25786023,7780993,18005030,합계
전북특별자치도 장수군,2022-02,583,6834,120455,49840.7,70614.2,12169634,4725206,7444428,합계
전북특별자치도 임실군,2022-02,853,4324,131793,39562.2,92230.7,17815638,4048235,13767403,합계
전북특별자치도 순창군,2022-02,1007,4627,134404,36291.8,98112.1,19650375,3819868,15830507,합계
전북특별자치도 고창군,2022-02,3066,25577,463079,134919.2,328159.7,80461162,13964616,66496546,합계
전북특별자치도 부안군,2022-02,3445,24762,502942,126628.4,441538.5,99832765,14108745,85724020,합계
전라남도 목포시,2022-02,18246,451760,3442019.6,1519502.4,2369737.5,604342459,221104705,383237754,합계
전라남도 여수시,2022-02,27247,673512,5506208.8,2857795.5,2652660.4,957181898,348484196,608697702,합계
전라남도 순천시,2022-02,7862,205880,1564081.5,768479.4,806560.5,306503617,98297718,208205899,합계
전라남도 나주시,2022-02,4062,48920,823149.3,292687.6,532600.3,121786722,28350959,93435763,합계
전라남도 광양시,2022-02,7882,135881,1346306,575453.6,770852.3,280293335,64662218,215631117,합계
전라남도 담양군,2022-02,1768,12452,259111,80907,178203.9,43585540,7620589,35964951,합계
전라남도 곡성군,2022-02,186,527,32287,5957,26329.9,3385915,471706,2914209,합계
전라남도 구례군,2022-02,405,2998,57581,13406.3,44174.6,12123029,1206039,10916990,합계
전라남도 고흥군,2022-02,1913,11022,298312,70577.1,227734.8,43261480,6794813,36466667,합계
전라남도 보성군,2022-02,2017,10672,276167,71490.3,204676.6,29790469,6738906,23051563,합계
전라남도 화순군,2022-02,1585,21734,238967,86336.9,152630,54575242,9840882,44734360,합계
전라남도 장흥군,2022-02,1348,7420,217270,57122.4,160147.5,28342457,4957536,23384921,합계
전라남도 강진군,2022-02,1813,12249,312710,70793.2,241916.7,39958197,7993207,31964990,합계
전라남도 해남군,2022-02,3794,49085,727671,205086,522584.9,97738649,21415052,76323597,합계
전라남도 영암군,2022-02,2055,14419,345210,120226.5,224983.4,33488614,11207716,22280898,합계
전라남도 무안군,2022-02,3124,42561,586927,217394.5,369532.4,87079992,24440251,62639741,합계
전라남도 함평군,2022-02,611,1784,91952,16152.4,75799.5,11222318,1425262,9797056,합계
전라남도 영광군,2022-02,2276,19779,393114,88998.8,304115.1,81103991,9671747,71432244,합계
전라남도 장성군,2022-02,2120,12848,312048,80650.8,231397.1,70016609,7653563,62363046,합계
전라남도 완도군,2022-02,2499,29306,439736,117791.1,321944.8,68330277,12923522,55406755,합계
전라남도 진도군,2022-02,367,1252,68109,15901.7,52207.2,7350874,1241163,6109711,합계
전라남도 신안군,2022-02,989,9229,162861,58178.9,104682,19289819,6519064,12770755,합계
경상북도 포항시,2022-02,38033,696434,6585228.7,2999647.5,3592330.4,1178655171,397111592,781543579,합계
경상북도 경주시,2022-02,19096,324345,3573910.7,1440792.8,2347030.1,601610263,163321970,438288293,합계
경상북도 김천시,2022-02,7396,109942,1132894.3,476814.7,658904.2,237510319,53761752,183748567,합계
경상북도 안동시,2022-02,3607,69247,631379,245009.8,386369.1,103294261,30707589,72586672,합계
경상북도 구미시,2022-02,7708,168211,1561590,800693.4,760896.5,275287349,99248617,176038732,합계
경상북도 영주시,2022-02,6754,113113,864565,302780.7,561784.2,199752775,43981843,155770932,합계
경상북도 영천시,2022-02,6070,90712,891506,314631.3,576874.6,169880309,37448842,132431467,합계
경상북도 상주시,2022-02,6155,80696,748875,229893.8,518981.1,200913811,30326660,170587151,합계
경상북도 문경시,2022-02,1968,27742,258652,86944.4,171707.5,62463661,10625788,51837873,합계
경상북도 경산시,2022-02,2193,49322,456602,230031.7,226570.2,76389901,28049358,48340543,합계
경상북도 의성군,2022-02,1533,6224,233538,47539.4,185998.5,32926559,4037212,28889347,합계
경상북도 청송군,2022-02,851,4499,135359,37909.5,97449.4,14876647,3587141,11289506,합계
경상북도 영양군,2022-02,640,2559,93359,27897.5,65461.4,11025613,2617828,8407785,합계
경상북도 영덕군,2022-02,1661,13445,242915,75859.6,167055.3,23320755,7069253,16251502,합계
경상북도 청도군,2022-02,1398,8289,177831,55365.6,122465.3,27400196,5407314,21992882,합계
경상북도 고령군,2022-02,157,792,32107,8338.6,23768.3,5086898,704008,4382890,합계
경상북도 성주군,2022-02,902,7817,179637,56436.3,123200.6,15525103,4950769,10574334,합계
경상북도 칠곡군,2022-02,137,2645,34390,14680.5,19709.4,5923109,1479943,4443166,합계
경상북도 예천군,2022-02,1120,8427,180618,43289.1,137328.8,25491761,4040462,21451299,합계
경상북도 봉화군,2022-02,937,2728,131117,24052.9,107064,18448896,1953236,16495660,합계
경상북도 울진군,2022-02,1878,17948,309672.9,81139,230580.9,44259097,7094151,37164946,합계
경상북도 울릉군,2022-02,487,3640,38934,13068.8,25865.1,10059366,1849439,8209927,합계
경상남도 창원시,2022-02,72336,1458382,13791593.3,6447929.3,7511258.6,2620937669,807124623,1813813046,합계
경상남도 진주시,2022-02,28006,606364,5260643,2433481.9,3175610,922907721,298676550,624231171,합계
경상남도 통영시,2022-02,11496,283550,2448572,1026991.4,1421580.5,402274482,129515191,272759291,합계
경상남도 사천시,2022-02,9924,187336,1630161.3,637351.7,1024149.2,347597333,72733648,274863685,합계
경상남도 김해시,2022-02,24155,519018,4294990,2106012.1,2188977.8,844746192,284710968,560035224,합계
경상남도 밀양시,2022-02,6785,102084,993556,344845.9,648710,203795708,40453085,163342623,합계
경상남도 거제시,2022-02,12627,279522,2412659.7,1161185.1,1287566.8,476243877,134008649,342235228,합계
경상남도 양산시,2022-02,15056,335356,2702302.5,1326969.7,1378315.2,551750295,163428091,388322204,합계
경상남도 의령군,2022-02,1146,5382,179892,48540.2,131351.7,18019103,4420534,13598569,합계
경상남도 함안군,2022-02,2855,23797,456854,148320.5,308533.4,68328164,14922486,53405678,합계
경상남도 창녕군,2022-02,2839,12658,393339,86377.8,306961.1,68092953,8403404,59689549,합계
경상남도 고성군,2022-02,2264,18463,330762,94192.7,236569.2,57262540,10116507,47146033,합계
경상남도 남해군,2022-02,2411,14855,360277,83550.4,276726.5,52151871,7256697,44895174,합계
경상남도 하동군,2022-02,1532,5282,279147,49267,229879.9,26931746,4048954,22882792,합계
경상남도 산청군,2022-02,1211,8232,203357,72561.1,130795.8,18712854,6326732,12386122,합계
경상남도 함양군,2022-02,1853,9642,277578,49806.5,227771.4,39967225,4866728,35100497,합계
경상남도 거창군,2022-02,3899,47688,549598,162544.2,387053.7,91381819,17691398,73690421,합계
경상남도 합천군,2022-02,1703,6469,285277,65594.2,219682.7,30619273,6062734,24556539,합계
제주특별자치도,2022-02,26704,602281,6490144,3575394.1,2950566.8,970973163,406295912,564677251,합계
서울특별시,2022-03,78361,1579101,14608900.8,9547821.3,5253061.6,2362020191,1280266703,1081753488,합계
부산광역시,2022-03,159286,3038468,31360979.8,16439983.7,14934795.2,5565773076,2082163687,3483609389,합계
대구광역시,2022-03,84772,1566947,15728541.5,8131077.8,7740788.1,2708053648,1076863349,1631190299,합계
인천광역시,2022-03,93917,1865454,20943778,11929533.5,9111091.4,3241551421,1461243402,1780308019,합계
광주광역시,2022-03,52031,1264356,11540856.3,6753170.8,4991909.1,1931613726,847279707,1084334019,합계
대전광역시,2022-03,52757,1407892,11252351.6,6745621,4572899.9,1860554679,913017187,947537492,합계
울산광역시,2022-03,105732,2038328,20009429.4,9924640.1,11023072.8,3513504142,1195967476,2317536666,합계
세종특별자치시,2022-03,3244,88557,1049643,522355.6,527287.3,142405816,51993107,90412709,합계
경기도 수원시,2022-03,26476,616188,6724487,3894450,3375106.9,1157612826,478226234,679386592,합계
경기도 성남시,2022-03,22635,453757,5765026.5,3063204.9,2741926,862698585,331811817,530886768,합계
경기도 의정부시,2022-03,5074,130576,1301633.9,657835.8,673832.1,220738844,84040691,136698153,합계
경기도 안양시,2022-03,26372,571538,5926955,3257924.4,2669030.5,1024342629,404488816,619853813,합계
경기도 부천시,2022-03,8440,162894,2300330.7,943968.7,2565195.2,300439303,125620944,174818359,합계
경기도 광명시,2022-03,4823,64328,981893,482840.5,499052.4,168863284,55746908,113116376,합계
경기도 평택시,2022-03,7755,214174,2322029.3,1264057,1063973.9,343919282,147483552,196435730,합계
경기도 동두천시,2022-03,4582,117658,907908.6,397719.5,589515.4,188832556,50332736,138499820,합계
경기도 안산시,2022-03,11915,312848,2923033.2,1595017.9,2906110,483651073,204769526,278881547,합계
경기도 고양시,2022-03,10775,219721,2981562.1,1823998.4,1262577.5,486362754,194112835,292249919,합계
경기도 과천시,2022-03,2305,55035,623912,350416.4,273495.5,100985923,40227481,60758442,합계
경기도 구리시,2022-03,4483,104595,1266208,708666.5,557541.4,187302514,77392803,109909711,합계
경기도 남양주시,2022-03,7815,184709,2293384,1252993.3,1040390.6,337951518,134505519,203445999,합계
경기도 오산시,2022-03,3114,56912,753798.2,421519.4,339552.5,117857200,48929128,68928072,합계
경기도 시흥시,2022-03,4076,87650,1038617.1,556819.3,483588.6,163993827,63721157,100272670,합계
경기도 군포시,2022-03,1168,22448,286877,149203.5,137673.4,48941306,16295094,32646212,합계
경기도 의왕시,2022-03,370,7544,85197,48862.2,36334.7,14639664,5583576,9056088,합계
경기도 하남시,2022-03,1913,37347,481387,257512.6,223874.3,67495683,28764017,38731666,합계
경기도 용인시,2022-03,3808,98767,1278454,712610,565843.9,173221015,76336210,96884805,합계
경기도 파주시,2022-03,5910,142776,2028588.5,1107784.7,924019.2,265728966,105418475,160310491,합계
경기도 이천시,2022-03,3940,95289,1109515,578073,531441.9,173800706,60120468,113680238,합계
경기도 안성시,2022-03,2271,40236,534938,238322.6,296615.3,84100579,24127199,59973380,합계
경기도 김포시,2022-03,3461,58449,949033,511475,437557.9,135287855,50229941,85057914,합계
경기도 화성시,2022-03,4362,85603,1322040.1,702860.6,634161.3,192204204,74332243,117871961,합계
경기도 광주시,2022-03,2777,49422,701232,385147.3,316084.6,100404421,38304951,62099470,합계
경기도 양주시,2022-03,1424,35182,380822,202206.6,178615.3,57206168,22701670,34504498,합계
경기도 포천시,2022-03,1802,31246,426931,182300.4,244630.5,64241998,18919431,45322567,합계
경기도 여주시,2022-03,1340,28454,299415,134376.4,165038.5,51950979,13923917,38027062,합계
경기도 연천군,2022-03,91,1933,25304,10429.7,14874.2,3990292,835464,3154828,합계
경기도 가평군,2022-03,1129,20192,276414,115951.5,160462.4,38084234,10077385,28006849,합계
경기도 양평군,2022-03,1000,23609,279697,119526,160170.9,46827251,11701385,35125866,합계
강원특별자치도 춘천시,2022-03,28807,805524,5039911,2496678.8,2556067.1,1001111436,373944997,627166439,합계
강원특별자치도 원주시,2022-03,29087,832466,5817755.6,3042803.8,2778402.1,1116290036,392754265,723535771,합계
강원특별자치도 강릉시,2022-03,22380,567298,4052598.7,1991059.7,2074514.2,767717661,267257752,500459909,합계
강원특별자치도 동해시,2022-03,7821,186641,1301518,600228.7,701289.2,288103315,71127687,216975628,합계
강원특별자치도 태백시,2022-03,4180,109949,926087.8,372992.1,688613.8,151980970,38303978,113676992,합계
강원특별자치도 속초시,2022-03,13201,278816,1998271,787751.5,1210519.4,393051499,108004585,285046914,합계
강원특별자치도 삼척시,2022-03,4196,131835,794664.9,345314.3,485903.6,167937315,43090549,124846766,합계
강원특별자치도 홍천군,2022-03,2827,59594,506252.7,195872.4,311777.5,105312256,20828538,84483718,합계
강원특별자치도 횡성군,2022-03,997,11932,186433,56067,130365.9,35061028,5421242,29639786,합계
강원특별자치도 영월군,2022-03,2097,40411,395404,118203,277200.9,70503570,12848539,57655031,합계
강원특별자치도 평창군,2022-03,2312,19823,398837,146210.1,252626.8,43740011,11440995,32299016,합계
강원특별자치도 정선군,2022-03,3794,53466,874987,322024.2,568581.7,128992831,24369377,104623454,합계
강원특별자치도 철원군,2022-03,1955,24124,327165,134223.8,192941.1,57558635,11847941,45710694,합계
강원특별자치도 화천군,2022-03,1054,11515,169310,64240,105069.9,30964835,5579385,25385450,합계
강원특별자치도 양구군,2022-03,853,11272,190767,84316.4,106450.5,21620114,6625651,14994463,합계
강원특별자치도 인제군,2022-03,1216,10468,209351,74299.7,135051.2,29178516,5455899,23722617,합계
강원특별자치도 고성군,2022-03,1704,15408,356373,119028.3,237344.6,59714774,9735114,49979660,합계
강원특별자치도 양양군,2022-03,1598,18543,260331,99093,161237.9,51089681,8703134,42386547,합계
충청북도 청주시,2022-03,85491,1685326,15459889.8,7851737.4,8075798.5,2656908202,1085630784,1571277418,합계
충청북도 충주시,2022-03,22059,477478,3792122,1637457.2,2154664.7,697556073,211745984,485810089,합계
충청북도 제천시,2022-03,,,,,,,,,합계
충청북도 보은군,2022-03,1850,8574,267354,67277.7,200076.2,39386402,7106464,32279938,합계
충청북도 옥천군,2022-03,2,29,261,73.1,187.8,70141,10385,59756,합계
충청북도 영동군,2022-03,2862,33232,456770,135751,321018.9,83446885,13900824,69546061,합계
충청북도 증평군,2022-03,1933,26682,367564,119422.3,248141.6,64504573,13175396,51329177,합계
충청북도 진천군,2022-03,3959,80452,973770,401938.3,571831.6,141688703,39034153,102654550,합계
충청북도 괴산군,2022-03,,,,,,,,,합계
충청북도 음성군,2022-03,5669,100101,1381742,553177.8,828564.1,206321068,50533323,155787745,합계
충청북도 단양군,2022-03,,,,,,,,,합계
충청남도 천안시,2022-03,10759,345695,2966400.1,1621060.5,1352320.4,456852949,208860143,247992806,합계
충청남도 공주시,2022-03,2540,39129,499559,183899.3,315659.6,91859382,19550762,72308620,합계
충청남도 보령시,2022-03,7777,123971,1169383,445676.9,723706,278768691,52855957,225912734,합계
충청남도 아산시,2022-03,7701,193114,2055917.4,1054654.4,1009918.5,319871206,111927040,207944166,합계
충청남도 서산시,2022-03,2309,60827,482758,216947.7,265810.2,102456319,27504442,74951877,합계
충청남도 논산시,2022-03,4768,74622,844620,334978.2,509641.7,155657845,36858512,118799333,합계
충청남도 계룡시,2022-03,1426,23409,279123,113548.7,165574.2,48095288,10820952,37274336,합계
충청남도 당진시,2022-03,2576,43592,603452,226143.4,377308.5,92181740,21554055,70627685,합계
충청남도 금산군,2022-03,,,,,,,,,합계
충청남도 부여군,2022-03,69,703,13412,3885.6,9526.3,2401718,387091,2014627,합계
충청남도 서천군,2022-03,518,4402,89703,24696.4,65006.5,14737271,2183562,12553709,합계
충청남도 청양군,2022-03,347,2131,55593,14245.7,41347.2,9239825,1518663,7721162,합계
충청남도 홍성군,2022-03,2407,43985,421373,162320.9,259052,82802406,17888705,64913701,합계
충청남도 예산군,2022-03,1483,22612,286378,97595.6,188782.3,49212890,10141960,39070930,합계
충청남도 태안군,2022-03,1530,16794,250624,73557.5,177066.4,49075796,7043303,42032493,합계
전북특별자치도 전주시,2022-03,52910,1376157,10452154,5397903.2,5054250.7,1901597402,797187602,1104409800,합계
전북특별자치도 군산시,2022-03,28459,660473,5114447.5,2321562.6,2805934.3,892998125,313274558,579723567,합계
전북특별자치도 익산시,2022-03,,,,,,,,,합계
전북특별자치도 정읍시,2022-03,11370,190189,1760794,628344.3,1132449.6,372308863,78000883,294307980,합계
전북특별자치도 남원시,2022-03,6780,104789,996773,331296.9,665476,222403565,40099016,182304549,합계
전북특별자치도 김제시,2022-03,7832,101485,1138310,338830.2,799479.7,206385065,41547758,164837307,합계
전북특별자치도 완주군,2022-03,3126,40623,635887,255873.9,380013,100138783,26901225,73237558,합계
전북특별자치도 진안군,2022-03,801,5588,171944,45099.7,126844.2,19296516,4374326,14922190,합계
전북특별자치도 무주군,2022-03,1001,8691,175066,62255.5,112810.4,20642301,6162537,14479764,합계
전북특별자치도 장수군,2022-03,683,8753,160285,69527.3,90757.6,15613251,6654776,8958475,합계
전북특별자치도 임실군,2022-03,1110,6857,221582,77294.2,144287.7,24196906,7100248,17096658,합계
전북특별자치도 순창군,2022-03,1123,7463,203251,65811.1,137439.8,26810331,6798736,20011595,합계
전북특별자치도 고창군,2022-03,3405,31988,582233,174305.2,407927.7,89117068,17259589,71857479,합계
전북특별자치도 부안군,2022-03,3877,28977,589445.6,156816.3,531220.6,111363994,16808491,94555503,합계
전라남도 목포시,2022-03,21528,527519,4099038.2,1771901.3,2829711.6,710636570,254329588,456306982,합계
전라남도 여수시,2022-03,30073,727988,6004975.6,2998952.1,3015167.8,1052219060,367249479,684969581,합계
전라남도 순천시,2022-03,9046,240802,1837348.6,911031.2,933289.8,353240469,115852707,237387762,합계
전라남도 나주시,2022-03,4544,57728,977544,347628.7,629915.2,139734877,33258625,106476252,합계
전라남도 광양시,2022-03,8678,154610,1540996,663295.8,877700.1,312133512,74228074,237905438,합계
전라남도 담양군,2022-03,1922,12719,290075,80671.5,209403.4,47486467,7697511,39788956,합계
전라남도 곡성군,2022-03,232,720,46585,9327.3,37257.6,4618665,642492,3976173,합계
전라남도 구례군,2022-03,450,3831,75064,18275.3,56788.6,14232601,1649184,12583417,합계
전라남도 고흥군,2022-03,2082,12601,364920,82197.7,282722.2,48754245,7717706,41036539,합계
전라남도 보성군,2022-03,2087,12380,335869,81354.6,254514.3,33698578,7505589,26192989,합계
전라남도 화순군,2022-03,1790,25194,303068,102013.1,201054.8,64628867,11970605,52658262,합계
전라남도 장흥군,2022-03,1491,8535,254378,62370.7,192007.2,31136919,5637266,25499653,합계
전라남도 강진군,2022-03,1940,14026,361454,82445.1,279008.8,43068608,9496033,33572575,합계
전라남도 해남군,2022-03,4200,55324,851817,238766.9,613050,108984325,24155722,84828603,합계
전라남도 영암군,2022-03,2270,17188,405769,140245.9,265523,37907281,12762373,25144908,합계
전라남도 무안군,2022-03,3459,48418,704229,251066.9,453162,98542899,27075282,71467617,합계
전라남도 함평군,2022-03,701,2118,117671,21203.5,96467.4,13602417,2078757,11523660,합계
전라남도 영광군,2022-03,2514,21636,448753,94304.9,354448,91740020,10330969,81409051,합계
전라남도 장성군,2022-03,2361,14953,371246,91316.3,279929.6,81332960,8588359,72744601,합계
전라남도 완도군,2022-03,2719,32388,499811,129009.5,370801.4,72913787,14302106,58611681,합계
전라남도 진도군,2022-03,378,1263,76207,16143.7,60063.2,7839471,1319193,6520278,합계
전라남도 신안군,2022-03,1114,10564,197337,67389.1,129947.8,22938544,7512262,15426282,합계
경상북도 포항시,2022-03,41984,766874,7189642.2,3262934.2,3954821.7,1274418652,429137185,845281467,합계
경상북도 경주시,2022-03,20800,343336,3760181.7,1470038.4,2448788.5,641259133,168389970,472869163,합계
경상북도 김천시,2022-03,8194,136665,1348374,593337.7,755036.2,265383192,66919698,198463494,합계
경상북도 안동시,2022-03,4141,84819,761965,309604.8,452360.1,115603973,38117625,77486348,합계
경상북도 구미시,2022-03,8533,194225,1776273,925920.1,850352.8,303623687,114479626,189144061,합계
경상북도 영주시,2022-03,7545,140089,1036411,372982.6,663428.3,225713966,53961640,171752326,합계
경상북도 영천시,2022-03,6477,97733,945921,332054.5,613866.4,173165991,39936021,133229970,합계
경상북도 상주시,2022-03,6758,91269,875379,261262.2,614116.7,227097424,34419256,192678168,합계
경상북도 문경시,2022-03,2135,31197,286881,96101.8,190779.1,68048956,11692748,56356208,합계
경상북도 경산시,2022-03,2546,60123,555912,284962.5,270949.4,89520461,34446592,55073869,합계
경상북도 의성군,2022-03,1697,6991,285669,53373.7,232295.2,38002838,4677368,33325470,합계
경상북도 청송군,2022-03,911,4642,148033,42964.4,105068.5,15656145,3736920,11919225,합계
경상북도 영양군,2022-03,740,3068,126762,33343.9,93418,14703922,3193385,11510537,합계
경상북도 영덕군,2022-03,1778,14159,260606,80427.9,180178,24370795,7498274,16872521,합계
경상북도 청도군,2022-03,1461,8672,189057,55696.9,133360,28485673,5691933,22793740,합계
경상북도 고령군,2022-03,154,810,32732,8630.3,24101.6,4790872,697449,4093423,합계
경상북도 성주군,2022-03,1025,9543,216242,67757.1,148484.8,18804112,6113998,12690114,합계
경상북도 칠곡군,2022-03,140,2804,37024,15987.8,21036.1,6211965,1564278,4647687,합계
경상북도 예천군,2022-03,1230,10127,214094,52392.6,161701.3,28257830,4856278,23401552,합계
경상북도 봉화군,2022-03,1094,3366,177997,31752.7,146244.2,20603051,2422045,18181006,합계
경상북도 울진군,2022-03,2026,19467,347543,85766.8,261776.1,47575534,7664581,39910953,합계
경상북도 울릉군,2022-03,649,4807,47018,15590.9,31427,13086577,2416854,10669723,합계
경상남도 창원시,2022-03,80339,1625601,15243104.9,7187188.9,8278685,2855486438,887611225,1967875213,합계
경상남도 진주시,2022-03,31317,684059,5871044.6,2730650.9,3203864,1015248246,333184017,682064229,합계
경상남도 통영시,2022-03,12720,303661,2641536,1081224.8,1560311.1,439098584,135345701,303752883,합계
경상남도 사천시,2022-03,10880,209142,1791732,707494.3,1084237.6,378562612,80630553,297932059,합계
경상남도 김해시,2022-03,26795,582677,4783726,2351211.7,2432514.2,936522298,314968728,621553570,합계
경상남도 밀양시,2022-03,5663,79220,855718,281232,574485.9,165690715,31895614,133795101,합계
경상남도 거제시,2022-03,14029,310565,2650212,1271677.5,1378534.4,526988862,145542835,381446027,합계
경상남도 양산시,2022-03,16529,373312,3002341.5,1488237.4,1520822.5,608785300,181867055,426918245,합계
경상남도 의령군,2022-03,1174,5536,193153,48625.1,144527.8,18642928,4204459,14438469,합계
경상남도 함안군,2022-03,3139,23709,496565,151123.2,345441.7,72582911,14838931,57743980,합계
경상남도 창녕군,2022-03,3096,14776,452820,101992.7,350827.2,72051159,10132925,61918234,합계
경상남도 고성군,2022-03,2500,20222,377674,103341.3,274332.6,61650254,10943395,50706859,합계
경상남도 남해군,2022-03,2603,15989,407870,90849.5,317020.4,54629943,7885340,46744603,합계
경상남도 하동군,2022-03,1718,6759,340824,63026.1,277797.8,32535824,5516243,27019581,합계
경상남도 산청군,2022-03,1239,8898,229919,79308.7,150610.2,20896674,6870276,14026398,합계
경상남도 함양군,2022-03,2016,10961,315627,54781.1,260845.8,43585083,5445935,38139148,합계
경상남도 거창군,2022-03,4321,56446,643511,187222.1,456288.8,101056751,20720004,80336747,합계
경상남도 합천군,2022-03,1842,7195,329415,71784.9,257630,34136432,6695124,27441308,합계
제주특별자치도,2022-03,30015,653048,6768394.1,3518779.1,3259827.8,1047989390,405890954,642098436,합계
서울특별시,2022-04,71216,1468463,13803488.5,9212363,8320527.9,2197050738,1295158315,901892423,합계
부산광역시,2022-04,161126,3387626,33503699.6,19051778.2,14494131.7,5683340425,2464059827,3219280598,합계
대구광역시,2022-04,85286,1733750,16737841.6,9206500.2,7607375.7,2773476602,1218556242,1554920360,합계
인천광역시,2022-04,96020,2039690,22655246,13647953,9095986.9,3432358907,1678910882,1753448025,합계
광주광역시,2022-04,52198,1368897,12181718.3,7479546.1,5122532.8,1962121735,941099879,1021021856,합계
대전광역시,2022-04,52524,1467630,11548104.7,7116589.4,4621695.5,1869646111,972463613,897182498,합계
울산광역시,2022-04,108031,2315258,21915348.3,11594910.5,11172463.4,3632862959,1415880281,2216982678,합계
세종특별자치시,2022-04,2980,85761,1037314,528673.4,508640.5,132583412,51993932,80589480,합계
경기도 수원시,2022-04,26441,663555,7281728.8,4461764.7,3344186.2,1194472898,546518189,647954709,합계
경기도 성남시,2022-04,21971,466855,5838073.6,3275339.2,2613662.7,844669775,359786202,484883573,합계
경기도 의정부시,2022-04,6511,191579,1808803.9,998485.2,913212.7,296808735,126667670,170141065,합계
경기도 안양시,2022-04,28595,665675,6741427,3910075.7,2831351.2,1125269451,496607581,628661870,합계
경기도 부천시,2022-04,7789,158073,2133656.3,950463.7,2346074.2,284499880,127692648,156807232,합계
경기도 광명시,2022-04,4944,72401,1122975,581974.5,541000.4,179023890,67427948,111595942,합계
경기도 평택시,2022-04,7679,223728,2462325,1383767,1078557.9,349861563,160911432,188950131,합계
경기도 동두천시,2022-04,4681,128407,1025492.7,467179.4,774921.5,198683405,58150556,140532849,합계
경기도 안산시,2022-04,11794,325160,3045874.4,1708939.3,2322243.6,485528222,220372393,265155829,합계
경기도 고양시,2022-04,10697,229744,3188310.9,2018754.1,1298533.8,488519802,216552621,271967181,합계
경기도 과천시,2022-04,1810,50646,547266,329322.9,217943,86025717,38706841,47318876,합계
경기도 구리시,2022-04,4356,105971,1250923,736004,514918.9,182262632,81726738,100535894,합계
경기도 남양주시,2022-04,7548,188719,2287790,1295595,992194.9,330388284,142356215,188032069,합계
경기도 오산시,2022-04,3141,61520,820177.9,483368.1,350453.8,123234717,55152632,68082085,합계
경기도 시흥시,2022-04,4405,94706,1129565.3,621489.2,525408.7,172476315,71543731,100932584,합계
경기도 군포시,2022-04,1166,26125,312366,174712.5,137653.4,50681755,19283261,31398494,합계
경기도 의왕시,2022-04,360,7217,82990,49871.5,33118.4,13123708,5556340,7567368,합계
경기도 하남시,2022-04,1799,36074,454141,252978.9,201162,64466020,29253535,35212485,합계
경기도 용인시,2022-04,3341,91540,1190565,688639.7,501925.2,155673408,73902376,81771032,합계
경기도 파주시,2022-04,5813,149666,2092932,1186534.7,906397.2,264341857,113829102,150512755,합계
경기도 이천시,2022-04,3925,101892,1126488,599646.3,526841.6,173823273,65086535,108736738,합계
경기도 안성시,2022-04,2209,41435,554351,252656.4,301694.5,83042205,26130272,56911933,합계
경기도 김포시,2022-04,3494,60944,992642.1,550735.8,460326.1,136735831,54405731,82330100,합계
경기도 화성시,2022-04,3779,79847,1297136,719827.7,577308.2,176302788,74333358,101969430,합계
경기도 광주시,2022-04,2757,51385,730181,418986.8,311194.1,101761933,42361208,59400725,합계
경기도 양주시,2022-04,1487,38403,414225,223007.4,191217.5,60153055,24999222,35153833,합계
경기도 포천시,2022-04,1715,33052,458134,198544.4,259589.5,61829867,20711485,41118382,합계
경기도 여주시,2022-04,1226,29823,309081,144022.8,165058.1,50349331,15086797,35262534,합계
경기도 연천군,2022-04,97,2743,35886,15672.4,20213.5,4772555,1283514,3489041,합계
경기도 가평군,2022-04,1063,22258,301568,130490.1,171077.8,37162833,11536979,25625854,합계
경기도 양평군,2022-04,1022,26877,311939,138449.7,173489.2,47220771,13797841,33422930,합계
강원특별자치도 춘천시,2022-04,33727,902853,5856197,2851170.5,3005026.4,1165791569,433993368,731798201,합계
강원특별자치도 원주시,2022-04,29679,898529,6182589.6,3339252.9,2856458,1125824490,435334807,690489683,합계
강원특별자치도 강릉시,2022-04,19458,531105,3738370,1926142.2,1827850.7,673222726,262044784,411177942,합계
강원특별자치도 동해시,2022-04,7875,207374,1404826,676645.8,728180.1,291550547,80048137,211502410,합계
강원특별자치도 태백시,2022-04,4212,117489,962887.9,398567.9,721496,153046420,40914051,112132369,합계
강원특별자치도 속초시,2022-04,13029,332158,2188806.4,976843.5,1230317.4,413529960,135132750,278397210,합계
강원특별자치도 삼척시,2022-04,4149,141397,848398.4,381080.6,540735.3,164760700,46882982,117877718,합계
강원특별자치도 홍천군,2022-04,2774,65562,557970,223551.9,334418,100237761,23977301,76260460,합계
강원특별자치도 횡성군,2022-04,1262,18765,269666,89369.3,180296.6,46494401,8507612,37986789,합계
강원특별자치도 영월군,2022-04,2128,45421,426785,136143.2,290641.7,70703407,14594832,56108575,합계
강원특별자치도 평창군,2022-04,2278,21216,435519,156307.2,279211.7,44765952,12342860,32423092,합계
강원특별자치도 정선군,2022-04,3987,59395,989982.9,371841.1,680937.8,132128660,27501881,104626779,합계
강원특별자치도 철원군,2022-04,1949,29046,391856,168958.9,222897,59509201,14942598,44566603,합계
강원특별자치도 화천군,2022-04,996,13746,197425,80416.6,117008.3,30400558,6719780,23680778,합계
강원특별자치도 양구군,2022-04,813,12203,204501,91189.7,113311.2,21911534,7410714,14500820,합계
강원특별자치도 인제군,2022-04,1199,12669,246628,93291.1,153336.8,31123377,6917655,24205722,합계
강원특별자치도 고성군,2022-04,1618,17502,390888,138736.8,252151.1,57770165,11392825,46377340,합계
강원특별자치도 양양군,2022-04,1588,21849,318736,129687.7,189048.2,50708645,11005369,39703276,합계
충청북도 청주시,2022-04,84930,1808864,16191440.9,8720714,8264237.9,2692041879,1214953901,1477087978,합계
충청북도 충주시,2022-04,21761,520817,4019909,1811959.5,2207949.4,702486667,236364493,466122174,합계
충청북도 제천시,2022-04,,,,,,,,,합계
충청북도 보은군,2022-04,1900,9914,313291,82988.7,230302.2,41876513,8807765,33068748,합계
충청북도 옥천군,2022-04,2214,34624,358786,116029.9,242756,70424703,14178813,56245890,합계
충청북도 영동군,2022-04,2770,36216,500504,155727.4,344776.5,81381111,15609316,65771795,합계
충청북도 증평군,2022-04,1962,28903,404581,133560.7,271020.2,64070658,14590081,49480577,합계
충청북도 진천군,2022-04,3720,82682,1008378,425266.7,583111.3,136263748,41184835,95078913,합계
충청북도 괴산군,2022-04,,,,,,,,,합계
충청북도 음성군,2022-04,5478,106463,1494529,608963.7,885565.2,205780456,55447246,150333210,합계
충청북도 단양군,2022-04,,,,,,,,,합계
충청남도 천안시,2022-04,10928,368670,3194688.1,1809825.2,1389440.7,466096747,233416912,232679835,합계
충청남도 공주시,2022-04,2501,44025,556521,212937,343583.9,90902828,22691742,68211086,합계
충청남도 보령시,2022-04,7461,135820,1268044,510697.9,757346,272025065,59846769,212178296,합계
충청남도 아산시,2022-04,7587,198619,2112334,1127487,986240.9,312923986,119203342,193720644,합계
충청남도 서산시,2022-04,2260,63469,516744,245732.5,271011.4,98568592,30162696,68405896,합계
충청남도 논산시,2022-04,4684,80748,908583,371066.7,537516.2,154999326,40959004,114040322,합계
충청남도 계룡시,2022-04,1438,25987,308670,127885,180784.9,48951302,12537005,36414297,합계
충청남도 당진시,2022-04,2481,47897,641548.2,252606.4,436100.5,91331683,23955843,67375840,합계
충청남도 금산군,2022-04,,,,,,,,,합계
충청남도 부여군,2022-04,273,2820,57175,16429.5,40745.4,9620111,1622868,7997243,합계
충청남도 서천군,2022-04,486,4511,97309,26637.5,70671.4,13733752,2381654,11352098,합계
충청남도 청양군,2022-04,380,2279,60589,17197,43391.9,9067809,1827322,7240487,합계
충청남도 홍성군,2022-04,2303,48076,455821,183814.3,272006.6,80204573,19683475,60521098,합계
충청남도 예산군,2022-04,1384,23380,297775.6,105975,224654.9,45732416,10914761,34817655,합계
충청남도 태안군,2022-04,1511,19375,299829,90758.4,209070.5,51117614,8598441,42519173,합계
전북특별자치도 전주시,2022-04,53151,1519978,11037993.5,6107802.9,4979200,1952050446,917579047,1034471399,합계
전북특별자치도 군산시,2022-04,27854,724904,5405852,2628050.2,2777801.7,884431345,354152836,530278509,합계
전북특별자치도 익산시,2022-04,,,,,,,,,합계
전북특별자치도 정읍시,2022-04,11161,213639,1913812,726930.4,1186881.5,369639419,89582918,280056501,합계
전북특별자치도 남원시,2022-04,6611,122101,1081083,383055.8,698027.1,218942518,46882006,172060512,합계
전북특별자치도 김제시,2022-04,7726,112655,1247230.4,381327.4,893790.5,210587512,46095582,164491930,합계
전북특별자치도 완주군,2022-04,3098,42581,666865.7,273490.5,423428.4,100990683,29481933,71508750,합계
전북특별자치도 진안군,2022-04,828,6344,198951,50494.1,148456.8,21060485,4997425,16063060,합계
전북특별자치도 무주군,2022-04,1060,9368,208565,72045.8,136519.1,22695691,7296208,15399483,합계
전북특별자치도 장수군,2022-04,626,7308,160849,60398.4,100450.5,14630058,5818500,8811558,합계
전북특별자치도 임실군,2022-04,1087,7423,245217,83603.5,161613.4,25539021,7550333,17988688,합계
전북특별자치도 순창군,2022-04,1084,7460,210229,62567.3,147661.6,26590101,6163339,20426762,합계
전북특별자치도 고창군,2022-04,3355,35105,637455,199087.8,438367.1,89573762,19742194,69831568,합계
전북특별자치도 부안군,2022-04,3733,31425,631675.3,176050.5,563919.4,107750012,18411767,89338245,합계
전라남도 목포시,2022-04,21580,595308,4404910.2,2058965.9,2997866,736006115,299004648,437001467,합계
전라남도 여수시,2022-04,29946,834613,6619154.8,3566980.6,3170023.3,1086226921,438187740,648039181,합계
전라남도 순천시,2022-04,8793,275663,1996764,1070408.6,926355.3,346798521,135845080,210953441,합계
전라남도 나주시,2022-04,4510,61465,1078632,392749.7,685882.2,140294713,37155279,103139434,합계
전라남도 광양시,2022-04,8230,162694,1611599,719246,892352.9,299288729,79835687,219453042,합계
전라남도 담양군,2022-04,1884,14192,326634,92731,233902.9,47976452,9083473,38892979,합계
전라남도 곡성군,2022-04,227,735,51493,9431.8,42061.1,4563739,686074,3877665,합계
전라남도 구례군,2022-04,440,4784,90933,22566.6,68366.3,15018570,2081071,12937499,합계
전라남도 고흥군,2022-04,2072,14355,428666.9,96541.8,353293.1,51492035,9211431,42280604,합계
전라남도 보성군,2022-04,2042,14107,381372,95747.8,285624.1,37112538,8472875,28639663,합계
전라남도 화순군,2022-04,1776,29703,341520,119320.1,222199.8,65798217,14009316,51788901,합계
전라남도 장흥군,2022-04,1460,9505,297370.4,73261.9,236225,32640108,6368635,26271473,합계
전라남도 강진군,2022-04,1918,15214,433401,94885.5,338515.4,45851122,10034461,35816661,합계
전라남도 해남군,2022-04,4283,62798,961449,275691.4,685757.5,113630296,28113339,85516957,합계
전라남도 영암군,2022-04,2274,18421,457938,155920.9,302017,41356509,14606696,26749813,합계
전라남도 무안군,2022-04,3304,49398,737648,263897.1,473750.8,96996376,28380936,68615440,합계
전라남도 함평군,2022-04,708,2465,141413,24829.5,116583.4,14828104,2334060,12494044,합계
전라남도 영광군,2022-04,2501,24887,506143,112043.4,394099.5,90855138,11512250,79342888,합계
전라남도 장성군,2022-04,2308,16939,412620,105996.4,306623.5,79618085,9777006,69841079,합계
전라남도 완도군,2022-04,2668,35365,522333,141712,380620.9,71902326,15806402,56095924,합계
전라남도 진도군,2022-04,403,1405,83684,15583.5,68100.4,7732965,1250244,6482721,합계
전라남도 신안군,2022-04,1126,11164,231510,74623,156886.9,26666712,8622436,18044276,합계
경상북도 포항시,2022-04,42763,879248,7945575.9,3842662.4,4114768.5,1340481557,507587971,832893586,합계
경상북도 경주시,2022-04,21223,422400,4497757.5,2012752.4,2771464.5,701106687,234755536,466351151,합계
경상북도 김천시,2022-04,8073,150623,1453346.6,669903.3,784788.6,260951667,75489981,185461686,합계
경상북도 안동시,2022-04,4289,101721,881996,384848,497147.9,118909730,46526668,72383062,합계
경상북도 구미시,2022-04,8422,209100,1868410,1007522.3,860887.6,303018832,125745784,177273048,합계
경상북도 영주시,2022-04,7485,158613,1136752.9,430094.4,730880.5,228014670,61882279,166132391,합계
경상북도 영천시,2022-04,6505,109923,1045725,384421.9,661303,175059901,46400380,128659521,합계
경상북도 상주시,2022-04,6718,104634,956434,300941.9,655492,229855891,40161756,189694135,합계
경상북도 문경시,2022-04,2044,36029,320286.1,114807.1,208615.8,67466632,13986291,53480341,합계
경상북도 경산시,2022-04,2557,60564,559421,296041.7,263379.3,88265599,35454731,52810868,합계
경상북도 의성군,2022-04,1719,7991,325305,61189.7,264115.2,39205307,5304224,33901083,합계
경상북도 청송군,2022-04,906,5197,165619,45987.3,119631.6,16718070,4302440,12415630,합계
경상북도 영양군,2022-04,734,3159,144340,36646.3,107693.6,15693720,3460074,12233646,합계
경상북도 영덕군,2022-04,1786,15511,288835,91825.6,197009.3,26639502,8353402,18286100,합계
경상북도 청도군,2022-04,1479,10126,215346,66438.2,148907.7,29664212,7086503,22577709,합계
경상북도 고령군,2022-04,166,958,37665,9422.6,28242.3,5332418,758569,4573849,합계
경상북도 성주군,2022-04,1014,10125,242205,76698.9,165506,20454813,6709532,13745281,합계
경상북도 칠곡군,2022-04,150,3112,43595,19054.2,24540.7,6433092,1855624,4577468,합계
경상북도 예천군,2022-04,1221,11435,236847,59743.8,177103.1,28901164,5352649,23548515,합계
경상북도 봉화군,2022-04,1165,4046,210595,36596.2,173998.7,22229008,2959714,19269294,합계
경상북도 울진군,2022-04,2170,23694,410486,105292.4,306859.5,51227572,9181258,42046314,합계
경상북도 울릉군,2022-04,790,8896,97369,31535.8,65833.1,21772839,4962573,16810266,합계
경상남도 창원시,2022-04,82877,1880409,17024122.7,8548466.9,9006820,2982752988,1063092091,1919660897,합계
경상남도 진주시,2022-04,31989,784770,6421303.1,3191568.9,3536225,1052768316,390445172,662323144,합계
경상남도 통영시,2022-04,12908,334903,2791688.1,1218103.4,1604741.5,448763982,154626131,294137851,합계
경상남도 사천시,2022-04,10937,237615,2006643,819918.8,1186724.1,385715591,93603381,292112210,합계
경상남도 김해시,2022-04,26929,643310,5185934,2672696.5,2513237.4,958125119,361073183,597051936,합계
경상남도 밀양시,2022-04,5144,82625,884896,302212.9,637589,153925816,34597818,119327998,합계
경상남도 거제시,2022-04,13892,346785,2907768,1454853.3,1452914.6,533216347,166405114,366811233,합계
경상남도 양산시,2022-04,16687,409066,3281752.2,1669792.9,1640783,616209198,205500919,410708279,합계
경상남도 의령군,2022-04,1165,5982,204288,50493.6,153794.3,19443587,4587013,14856574,합계
경상남도 함안군,2022-04,3130,27793,576718,179178.1,397539.8,77717879,17790329,59927550,합계
경상남도 창녕군,2022-04,3050,15960,496376,113887.6,382488.3,72481356,11079737,61401619,합계
경상남도 고성군,2022-04,2441,23487,420043,121812.1,298230.8,62644344,12981580,49662764,합계
경상남도 남해군,2022-04,2562,18020,458166,110836.8,347329.1,55905128,9679215,46225913,합계
경상남도 하동군,2022-04,1813,7531,405066,73765.8,331300.1,36555681,6163110,30392571,합계
경상남도 산청군,2022-04,1184,9643,239350,86366.6,152983.3,21423045,7433709,13989336,합계
경상남도 함양군,2022-04,1958,13332,359624,72099.9,287524,45014794,6629823,38384971,합계
경상남도 거창군,2022-04,4263,63730,710212,211972.6,498239.3,103625096,23945191,79679905,합계
경상남도 합천군,2022-04,1918,8065,382343,83381,298961.9,38878360,8045303,30833057,합계
제주특별자치도,2022-04,30978,729736,7483991.9,4176339.4,3420927.5,1105319841,484073247,621246594,합계
서울특별시,2022-05,100218,1837538,19864633.2,12693066.3,7665321.6,3130268523,1740390140,1389878383,합계
부산광역시,2022-05,166000,3680250,35648071,21025635.3,14646988.6,5895511945,2701673581,3193838364,합계
대구광역시,2022-05,89254,1889791,17764953.2,10124230.8,7692869.1,2883039385,1335825891,1547213494,합계
인천광역시,2022-05,99685,2137581,23350074,14477140.3,8901721.6,3536761464,1772058302,1764703162,합계
광주광역시,2022-05,54894,1467097,12955740.9,8118216.4,4992065.5,2041268059,1016893228,1024374831,합계
대전광역시,2022-05,55032,1572669,12167876.3,7625888.4,4865301.5,1955077902,1043682823,911395079,합계
울산광역시,2022-05,113351,2529542,23545621.8,12829090.2,11665868.7,3820476664,1582083347,2238393317,합계
세종특별자치시,2022-05,2766,82147,984140,515668.8,468471.1,121131378,49940459,71190919,합계
경기도 수원시,2022-05,26969,682982,7485370.2,4695064.5,3172105.4,1197278414,569117798,628160616,합계
경기도 성남시,2022-05,22731,488874,5933233.5,3374522,2617182.9,859999376,370574019,489425357,합계
경기도 의정부시,2022-05,6696,199141,1848735.2,1039866.4,1721882.5,300090746,132773746,167317000,합계
경기도 안양시,2022-05,29669,711855,7013640,4164965.5,2848674.4,1152213305,529810201,622403104,합계
경기도 부천시,2022-05,8150,162004,2311836.2,983663,2257700.9,286567953,131893762,154674191,합계
경기도 광명시,2022-05,4989,71894,1146986,587352.7,559633.2,176412977,67240734,109172243,합계
경기도 평택시,2022-05,7509,217200,2440773.6,1391344.2,1056169.7,338010887,159880930,178129957,합계
경기도 동두천시,2022-05,4887,138326,1123221.4,530246.8,914479.1,206510923,64751612,141759311,합계
경기도 안산시,2022-05,12341,341594,3114707.8,1781638.7,2663414.2,499720428,231350197,268370231,합계
경기도 고양시,2022-05,11301,248969,3426324.5,2212102.6,1270253.3,517675732,236194235,281481497,합계
경기도 과천시,2022-05,1873,52785,551513,339640.2,211872.7,85374122,39782857,45591265,합계
경기도 구리시,2022-05,4509,111308,1282246,762360.4,519885.5,186180014,84808118,101371896,합계
경기도 남양주시,2022-05,7752,171513,2304814,1172936.2,1131877.7,330631890,127675707,202956183,합계
경기도 오산시,2022-05,3160,60309,827834,496307.6,331526.3,122952206,55940217,67011989,합계
경기도 시흥시,2022-05,5231,113480,1352764,747485.8,605278.1,204288476,86119714,118168762,합계
경기도 군포시,2022-05,1202,28680,327510,186871.9,140638,52142227,20641734,31500493,합계
경기도 의왕시,2022-05,367,8027,85896,52321.7,33574.2,13405431,5904572,7500859,합계
경기도 하남시,2022-05,1786,34189,425645,241352.5,184292.4,61089249,27980639,33108610,합계
경기도 용인시,2022-05,2553,74712,979509,575122.1,404386.8,126356997,61361830,64995167,합계
경기도 파주시,2022-05,5941,153258,2169647,1246236.4,923410.5,265966127,118212468,147753659,합계
경기도 이천시,2022-05,3983,105002,1148238,617676,530561.9,172930463,67673881,105256582,합계
경기도 안성시,2022-05,2284,43483,587640,272931.8,314708.1,85866935,28057305,57809630,합계
경기도 김포시,2022-05,3547,62628,1002630.8,564883.2,440277.7,136608762,55614776,80993986,합계
경기도 화성시,2022-05,3869,82151,1335931,757305.8,578625.1,180137569,78142512,101995057,합계
경기도 광주시,2022-05,2856,50815,730666,425935.1,304730.8,100815334,42790034,58025300,합계
경기도 양주시,2022-05,1539,38315,408938,219385.2,189552.7,59827021,24840848,34986173,합계
경기도 포천시,2022-05,1768,34790,494765,218724.3,276040.6,62835757,22536018,40299739,합계
경기도 여주시,2022-05,1237,30732,326585,154405.2,172179.7,49757323,15990238,33767085,합계
경기도 연천군,2022-05,99,2921,41697,18134.6,23562.3,4970177,1393269,3576908,합계
경기도 가평군,2022-05,1125,23299,327916,145074.8,182841.1,38577486,12755486,25822000,합계
경기도 양평군,2022-05,1064,28872,336706,152208,184497.9,48656844,15041610,33615234,합계
강원특별자치도 춘천시,2022-05,34164,950855,5948072,3025924.1,2922147.8,1156110039,463696086,692413953,합계
강원특별자치도 원주시,2022-05,30298,962099,6635261.4,3657419.9,3011488,1171918276,479643233,692275043,합계
강원특별자치도 강릉시,2022-05,8512,256569,1827750,970031,857718.9,303835544,127697708,176137836,합계
강원특별자치도 동해시,2022-05,8455,231662,1602275,786784.7,815490.2,318832995,92464946,226368049,합계
강원특별자치도 태백시,2022-05,4388,125296,1026551.1,435476.9,691580,162599724,44841319,117758405,합계
강원특별자치도 속초시,2022-05,13551,378133,2409170,1150881.4,1260447.5,436563878,160333032,276230846,합계
강원특별자치도 삼척시,2022-05,3403,124602,735836,340650.1,395185.8,139695617,42517852,97177765,합계
강원특별자치도 홍천군,2022-05,1851,46925,404228,167866.1,236361.8,67265434,17825525,49439909,합계
강원특별자치도 횡성군,2022-05,1276,20480,297758,102038.9,195719,47590810,9544701,38046109,합계
강원특별자치도 영월군,2022-05,2206,46684,455497,146704.4,308792.5,73851878,15607721,58244157,합계
강원특별자치도 평창군,2022-05,2477,26427,527000,195032.3,331967.6,52282196,15378363,36903833,합계
강원특별자치도 정선군,2022-05,4141,69771,1175162.7,451612,734008.9,143145903,33029368,110116535,합계
강원특별자치도 철원군,2022-05,2018,34044,459233,200530.6,258702.3,65740833,17578464,48162369,합계
강원특별자치도 화천군,2022-05,1056,16396,236089,100185.9,135903,32955044,8228808,24726236,합계
강원특별자치도 양구군,2022-05,873,15552,256980,116759.3,140220.6,26495917,9484429,17011488,합계
강원특별자치도 인제군,2022-05,1216,16280,295899,116854.8,179044.1,35611019,8540993,27070026,합계
강원특별자치도 고성군,2022-05,1686,20674,459016,173174.3,285841.6,61744860,14355405,47389455,합계
강원특별자치도 양양군,2022-05,1853,27292,430639,182530.5,248108.4,61911981,15077006,46834975,합계
충청북도 청주시,2022-05,89241,1914030,17310995,9456959.3,8820489.6,2827467782,1305870490,1521597292,합계
충청북도 충주시,2022-05,22664,567388,4306545,1993134.9,2313410,732204209,260164368,472039841,합계
충청북도 제천시,2022-05,,,,,,,,,합계
충청북도 보은군,2022-05,1968,10746,346287,90213.2,256073.7,43467090,9571464,33895626,합계
충청북도 옥천군,2022-05,3562,57898,593142,200119.6,393022.3,115567659,24152773,91414886,합계
충청북도 영동군,2022-05,2858,40383,545922,172254.5,373667.4,85817682,17407633,68410049,합계
충청북도 증평군,2022-05,2249,34438,486885,166310.1,320574.8,73740789,17899719,55841070,합계
충청북도 진천군,2022-05,3844,86456,1057896,446864.8,611031.1,138629242,43449834,95179408,합계
충청북도 괴산군,2022-05,,,,,,,,,합계
충청북도 음성군,2022-05,5688,113654,1608015,651680.7,956334.2,213219246,59365917,153853329,합계
충청북도 단양군,2022-05,,,,,,,,,합계
충청남도 천안시,2022-05,10769,368133,3214604.1,1855645,1440336.9,453419968,235676018,217743950,합계
충청남도 공주시,2022-05,2645,48383,602591,239911.3,362679.6,94088353,25286813,68801540,합계
충청남도 보령시,2022-05,7743,153994,1445177,609658.8,835518.1,287978620,70602360,217376260,합계
충청남도 아산시,2022-05,7773,209540,2226907.8,1210712.9,1017397,321333767,127007696,194326071,합계
충청남도 서산시,2022-05,2317,66613,552371,265034,287336.9,100159669,32324141,67835528,합계
충청남도 논산시,2022-05,4905,88801,981571,408743.4,572827.5,163450822,45125440,118325382,합계
충청남도 계룡시,2022-05,1442,31067,359993,154337,205655.9,50694119,14643019,36051100,합계
충청남도 당진시,2022-05,2580,51207,685632,271015.8,414616.1,93660355,25491316,68169039,합계
충청남도 금산군,2022-05,,,,,,,,,합계
충청남도 부여군,2022-05,330,3680,72721,21749.5,50971.4,11612843,2167714,9445129,합계
충청남도 서천군,2022-05,494,5299,106452,31686.3,74765.6,14730326,2814677,11915649,합계
충청남도 청양군,2022-05,365,2577,65176,20008.8,45167.1,8914311,2039858,6874453,합계
충청남도 홍성군,2022-05,2454,53557,506400,202583.9,303816,85275782,21815091,63460691,합계
충청남도 예산군,2022-05,1426,26089,322962,119006.3,203955.6,46624677,11894063,34730614,합계
충청남도 태안군,2022-05,1527,21042,334770.1,104105.7,234832.2,51954352,9860549,42093803,합계
전북특별자치도 전주시,2022-05,54603,1656275,11586651.8,6706030.7,4885230.2,2012839977,1006841465,1005998512,합계
전북특별자치도 군산시,2022-05,29263,794972,5838915.6,2930032.8,3290343.1,929478742,392000748,537477994,합계
전북특별자치도 익산시,2022-05,2,4,167,21,145.9,36186,3311,32875,합계
전북특별자치도 정읍시,2022-05,11534,230705,2045314,786517.6,1258796.3,385830121,96719006,289111115,합계
전북특별자치도 남원시,2022-05,7035,137955,1240083.2,443863.7,798883.2,237599837,54196699,183403138,합계
전북특별자치도 김제시,2022-05,7894,122131,1330448,419222.4,911225.5,215148933,50834684,164314249,합계
전북특별자치도 완주군,2022-05,3206,46169,714731,302748.6,411982.3,104617205,32484253,72132952,합계
전북특별자치도 진안군,2022-05,867,6825,207449,55184.5,152264.4,22230775,5651780,16578995,합계
전북특별자치도 무주군,2022-05,1146,8322,229576,70953.8,158622.1,25218492,7033714,18184778,합계
전북특별자치도 장수군,2022-05,646,5446,162119,44268.4,117850.5,14597395,4340965,10256430,합계
전북특별자치도 임실군,2022-05,1187,8459,272786,91441.6,181344.3,29031271,8214586,20816685,합계
전북특별자치도 순창군,2022-05,1166,7700,230755,66989.8,163765.1,28304182,6709731,21594451,합계
전북특별자치도 고창군,2022-05,3371,38202,686382,224871.7,461510.2,93621218,22505432,71115786,합계
전북특별자치도 부안군,2022-05,3871,33540,677382.7,189634,580686.9,110480230,19003521,91476709,합계
전라남도 목포시,2022-05,22772,662589,4741805.9,2320363.9,3029999,780686861,336621999,444064862,합계
전라남도 여수시,2022-05,31246,928288,7113607.2,3996752.3,3127898.6,1148700095,500901232,647798863,합계
전라남도 순천시,2022-05,9363,299146,2137091,1168950.7,968140.2,363868618,147956727,215911891,합계
전라남도 나주시,2022-05,4605,66050,1167942.9,438185.2,731466.7,146663818,40821175,105842643,합계
전라남도 광양시,2022-05,8572,176234,1711638,788774.1,922863.8,310257086,87759743,222497343,합계
전라남도 담양군,2022-05,2004,16226,357749,105989.5,251759.4,52111920,10361611,41750309,합계
전라남도 곡성군,2022-05,242,1077,56734,11488.3,45245.6,4886029,888141,3997888,합계
전라남도 구례군,2022-05,477,5207,99892,24171.3,75720.6,15932158,2122483,13809675,합계
전라남도 고흥군,2022-05,2267,15852,462698,100610.9,362087,54508881,9741434,44767447,합계
전라남도 보성군,2022-05,2088,15703,417127,107079.9,310047,39988808,9592612,30396196,합계
전라남도 화순군,2022-05,1783,30500,347982,124962,223019.9,65219707,14755143,50464564,합계
전라남도 장흥군,2022-05,1511,10134,314178,77493.5,236684.4,33888598,7068682,26819916,합계
전라남도 강진군,2022-05,2006,15512,461957.7,95475.4,368889.5,48043655,10074643,37969012,합계
전라남도 해남군,2022-05,4440,67669,1022300,301707.7,720592.2,118535028,30294547,88240481,합계
전라남도 영암군,2022-05,2337,19489,483079.2,167963.5,316712.4,43392941,15822513,27570428,합계
전라남도 무안군,2022-05,3477,53537,811843,293858.1,517984.8,103369271,31080565,72288706,합계
전라남도 함평군,2022-05,712,2759,149747,27273.7,122473.2,15462777,2422985,13039792,합계
전라남도 영광군,2022-05,2617,27950,549029,126721.5,422307.4,96656191,13779322,82876869,합계
전라남도 장성군,2022-05,2439,18772,447628,117248.1,330379.8,85696967,10883023,74813944,합계
전라남도 완도군,2022-05,2781,39180,572162,163021.3,409140.6,76098008,18067396,58030612,합계
전라남도 진도군,2022-05,442,1709,96866.8,19867.5,78427.4,8698451,1644201,7054250,합계
전라남도 신안군,2022-05,1164,11169,245445,75427.5,170017.4,27820367,8366245,19454122,합계
경상북도 포항시,2022-05,44963,986484,8575801.7,4360626.2,4226089.7,1412757152,579889288,832867864,합계
경상북도 경주시,2022-05,21638,430750,4601478.5,2014388.2,2765535.7,707102395,230320007,476782388,합계
경상북도 김천시,2022-05,8209,161174,1542067.6,730680.5,812894.4,265007577,81707876,183299701,합계
경상북도 안동시,2022-05,4427,111132,941094,421116.6,519977.3,121207981,51019652,70188329,합계
경상북도 구미시,2022-05,8194,215898,1873363.7,1041935.6,832707.3,298026183,129251947,168774236,합계
경상북도 영주시,2022-05,7734,176339,1241190,482656.2,758533.7,235961803,69442297,166519506,합계
경상북도 영천시,2022-05,6654,122322,1145910,434429.4,711480.5,183717261,52447984,131269277,합계
경상북도 상주시,2022-05,6886,109927,1030928,327678,703249.9,238544721,42478507,196066214,합계
경상북도 문경시,2022-05,2095,37310,338618,123290.8,215327.1,69364821,14849031,54515790,합계
경상북도 경산시,2022-05,3476,82941,829211,442389.4,386821.5,126282592,51728502,74554090,합계
경상북도 의성군,2022-05,1809,8513,358862,66337.3,292524.6,42294317,5826404,36467913,합계
경상북도 청송군,2022-05,947,5542,183982,51178,132803.9,18377509,4663138,13714371,합계
경상북도 영양군,2022-05,771,3197,151277,36932,114344.9,16763740,3598274,13165466,합계
경상북도 영덕군,2022-05,1853,17235,321785,101926.3,219858.6,29163827,9135953,20027874,합계
경상북도 청도군,2022-05,1440,10402,224024,69869.4,154154.5,30006684,7341952,22664732,합계
경상북도 고령군,2022-05,214,1165,53891,12223.6,41667.3,7135979,1012884,6123095,합계
경상북도 성주군,2022-05,1051,10786,264182,80648.5,183533.4,22379680,7151916,15227764,합계
경상북도 칠곡군,2022-05,130,2536,37178,16358.9,20819,5670374,1556863,4113511,합계
경상북도 예천군,2022-05,1290,12832,261609,66999.3,194609.6,30682361,6032290,24650071,합계
경상북도 봉화군,2022-05,1252,4206,226618,39950.3,186667.6,23367681,3367133,20000548,합계
경상북도 울진군,2022-05,2246,25795,452830.3,118000.1,336329.8,55042884,10462035,44580849,합계
경상북도 울릉군,2022-05,875,12491,132963,44912.5,88050.4,27650533,6943149,20707384,합계
경상남도 창원시,2022-05,87318,2075555,18432229.8,9492749.9,9154428,3138387259,1182423453,1955963806,합계
경상남도 진주시,2022-05,33371,879378,6964206.4,3591987.2,3534081.7,1103506668,441941684,661564984,합계
경상남도 통영시,2022-05,13477,356328,2977778.4,1308911.8,1702108.1,469489224,166789931,302699293,합계
경상남도 사천시,2022-05,11295,256185,2161397,893814.7,1267582.2,395772944,101701495,294071449,합계
경상남도 김해시,2022-05,27994,696167,5586913,2936269.8,2650643.1,1001497166,393495063,608002103,합계
경상남도 밀양시,2022-05,5481,90359,968579.2,335110.4,648676.5,163014698,38419146,124595552,합계
경상남도 거제시,2022-05,14500,384058,3166099,1627259.8,1538839.1,557084060,186697161,370386899,합계
경상남도 양산시,2022-05,17360,432672,3464303.6,1782734.6,1696494.3,633724734,217240950,416483784,합계
경상남도 의령군,2022-05,1240,6264,225737,56988.3,168748.6,21104903,5025896,16079007,합계
경상남도 함안군,2022-05,3278,30161,626190,197362.2,428827.7,83158373,19534115,63624258,합계
경상남도 창녕군,2022-05,3139,18008,544804,125160.1,419643.9,75615953,11901095,63714858,합계
경상남도 고성군,2022-05,2530,25653,455959,130348.8,325610.1,65851562,13671715,52179847,합계
경상남도 남해군,2022-05,2662,19477,503484,118149.2,385334.7,59632803,10245287,49387516,합계
경상남도 하동군,2022-05,1808,7840,408858,72531.2,336326.7,37676265,6564061,31112204,합계
경상남도 산청군,2022-05,1260,10510,276374,100527.6,175846.3,24537684,8587926,15949758,합계
경상남도 함양군,2022-05,2120,15146,405141,85781.8,319359.1,49939054,8112994,41826060,합계
경상남도 거창군,2022-05,4443,69607,759349,229163.4,530185.5,111000951,26120567,84880384,합계
경상남도 합천군,2022-05,2042,8869,434020,94258.7,339761.2,44084854,8759269,35325585,합계
제주특별자치도,2022-05,33471,783001,8104154.2,4635809.1,3510322.8,1168919471,530276712,638642759,합계
서울특별시,2022-06,97397,1745069,19163324,12312636.1,7046936.8,3000748823,1666089714,1334659109,합계
부산광역시,2022-06,158630,3511123,33814997.8,20128657.8,13689442.1,5587752732,2588037083,2999715649,합계
대구광역시,2022-06,87692,1833261,17098239.4,9749764,7401853.9,2801455961,1284275267,1517180694,합계
인천광역시,2022-06,97717,2062464,22682672.4,14147031.5,8569335.4,3429767112,1715161190,1714605922,합계
광주광역시,2022-06,54346,1423070,12566567,7882428.1,4766555.8,2003269112,988665778,1014603334,합계
대전광역시,2022-06,53811,1522215,11771769.3,7381837.9,4706698.1,1891045498,1006453152,884592346,합계
울산광역시,2022-06,109325,2449624,22604260.4,12382180.9,10989208,3655520707,1513649467,2141871240,합계
세종특별자치시,2022-06,2696,77219,941360,489105.4,452254.5,117708783,47253382,70455401,합계
경기도 수원시,2022-06,27718,659373,7268546.4,4557501.3,3141135.6,1172899506,551165724,621733782,합계
경기도 성남시,2022-06,22199,475083,5729404,3274793.2,2459523.7,835175083,359734466,475440617,합계
경기도 의정부시,2022-06,6587,192558,1818419.3,1020981.1,900013.8,295181932,129487098,165694834,합계
경기도 안양시,2022-06,28752,681616,6759794,4023861.1,2735932.8,1100373310,508474474,591898836,합계
경기도 부천시,2022-06,7935,157408,2298494,973392.6,2747618.3,277655621,128047975,149607646,합계
경기도 광명시,2022-06,4783,67540,1104812,567967.1,536844.8,166961445,63604404,103357041,합계
경기도 평택시,2022-06,6971,201176,2262988,1280167.1,982820.8,317851837,147669345,170182492,합계
경기도 동두천시,2022-06,4820,136171,1085741.2,524172.5,927055.4,198741288,64041185,134700103,합계
경기도 안산시,2022-06,11922,322940,3035686.1,1702281.6,2511117.3,473167780,218696391,254471389,합계
경기도 고양시,2022-06,10988,244446,3378879.6,2208914.7,1231858.2,507960413,235374701,272585712,합계
경기도 과천시,2022-06,1880,49786,525011,322024.4,202986.5,81213223,37613673,43599550,합계
경기도 구리시,2022-06,4450,110528,1254152,755330.7,498821.2,182013135,84094741,97918394,합계
경기도 남양주시,2022-06,7579,179375,2216855,1230307.4,986547.5,318793808,133288822,185504986,합계
경기도 오산시,2022-06,3045,57399,796067,478642.7,317424.2,119110940,53928299,65182641,합계
경기도 시흥시,2022-06,5970,128481,1513073,846502.3,666570.6,229922105,97519805,132402300,합계
경기도 군포시,2022-06,1197,28113,320181,183126.6,137054.3,50743547,20419986,30323561,합계
경기도 의왕시,2022-06,364,7608,84410,49880.8,34529.1,13201977,5693932,7508045,합계
경기도 하남시,2022-06,1663,32601,414525,236409.3,178115.6,58957717,27373422,31584295,합계
경기도 용인시,2022-06,3189,95906,1219151,721216.5,497934.4,160848261,78396910,82451351,합계
경기도 파주시,2022-06,5829,148624,2129294.6,1236066,894807.9,259838140,116539472,143298668,합계
경기도 이천시,2022-06,3819,99722,1088985,594978.5,494006.4,164469754,64950022,99519732,합계
경기도 안성시,2022-06,2221,42255,572874,270480,302393.9,82737340,27252738,55484602,합계
경기도 김포시,2022-06,3381,57825,937985.5,529452.5,410248.4,127248350,51674397,75573953,합계
경기도 화성시,2022-06,4031,76373,1364820.9,707477.9,658849,184229142,72384034,111845108,합계
경기도 광주시,2022-06,2772,49237,718332,421992.4,296339.5,98077042,41789835,56287207,합계
경기도 양주시,2022-06,1534,37972,406335,218482.7,187852.2,59407265,24814142,34593123,합계
경기도 포천시,2022-06,1734,33034,468300,208067,260232.9,58735509,21189038,37546471,합계
경기도 여주시,2022-06,1251,29379,318246,149114,169131.9,49215917,15280563,33935354,합계
경기도 연천군,2022-06,107,3669,49259,22372.8,26886.1,5741169,1768510,3972659,합계
경기도 가평군,2022-06,1062,22202,328236,149019.6,179216.3,37308853,13001433,24307420,합계
경기도 양평군,2022-06,1067,28512,341310,152844.4,188465.5,48385755,15055354,33330401,합계
강원특별자치도 춘천시,2022-06,33241,900460,5645312,2876352.4,2768959.5,1101920809,439170152,662750657,합계
강원특별자치도 원주시,2022-06,29043,910624,6196191.6,3437941,2787772.9,1098203276,452712376,645490900,합계
강원특별자치도 강릉시,2022-06,22027,644047,4439715.9,2440732.7,2030367.2,770322170,331878851,438443319,합계
강원특별자치도 동해시,2022-06,8195,226070,1546310,768241,778068.9,306564236,90111590,216452646,합계
강원특별자치도 태백시,2022-06,4190,122980,988984.6,426826.3,635515.6,153986080,43685289,110300791,합계
강원특별자치도 속초시,2022-06,11225,312646,1967668.7,966454.5,1094036.4,356265900,135738418,220527482,합계
강원특별자치도 삼척시,2022-06,3181,113578,685090,316468.7,368621.2,130550046,38990483,91559563,합계
강원특별자치도 홍천군,2022-06,1808,31356,400148,119147.8,281000.2,69551545,11915960,57635585,합계
강원특별자치도 횡성군,2022-06,1270,19776,285569,97400.6,188168.3,46996159,9037374,37958785,합계
강원특별자치도 영월군,2022-06,2108,46141,437448,144692.9,292755,70132994,15087210,55045784,합계
강원특별자치도 평창군,2022-06,2446,26892,546021,206023.8,339997.1,53740127,16211184,37528943,합계
강원특별자치도 정선군,2022-06,4321,82544,1318279,531500.1,786778.8,150184732,39088218,111096514,합계
강원특별자치도 철원군,2022-06,2018,32489,449335,196370,252964.9,66602466,17139771,49462695,합계
강원특별자치도 화천군,2022-06,1052,16502,243947,102909.4,141037.5,33967004,8339634,25627370,합계
강원특별자치도 양구군,2022-06,848,13731,230971,104771.6,126199.3,24394116,8513188,15880928,합계
강원특별자치도 인제군,2022-06,1145,15665,292767,117709.2,175057.7,34473264,8534707,25938557,합계
강원특별자치도 고성군,2022-06,1576,21438,457262,180553.1,276708.8,58994320,15129018,43865302,합계
강원특별자치도 양양군,2022-06,1907,30649,486878,225421.7,261456.2,64665487,17858059,46807428,합계
충청북도 청주시,2022-06,86769,1830893,16522606.7,9050166.2,8530184.7,2716898434,1246349484,1470548950,합계
충청북도 충주시,2022-06,21879,539421,4026421,1877780.6,2148640.3,697639872,246842227,450797645,합계
충청북도 제천시,2022-06,,,,,,,,,합계
충청북도 보은군,2022-06,1920,10535,344176,90566.6,253609.3,43811131,9724476,34086655,합계
충청북도 옥천군,2022-06,3470,57743,582768,200532.7,382235.2,112505512,23944965,88560547,합계
충청북도 영동군,2022-06,2693,40062,523884,168774.3,355109.6,83324227,16671921,66652306,합계
충청북도 증평군,2022-06,2730,37960,553946.4,181838.9,497773,87484412,19704950,67779462,합계
충청북도 진천군,2022-06,3753,86184,1032824,440224.8,592599.1,137659052,42859044,94800008,합계
충청북도 괴산군,2022-06,,,,,,,,,합계
충청북도 음성군,2022-06,5400,106219,1532255.6,612342.1,938398.8,203868997,55262712,148606285,합계
충청북도 단양군,2022-06,,,,,,,,,합계
충청남도 천안시,2022-06,10355,337892,3029199.7,1728711.4,1323465.5,428668188,217193615,211474573,합계
충청남도 공주시,2022-06,2555,45673,575495,223172.6,352322.3,91186219,23638233,67547986,합계
충청남도 보령시,2022-06,7615,153645,1436393,617402.7,818990.2,280577433,70800165,209777268,합계
충청남도 아산시,2022-06,7549,197270,2121929.6,1133396.8,993340.1,311242782,118922437,192320345,합계
충청남도 서산시,2022-06,2705,78167,642618,306372,336245.9,121597873,38095227,83502646,합계
충청남도 논산시,2022-06,4823,86602,958596.1,408321.3,699166.6,160023180,45440601,114582579,합계
충청남도 계룡시,2022-06,1423,30938,357113,154815,202297.9,50601999,14660897,35941102,합계
충청남도 당진시,2022-06,2581,48873,670634,261701.5,408932.4,94188659,24816366,69372293,합계
충청남도 금산군,2022-06,,,,,,,,,합계
충청남도 부여군,2022-06,304,3494,67016,21198.1,45817.8,10581871,2109318,8472553,합계
충청남도 서천군,2022-06,490,4953,107189,29572.3,77616.6,14764353,2584611,12179742,합계
충청남도 청양군,2022-06,368,2392,72815,21071,51743.9,9587351,1955415,7631936,합계
충청남도 홍성군,2022-06,2430,52848,496439,201008,295430.9,84406087,21859602,62546485,합계
충청남도 예산군,2022-06,1414,25102,313778,112042.3,201735.6,46397457,11333074,35064383,합계
충청남도 태안군,2022-06,1521,20165,321056,100774.8,220281.1,50465183,9464774,41000409,합계
전북특별자치도 전주시,2022-06,53699,1588917,11192197.9,6425577.4,4769805.5,1952172923,963529345,988643578,합계
전북특별자치도 군산시,2022-06,28311,766373,5580085.4,2798523.7,3228344.2,894559634,376434612,518125022,합계
전북특별자치도 익산시,2022-06,,,,,,,,,합계
전북특별자치도 정읍시,2022-06,11283,226757,1978938,761190.5,1217747.4,377446099,93883248,283562851,합계
전북특별자치도 남원시,2022-06,6848,128374,1144304.3,409672.3,737754.6,228073650,49493501,178580149,합계
전북특별자치도 김제시,2022-06,7747,119977,1273858,403450.1,870407.8,208882429,49605473,159276956,합계
전북특별자치도 완주군,2022-06,3153,45287,699686.3,297251.5,404791.4,102981570,31830383,71151187,합계
전북특별자치도 진안군,2022-06,852,6861,202045,53507.8,148537.1,21864886,5324055,16540831,합계
전북특별자치도 무주군,2022-06,1146,7419,227786,69903.6,157882.3,25146432,6746349,18400083,합계
전북특별자치도 장수군,2022-06,615,4647,155831,41951,113879.9,13954422,4233406,9721016,합계
전북특별자치도 임실군,2022-06,1123,7817,249324,83732.2,165591.7,27298940,7499093,19799847,합계
전북특별자치도 순창군,2022-06,1134,7538,223019,66581.2,156437.7,27705076,6582472,21122604,합계
전북특별자치도 고창군,2022-06,3348,38323,685891,223111.5,462779.4,94377394,22283537,72093857,합계
전북특별자치도 부안군,2022-06,3794,33242,667667.7,192839.4,540846.5,107475628,19179497,88296131,합계
전라남도 목포시,2022-06,21909,634195,4506294,2213253.8,2830010.1,747245630,321503126,425742504,합계
전라남도 여수시,2022-06,30601,900446,6898581.1,3899828.9,3002678,1107848646,484695933,623152713,합계
전라남도 순천시,2022-06,9046,280735,2029832,1101851.8,950395.1,347338068,138860498,208477570,합계
전라남도 나주시,2022-06,4474,61489,1111746,413860.8,697885.1,140512963,38328707,102184256,합계
전라남도 광양시,2022-06,8316,168799,1632707,755543.5,877163.4,301310309,84354772,216955537,합계
전라남도 담양군,2022-06,1966,15562,347908,105061,242846.9,51820436,10312493,41507943,합계
전라남도 곡성군,2022-06,239,1001,52025,10345.4,41679.5,5183009,782709,4400300,합계
전라남도 구례군,2022-06,449,5175,87735,22170.9,65564,15286782,2048807,13237975,합계
전라남도 고흥군,2022-06,2222,15569,459111,104930.8,354180.1,54153434,10019685,44133749,합계
전라남도 보성군,2022-06,2065,14928,399088,100229.7,298858.2,38490705,9021862,29468843,합계
전라남도 화순군,2022-06,1767,30179,341589,125228.7,216360.2,64260491,14718518,49541973,합계
전라남도 장흥군,2022-06,1422,9436,289400,74474.8,214925.1,31781071,6675515,25105556,합계
전라남도 강진군,2022-06,1762,13154,394724.4,76820.1,358598.8,42621518,8200361,34421157,합계
전라남도 해남군,2022-06,4358,66637,1012632.2,295089.4,719654.5,118177224,29409863,88767361,합계
전라남도 영암군,2022-06,2248,18399,462869,162139,300729.9,42048248,15362291,26685957,합계
전라남도 무안군,2022-06,3405,52362,791629,289342.1,502286.8,101803669,31381850,70421819,합계
전라남도 함평군,2022-06,620,2252,127631,20833,106797.9,13154932,1823614,11331318,합계
전라남도 영광군,2022-06,2497,28120,552801,127632,425168.9,96075982,13546008,82529974,합계
전라남도 장성군,2022-06,2335,19365,433433,115344.7,318088.2,81940636,10759015,71181621,합계
전라남도 완도군,2022-06,2702,36694,564932,155830.9,409101,74817637,16611483,58206154,합계
전라남도 진도군,2022-06,634,3039,151415,35969.3,115445.6,13282393,2861243,10421150,합계
전라남도 신안군,2022-06,1134,10961,237881,72533.5,165347.4,27156505,8268470,18888035,합계
경상북도 포항시,2022-06,43973,960279,8321102.6,4232987.6,4176437.3,1375141681,563916894,811224787,합계
경상북도 경주시,2022-06,10302,209187,2317966.9,959261.3,1513688.6,354798130,107459266,247338864,합계
경상북도 김천시,2022-06,7957,153757,1471259.9,695695.8,930706.1,255397941,77666055,177731886,합계
경상북도 안동시,2022-06,4247,105356,883244,392706.9,490537,116287869,47784763,68503106,합계
경상북도 구미시,2022-06,8223,211745,1817262.2,1019219.6,800664.3,293695031,126650622,167044409,합계
경상북도 영주시,2022-06,7609,171712,1212775,469943,742831.9,229433113,67424558,162008555,합계
경상북도 영천시,2022-06,6564,122130,1127640,426491.3,701148.6,180098416,51247371,128851045,합계
경상북도 상주시,2022-06,6647,109731,973449,311091.7,662357.2,231784736,41303352,190481384,합계
경상북도 문경시,2022-06,1393,26023,233944.5,86801.3,149227.6,46420075,10217207,36202868,합계
경상북도 경산시,2022-06,3362,75170,749900,394586.6,355313.3,119506439,46674793,72831646,합계
경상북도 의성군,2022-06,1803,8541,363355,68461.4,294893.5,42121923,5797751,36324172,합계
경상북도 청송군,2022-06,869,5290,174166,48947.3,125218.6,17514008,4387841,13126167,합계
경상북도 영양군,2022-06,733,3143,145487,35934.8,109552.1,16453320,3462936,12990384,합계
경상북도 영덕군,2022-06,1788,17289,319444,104706.2,214737.7,29577714,9696387,19881327,합계
경상북도 청도군,2022-06,1355,10115,218110,68623.2,149486.7,29609203,7361163,22248040,합계
경상북도 고령군,2022-06,214,1106,56906,12487.9,44418,7373065,986481,6386584,합계
경상북도 성주군,2022-06,1005,10242,249040,76966.6,172073.3,21175614,6790933,14384681,합계
경상북도 칠곡군,2022-06,137,2288,41117,17045.1,24071.9,5703323,1562726,4140597,합계
경상북도 예천군,2022-06,1248,12654,257505,65874.2,191630.7,29948823,5915471,24033352,합계
경상북도 봉화군,2022-06,1173,4000,214062,40036.1,174025.8,22070902,3265633,18805269,합계
경상북도 울진군,2022-06,2172,25458,437558.7,119074.7,324457.2,53353997,10367120,42986877,합계
경상북도 울릉군,2022-06,786,9906,108978,38341.9,70636,22120778,5806843,16313935,합계
경상남도 창원시,2022-06,84850,1982909,17569320.5,9068409.7,8815255.2,2989241809,1126291397,1862950412,합계
경상남도 진주시,2022-06,32317,846144,6680752.4,3439268.1,3639293.8,1060551000,423085182,637465818,합계
경상남도 통영시,2022-06,13323,363850,2927646.4,1342719.6,1586531.3,458218272,172631430,285586842,합계
경상남도 사천시,2022-06,10988,252423,2094699,871387.4,1223311.5,381919528,99139063,282780465,합계
경상남도 김해시,2022-06,27179,670952,5350583,2827067.7,2523515.2,960454022,378996980,581457042,합계
경상남도 밀양시,2022-06,5265,86695,924355,319337,605018,156902592,36440723,120461869,합계
경상남도 거제시,2022-06,13791,372851,3064342,1592819.3,1471522.6,526362614,182633301,343729313,합계
경상남도 양산시,2022-06,16730,417006,3334315.8,1720092.5,1618565.4,608847747,209527012,399320735,합계
경상남도 의령군,2022-06,1142,6071,200409,52811.8,147597.1,18839065,4665010,14174055,합계
경상남도 함안군,2022-06,3154,29015,586207,186406.8,399800.1,80675157,18472887,62202270,합계
경상남도 창녕군,2022-06,3063,17767,530315,121978.6,408336.3,73504131,11832639,61671492,합계
경상남도 고성군,2022-06,2451,26286,448142,134144.1,313997.8,65013693,14175899,50837794,합계
경상남도 남해군,2022-06,2688,20698,497200.8,123094.9,457755,59618866,10612619,49006247,합계
경상남도 하동군,2022-06,1757,7574,396491,72156.5,324334.4,36282381,6261504,30020877,합계
경상남도 산청군,2022-06,1144,9611,237240,89554.5,147685.4,21392491,7770845,13621646,합계
경상남도 함양군,2022-06,2036,14609,379024,79134.8,299889.1,47648611,7438720,40209891,합계
경상남도 거창군,2022-06,4295,67785,726858,219225.8,507632.1,107923151,25051040,82872111,합계
경상남도 합천군,2022-06,1915,8312,395574,87641.1,307932.8,40172800,8146858,32025942,합계
제주특별자치도,2022-06,33527,776010,8126726.1,4743527.8,3408849.1,1165602260,539226623,626375637,합계
서울특별시,2022-07,100615,1781963,19681520.2,12515658.7,7392314.2,3129419688,1723724369,1405695319,합계
부산광역시,2022-07,158601,3470607,33402395.6,19819342.2,13645001.7,5656124139,2592100727,3064023412,합계
대구광역시,2022-07,85884,1774911,16644363,9414937.6,7287397.3,2746800212,1254742864,1492057348,합계
인천광역시,2022-07,101722,2139733,23668271.3,14643977.9,9085537,3649353333,1791142021,1858211312,합계
광주광역시,2022-07,55657,1423905,12583815.3,7828793.8,4803376.1,2043308402,991859898,1051448504,합계
대전광역시,2022-07,54634,1519864,11757459,7317029.1,4632622.8,1899783845,1008027457,891756388,합계
울산광역시,2022-07,113568,2561790,23478212.8,12823207.7,11720370.2,3857105862,1584710240,2272395622,합계
세종특별자치시,2022-07,2879,78652,992670,510876.4,481793.5,127706454,50100453,77606001,합계
경기도 수원시,2022-07,28564,659380,7331271.9,4550017.7,2986830.2,1204228134,553818829,650409305,합계
경기도 성남시,2022-07,22315,467180,5652601.4,3175980,2477886.9,845748098,354032648,491715450,합계
경기도 의정부시,2022-07,6569,190288,1756184.4,984500.5,903169.4,293717842,127932999,165784843,합계
경기도 안양시,2022-07,29559,695203,6814533.4,4045443.2,2778338.7,1135665158,520259723,615405435,합계
경기도 부천시,2022-07,8411,165170,2464190.3,1005893.2,3228146.7,304638775,134862970,169775805,합계
경기도 광명시,2022-07,4905,68363,1098294,556946.4,541347.5,175942074,64130231,111811843,합계
경기도 평택시,2022-07,6871,193810,2213717.4,1246100,977959.9,312759907,144317657,168442250,합계
경기도 동두천시,2022-07,4998,144293,1160451.6,559069.1,1057754.8,206910741,67716964,139193777,합계
경기도 안산시,2022-07,12153,329418,3082681.2,1735673.5,2187655.4,494236250,225909108,268327142,합계
경기도 고양시,2022-07,11483,249181,3440354.3,2223374.3,1349265.6,532026059,239623973,292402086,합계
경기도 과천시,2022-07,1919,50610,528154,324449,203704.9,82632922,38077228,44555694,합계
경기도 구리시,2022-07,4491,110530,1256957,751993.4,504963.5,185346655,84209602,101137053,합계
경기도 남양주시,2022-07,7605,192297,2219831.9,1315235,923375.9,325032349,143766002,181266347,합계
경기도 오산시,2022-07,3077,57108,785948,468039.5,317908.4,120029183,53802189,66226994,합계
경기도 시흥시,2022-07,6542,139360,1633707,911708,721998.9,255308574,106348277,148960297,합계
경기도 군포시,2022-07,1205,27225,312635,175137.7,137497.2,50632450,19893900,30738550,합계
경기도 의왕시,2022-07,385,7430,81748,48107.1,33640.8,13878195,5699981,8178214,합계
경기도 하남시,2022-07,1436,29452,381927,221843.4,160083.5,54431848,25130289,29301559,합계
경기도 용인시,2022-07,4729,143667,1787195,1074107.9,713087,245055742,118377058,126678684,합계
경기도 파주시,2022-07,6016,151978,2183843.3,1257905,929754.9,270871469,119822193,151049276,합계
경기도 이천시,2022-07,3955,102411,1154631,622716.2,531914.7,174406102,67743194,106662908,합계
경기도 안성시,2022-07,2264,40902,561335,258590.9,302744,82576898,26627071,55949827,합계
경기도 김포시,2022-07,3515,62292,990458.4,556027.4,435748.5,137957369,55059589,82897780,합계
경기도 화성시,2022-07,5445,87538,1826112,802053.3,1024058.6,257072720,82232252,174840468,합계
경기도 광주시,2022-07,2897,51947,758987,440639.8,318347.1,104434367,43877973,60556394,합계
경기도 양주시,2022-07,1584,36180,403496,213942.5,189553.4,59101231,24684105,34417126,합계
경기도 포천시,2022-07,1795,34674,492708.4,217473.7,276505.2,63619623,22573433,41046190,합계
경기도 여주시,2022-07,1323,29301,340106,161879.8,178226.1,50964740,16238530,34726210,합계
경기도 연천군,2022-07,102,3239,44957,19638.1,25318.8,5327546,1564377,3763169,합계
경기도 가평군,2022-07,1116,24105,370108,174820.7,195287.2,41332319,15239166,26093153,합계
경기도 양평군,2022-07,1122,29026,354913,156632.8,198280.1,50538382,15549190,34989192,합계
강원특별자치도 춘천시,2022-07,34198,891248,5713261,2837086.5,2876174.4,1141811908,436817995,704993913,합계
강원특별자치도 원주시,2022-07,29802,909582,6188794.5,3384456.5,2885439.4,1125578967,454929702,670649265,합계
강원특별자치도 강릉시,2022-07,22930,657405,4657835,2569182.9,2113324,806094674,346176008,459918666,합계
강원특별자치도 동해시,2022-07,8443,233848,1597697,797463,800233.9,314495875,94672634,219823241,합계
강원특별자치도 태백시,2022-07,4231,128206,1001577.2,449315.1,622084.8,155606465,46554239,109052226,합계
강원특별자치도 속초시,2022-07,11989,344443,2124027.8,1069657,1168348.9,388456878,152974902,235481976,합계
강원특별자치도 삼척시,2022-07,2863,101555,616276.2,283769.6,348591.3,120260026,35674134,84585892,합계
강원특별자치도 홍천군,2022-07,2892,50159,670307,193540.4,476766.5,113235614,19167837,94067777,합계
강원특별자치도 횡성군,2022-07,1284,19573,285522,98202.8,187319.1,48745834,9153407,39592427,합계
강원특별자치도 영월군,2022-07,2153,47838,459304,149522.4,309781.5,74175841,15899141,58276700,합계
강원특별자치도 평창군,2022-07,2577,29658,584179,226724.6,357454.3,58947273,17677224,41270049,합계
강원특별자치도 정선군,2022-07,4587,93177,1414143.5,587397.2,827967.7,163848526,44324027,119524499,합계
강원특별자치도 철원군,2022-07,2114,31637,452228,192735,259492.9,68750611,16268017,52482594,합계
강원특별자치도 화천군,2022-07,1100,17353,256554,107547.7,149006.2,36817277,8814046,28003231,합계
강원특별자치도 양구군,2022-07,916,15177,249480,111712.6,137767.3,27429659,9213854,18215805,합계
강원특별자치도 인제군,2022-07,1188,15597,300449,117644.9,182804,36582558,8489192,28093366,합계
강원특별자치도 고성군,2022-07,1596,22022,430075,177220.2,252854.7,61878309,15122905,46755404,합계
강원특별자치도 양양군,2022-07,2153,43800,664566,348866.7,315699.2,82926035,26749629,56176406,합계
충청북도 청주시,2022-07,88668,1845328,16695425.6,9057619.1,8618731.8,2795849954,1263811835,1532038119,합계
충청북도 충주시,2022-07,22222,535874,4018726,1851495.8,2167230.1,706733134,247572951,459160183,합계
충청북도 제천시,2022-07,,,,,,,,,합계
충청북도 보은군,2022-07,1967,10981,336885,90770.3,246114.6,45973536,9554248,36419288,합계
충청북도 옥천군,2022-07,3602,63021,605804,208444.2,397359.7,121116961,25609114,95507847,합계
충청북도 영동군,2022-07,2716,38213,503870,161088,342781.9,84959503,16549047,68410456,합계
충청북도 증평군,2022-07,2834,39847,567233,182945.8,562842.1,92726587,20227380,72499207,합계
충청북도 진천군,2022-07,3953,92570,1108370,481659.2,626710.7,146518962,46931769,99587193,합계
충청북도 괴산군,2022-07,,,,,,,,,합계
충청북도 음성군,2022-07,5587,112440,1616185,652814.4,963370.5,215901796,58742156,157159640,합계
충청북도 단양군,2022-07,,,,,,,,,합계
충청남도 천안시,2022-07,7862,226851,2269781,1203191.9,1098974,326701990,150239262,176462728,합계
충청남도 공주시,2022-07,2640,45252,586537,226001.9,360535,95066584,23648869,71417715,합계
충청남도 보령시,2022-07,7975,172835,1591753,723870.2,867882.7,304328171,82404107,221924064,합계
충청남도 아산시,2022-07,7760,196272,2100080.8,1110539,990836.9,317074385,118552009,198522376,합계
충청남도 서산시,2022-07,2807,83966,661466,313972.5,347493.4,128901590,40601302,88300288,합계
충청남도 논산시,2022-07,4925,87645,978163,412299.7,565863.2,162650503,46056311,116594192,합계
충청남도 계룡시,2022-07,1440,32573,357025,157662.9,199362,50501759,15222860,35278899,합계
충청남도 당진시,2022-07,2733,51124,714221,274703.9,439517,99353718,25898628,73455090,합계
충청남도 금산군,2022-07,,,,,,,,,합계
충청남도 부여군,2022-07,318,3688,70672,23512.8,47159.1,11414033,2318089,9095944,합계
충청남도 서천군,2022-07,465,4438,97582,25187.9,72394,14114324,2426796,11687528,합계
충청남도 청양군,2022-07,383,1991,66030,17648.2,48381.7,9549251,1713583,7835668,합계
충청남도 홍성군,2022-07,2484,52810,506720,206918.9,299801,88625282,22711709,65913573,합계
충청남도 예산군,2022-07,1428,25543,316761,111407.2,205353.7,54175102,10883538,43291564,합계
충청남도 태안군,2022-07,1601,20737,330213,101435.8,228777.1,54073934,9715385,44358549,합계
전북특별자치도 전주시,2022-07,55895,1614879,11437476.1,6456283.2,4985764.7,2036972919,978201776,1058771143,합계
전북특별자치도 군산시,2022-07,29392,795542,5694039.8,2857876.1,3114339.8,934069276,391388723,542680553,합계
전북특별자치도 익산시,2022-07,3645,89325,703440,325097.6,378342.3,132260703,42665007,89595696,합계
전북특별자치도 정읍시,2022-07,11635,230825,1982866,759615.8,1223250.1,389187300,95927464,293259836,합계
전북특별자치도 남원시,2022-07,7139,135135,1196548,429700.7,766847.2,238854684,52365118,186489566,합계
전북특별자치도 김제시,2022-07,7986,123806,1298881,408165.3,890715.6,218877296,50330045,168547251,합계
전북특별자치도 완주군,2022-07,3295,45608,709511,295932.5,413578.4,108685760,31940470,76745290,합계
전북특별자치도 진안군,2022-07,824,6602,188799,51119.2,137679.7,21639222,5152600,16486622,합계
전북특별자치도 무주군,2022-07,1170,7153,225323,70127,155195.9,24333408,6705728,17627680,합계
전북특별자치도 장수군,2022-07,600,3481,150765,35708.9,115056,13345678,3584706,9760972,합계
전북특별자치도 임실군,2022-07,1072,7192,228120,74046.7,154073.2,26309731,6663175,19646556,합계
전북특별자치도 순창군,2022-07,1156,7356,216584,64000.6,152583.3,27247926,6277765,20970161,합계
전북특별자치도 고창군,2022-07,3343,39679,673329,214207.3,459121.6,92500454,21089573,71410881,합계
전북특별자치도 부안군,2022-07,3939,36293,692535,195194.2,539601.7,119490606,19735531,99755075,합계
전라남도 목포시,2022-07,22714,640597,4576256.3,2200140.8,2913027.1,772344432,325601645,446742787,합계
전라남도 여수시,2022-07,31182,941339,7025821,4040404.4,2988095.5,1142033840,510318049,631715791,합계
전라남도 순천시,2022-07,9375,285271,2050345,1105326.7,945018.2,357359373,141356147,216003226,합계
전라남도 나주시,2022-07,4633,62190,1102919,416340.2,686578.7,144377826,38656314,105721512,합계
전라남도 광양시,2022-07,8530,172845,1659454,763249.6,896204.3,309306706,86441269,222865437,합계
전라남도 담양군,2022-07,2049,16714,366360,115621.2,250738.7,54209269,11040884,43168385,합계
전라남도 곡성군,2022-07,242,857,54043,9673.1,44369.8,4807388,727021,4080367,합계
전라남도 구례군,2022-07,480,5215,88488,20889.1,67598.8,15805676,1909316,13896360,합계
전라남도 고흥군,2022-07,2151,15773,423944,101471.1,322472.8,52298240,9723444,42574796,합계
전라남도 보성군,2022-07,2162,15414,396668,103063.8,293604.1,40226271,9114254,31112017,합계
전라남도 화순군,2022-07,1803,30873,347616,125011.4,222604.5,65314623,14818207,50496416,합계
전라남도 장흥군,2022-07,1458,10137,294364,76644.8,217719.1,33374949,7058366,26316583,합계
전라남도 강진군,2022-07,1921,13445,410833.3,81322.9,351376,46907807,8718258,38189549,합계
전라남도 해남군,2022-07,4534,67304,1000827,288037.2,712789.7,124067098,29614923,94452175,합계
전라남도 영암군,2022-07,2334,19196,484295,167970.6,316324.3,43825001,15840982,27984019,합계
전라남도 무안군,2022-07,3475,55150,806741,301867.7,504873.2,105300406,32393541,72906865,합계
전라남도 함평군,2022-07,554,1956,104805,18464.8,86340.1,11866874,1607634,10259240,합계
전라남도 영광군,2022-07,2615,29573,552225,131504.7,420720.2,100388870,13785310,86603560,합계
전라남도 장성군,2022-07,2425,19675,459805,122893.5,336911.4,85811415,11264224,74547191,합계
전라남도 완도군,2022-07,2780,39183,573683,162430.2,411252.7,81270396,17572356,63698040,합계
전라남도 진도군,2022-07,1009,4563,212986,52764.2,160221.7,21614871,4702407,16912464,합계
전라남도 신안군,2022-07,1181,10951,234282,71718.9,162563,27627788,8329389,19298399,합계
경상북도 포항시,2022-07,45986,996830,8630180.7,4389356.4,4533309.5,1444797766,589904044,854893722,합계
경상북도 경주시,2022-07,9947,224354,2350133.3,1003446.9,1466953,354544891,113293303,241251588,합계
경상북도 김천시,2022-07,8208,152346,1473775.9,687839.1,789155.8,265094274,77834386,187259888,합계
경상북도 안동시,2022-07,4231,101466,845989,371624.5,474364.4,114432290,46465224,67967066,합계
경상북도 구미시,2022-07,8273,215194,1835192.7,1026426,810119.9,298007018,129186699,168820319,합계
경상북도 영주시,2022-07,7920,173487,1218808,469633.5,749174.4,240710953,68400192,172310761,합계
경상북도 영천시,2022-07,6675,128996,1149858,442128.8,707729.1,187695715,53909155,133786560,합계
경상북도 상주시,2022-07,6856,118326,1001299,333256.9,668042,236675513,44917636,191757877,합계
경상북도 문경시,2022-07,657,11664,114884,39866.2,75017.7,21438430,4519635,16918795,합계
경상북도 경산시,2022-07,3531,74684,757233,393108.1,364124.8,124223390,46825286,77398104,합계
경상북도 의성군,2022-07,1811,9002,344753,68834.2,275918.7,43394297,5912494,37481803,합계
경상북도 청송군,2022-07,932,5298,182527,48713,133813.9,18531217,4544130,13987087,합계
경상북도 영양군,2022-07,756,3201,143179,36427,106751.9,16779365,3551420,13227945,합계
경상북도 영덕군,2022-07,1826,18025,330685,110421.1,220263.8,30826154,10064702,20761452,합계
경상북도 청도군,2022-07,1410,10615,223789,70863.4,152925.5,31222888,7404511,23818377,합계
경상북도 고령군,2022-07,217,1126,61298,12979.3,48318.6,7832193,994316,6837877,합계
경상북도 성주군,2022-07,1040,10617,271369,83386.2,187982.7,22590933,7222333,15368600,합계
경상북도 칠곡군,2022-07,133,2946,40622,17591.1,23030.8,6152629,1719099,4433530,합계
경상북도 예천군,2022-07,1323,11972,266042,64648.6,201393.3,32381759,5791755,26590004,합계
경상북도 봉화군,2022-07,1195,4722,220166,41640.3,178525.6,23634009,3298568,20335441,합계
경상북도 울진군,2022-07,2283,26667,463634,122143.8,341490.1,57222873,10722348,46500525,합계
경상북도 울릉군,2022-07,848,10659,108076,40106.6,67969.3,23056944,6207636,16849308,합계
경상남도 창원시,2022-07,88835,2103434,18356723.4,9531157.1,9328495.8,3161738755,1199602040,1962136715,합계
경상남도 진주시,2022-07,33753,877751,6927370.5,3556777.8,3598254.1,1120133530,441368894,678764636,합계
경상남도 통영시,2022-07,13958,385586,3048988,1417755.4,1631232.5,482820933,183076846,299744087,합계
경상남도 사천시,2022-07,11378,269955,2180295,921894.1,1258400.8,396793545,107032695,289760850,합계
경상남도 김해시,2022-07,27381,677467,5441281.8,2885586.5,2574333.4,970749212,388841068,581908144,합계
경상남도 밀양시,2022-07,5476,94104,982247,348411.1,633835.8,168978673,40092148,128886525,합계
경상남도 거제시,2022-07,14370,395623,3206044,1686239.3,1519804.6,552775180,197374214,355400966,합계
경상남도 양산시,2022-07,17406,430363,3439353.1,1767251.7,1674080.2,633431037,218220134,415210903,합계
경상남도 의령군,2022-07,1207,6253,201612,52358.7,149253.2,19827237,4654137,15173100,합계
경상남도 함안군,2022-07,3251,31067,621240,199785.7,421454.2,87868245,19721580,68146665,합계
경상남도 창녕군,2022-07,3183,19402,554817,129567.6,425249.3,79604132,12583278,67020854,합계
경상남도 고성군,2022-07,2605,28496,470686,144419.1,326266.8,72052467,15422161,56630306,합계
경상남도 남해군,2022-07,2804,20690,496241.5,119758.9,532398,65178210,10582546,54595664,합계
경상남도 하동군,2022-07,1728,7594,379300,69377.7,309922.2,36387808,6082620,30305188,합계
경상남도 산청군,2022-07,1160,10118,237420,92763.2,144656.7,21832214,7892082,13940132,합계
경상남도 함양군,2022-07,2108,15150,397396,84136.3,313259.6,49699871,8020582,41679289,합계
경상남도 거창군,2022-07,4430,68528,749492,226007.8,523484.1,114533647,26055353,88478294,합계
경상남도 합천군,2022-07,2008,8983,409414,93629.6,315784.3,42701884,8532678,34169206,합계
제주특별자치도,2022-07,35409,797113,8388503.1,4837209,3568843.9,1239944920,552803814,687141106,합계
서울특별시,2022-08,112244,1926693,22079875.8,13831056.7,9312805.2,3559298284,1918502995,1640795289,합계
부산광역시,2022-08,155221,3351494,32358709.7,19122866.9,13441401,5533544601,2520650587,3012894014,합계
대구광역시,2022-08,83683,1731453,16152460.6,9156957.1,7092209.8,2687978782,1217568272,1470410510,합계
인천광역시,2022-08,99059,2038294,22918157.6,14150123.9,8805884,3525355821,1728911391,1796444430,합계
광주광역시,2022-08,54429,1373438,12205812.4,7525665.1,4837199.8,1983074057,946278494,1036795563,합계
대전광역시,2022-08,53411,1475114,11417558.4,7113311.8,4387583.1,1863773137,980575475,883197662,합계
울산광역시,2022-08,111131,2441676,22587655.9,12211113.7,11654336.2,3731427525,1502754607,2228672918,합계
세종특별자치시,2022-08,2791,74588,935142,482067.3,453074.6,120753844,47780857,72972987,합계
경기도 수원시,2022-08,27453,617075,6872678.2,4246485.8,2992864.1,1139435171,523305051,616130120,합계
경기도 성남시,2022-08,21382,430505,5285128,2910728.8,2374399.1,805420531,332515034,472905497,합계
경기도 의정부시,2022-08,6694,188901,1766209,985045.7,809528.2,293710270,127747682,165962588,합계
경기도 안양시,2022-08,28796,663904,6516130,3847945,2668184.9,1093811543,499331488,594480055,합계
경기도 부천시,2022-08,7898,149024,2265349.7,918620.1,2889702.8,279331185,122408141,156923044,합계
경기도 광명시,2022-08,4642,64399,1027379,523040.7,504338.2,165901813,60706213,105195600,합계
경기도 평택시,2022-08,6800,183825,2147286,1203244.7,944041.2,304646291,140406550,164239741,합계
경기도 동두천시,2022-08,5013,139692,1097473.3,531304.6,1066627.3,205790857,64717028,141073829,합계
경기도 안산시,2022-08,11976,319897,3003560.8,1683768.3,2150560.6,485595007,220778533,264816474,합계
경기도 고양시,2022-08,11400,243345,3401649.6,2202788.6,1298958.3,524392010,236931137,287460873,합계
경기도 과천시,2022-08,1855,47979,500695,305307.4,195387.5,79494091,36075827,43418264,합계
경기도 구리시,2022-08,4514,109431,1264682,755301.2,509380.7,186416264,84992529,101423735,합계
경기도 남양주시,2022-08,7512,188232,2175637,1285654.5,889982.4,322222286,141963713,180258573,합계
경기도 오산시,2022-08,2962,54115,736543.1,431742.9,307686,113154579,50676243,62478336,합계
경기도 시흥시,2022-08,6343,133108,1549311,864563.6,684747.3,245572120,101836480,143735640,합계
경기도 군포시,2022-08,1127,25336,285443,156679.6,128763.3,47497669,18183506,29314163,합계
경기도 의왕시,2022-08,376,7610,84532,48966.5,35565.4,13906556,5842720,8063836,합계
경기도 하남시,2022-08,1274,24993,331428,191504.2,139923.7,47773159,21836023,25937136,합계
경기도 용인시,2022-08,4922,141632,1789182.4,1074327,716821.9,248441469,119637961,128803508,합계
경기도 파주시,2022-08,5924,145947,2087836,1193296.3,894539.6,263656260,114871892,148784368,합계
경기도 이천시,2022-08,3845,94910,1119836,598529.2,521306.7,167050779,64256858,102793921,합계
경기도 안성시,2022-08,2236,41719,553640,258247.3,295392.7,83577432,26796562,56780870,합계
경기도 김포시,2022-08,3424,60836,984355.9,550828.2,435217.7,136830092,54491411,82338681,합계
경기도 화성시,2022-08,5048,72970,1618627,685581.4,933045.5,230903903,70759578,160144325,합계
경기도 광주시,2022-08,2900,50282,757609,436373.1,321235.8,105480535,44223306,61257229,합계
경기도 양주시,2022-08,1566,34796,391012,207972.9,183039,57548667,23713299,33835368,합계
경기도 포천시,2022-08,1775,31878,466563.5,204828.6,263154.3,60623145,21501596,39121549,합계
경기도 여주시,2022-08,1287,27350,304034,141904.5,162129.4,48767536,14870996,33896540,합계
경기도 연천군,2022-08,5,115,1358,607.7,750.2,181828,50235,131593,합계
경기도 가평군,2022-08,1094,22015,352113,165119.3,186993.6,39431781,14624758,24807023,합계
경기도 양평군,2022-08,1124,28150,337072,149546.1,187525.8,51095976,15359038,35736938,합계
강원특별자치도 춘천시,2022-08,34465,875085,5657694.6,2801550.3,2864043.6,1134072161,431358346,702713815,합계
강원특별자치도 원주시,2022-08,29538,877194,5996206.2,3264508.5,2776353.4,1103989701,437941746,666047955,합계
강원특별자치도 강릉시,2022-08,22511,658364,4688461.5,2657012.8,2122236.1,799647215,359652068,439995147,합계
강원특별자치도 동해시,2022-08,8079,229752,1547287,791311.8,755975.1,301679137,94225005,207454132,합계
강원특별자치도 태백시,2022-08,4299,126091,1013388,449157,705087.9,155794463,46743577,109050886,합계
강원특별자치도 속초시,2022-08,11795,342614,2097427.6,1083056.8,1144945.1,381658976,158518632,223140344,합계
강원특별자치도 삼척시,2022-08,2555,92770,569312,270756.6,298555.3,106494077,33347699,73146378,합계
강원특별자치도 홍천군,2022-08,2880,47466,674830,191116.4,483713.5,110021014,18861282,91159732,합계
강원특별자치도 횡성군,2022-08,1252,19055,284369,95298.3,189070.7,46874302,8936845,37937457,합계
강원특별자치도 영월군,2022-08,2074,45048,435660,143889.9,291770,69923913,15237966,54685947,합계
강원특별자치도 평창군,2022-08,2546,30625,594911,229696.4,365214.5,60161642,18461370,41700272,합계
강원특별자치도 정선군,2022-08,4446,93296,1403971,600509.7,803461.2,157968629,46746695,111221934,합계
강원특별자치도 철원군,2022-08,2081,30315,433834,184268.2,249565.7,65707519,15778732,49928787,합계
강원특별자치도 화천군,2022-08,1059,16553,243514,102546.4,140967.5,34533957,8456452,26077505,합계
강원특별자치도 양구군,2022-08,891,15960,257794,116685.4,141108.5,28083416,9697204,18386212,합계
강원특별자치도 인제군,2022-08,1167,14930,293770,116521.5,177248.4,35727206,8444045,27283161,합계
강원특별자치도 고성군,2022-08,1571,21097,421007,171752.5,249254.4,60276361,14949161,45327200,합계
강원특별자치도 양양군,2022-08,2168,48175,751563,430352,321210.9,84794745,32108604,52686141,합계
충청북도 청주시,2022-08,85701,1748290,16010529.1,8645654.6,8290348.3,2672329760,1199087008,1473242752,합계
충청북도 충주시,2022-08,21727,509088,3870164,1761474.1,2108689.8,685108230,233533946,451574284,합계
충청북도 제천시,2022-08,,,,,,,,,합계
충청북도 보은군,2022-08,1974,10829,335657,92312.4,243344.5,45348140,9742919,35605221,합계
충청북도 옥천군,2022-08,3539,60213,590497,206209.9,384287,118777795,25109324,93668471,합계
충청북도 영동군,2022-08,2694,38666,508921,166334.9,342586,84213523,17038837,67174686,합계
충청북도 증평군,2022-08,2766,37528,546238.1,173325.9,679203,90012559,19364775,70647784,합계
충청북도 진천군,2022-08,3828,85919,1034519,456265.9,578253,135893977,44442110,91451867,합계
충청북도 괴산군,2022-08,188,2040,44789,16237.3,28551.6,4797847,1513971,3283876,합계
충청북도 음성군,2022-08,5556,108350,1548954,629778.2,919175.7,211048607,57393298,153655309,합계
충청북도 단양군,2022-08,,,,,,,,,합계
충청남도 천안시,2022-08,9175,285085,2620954.3,1458821.7,1218803.2,393264868,186503767,206761101,합계
충청남도 공주시,2022-08,2631,44101,560936,216852.7,344083.2,93136542,22890327,70246215,합계
충청남도 보령시,2022-08,7782,163813,1544822,703206.4,841615.5,287053131,79547657,207505474,합계
충청남도 아산시,2022-08,7617,193883,2051488.5,1090657.9,962520,312327971,117015906,195312065,합계
충청남도 서산시,2022-08,2766,77324,620492,291689,328802.9,124540847,37664578,86876269,합계
충청남도 논산시,2022-08,4899,84304,946956,397291.5,549664.4,160629346,44810461,115818885,합계
충청남도 계룡시,2022-08,1431,29839,347096,149729.4,197366.5,50003037,14438584,35564453,합계
충청남도 당진시,2022-08,2660,48059,670951,261421.6,409529.3,95772603,24994994,70777609,합계
충청남도 금산군,2022-08,,,,,,,,,합계
충청남도 부여군,2022-08,321,3332,66586,20014.1,46571.8,11242398,2028406,9213992,합계
충청남도 서천군,2022-08,434,4082,91393,24480.9,66912,12994388,2244548,10749840,합계
충청남도 청양군,2022-08,357,2207,65847,19970.9,45876,9627415,2076199,7551216,합계
충청남도 홍성군,2022-08,2422,49575,476174,190770,285403.9,84269319,20908681,63360638,합계
충청남도 예산군,2022-08,1332,22315,283143,97596.8,185546.1,50004279,9647545,40356734,합계
충청남도 태안군,2022-08,1545,19572,325188,102704.2,222483.7,51089145,9502126,41587019,합계
전북특별자치도 전주시,2022-08,54761,1574647,11120627.3,6278719.7,4844995.2,1989141112,951307789,1037833323,합계
전북특별자치도 군산시,2022-08,28811,755685,5511854.7,2753980.3,2767479.6,899929194,374687686,525241508,합계
전북특별자치도 익산시,2022-08,5980,148120,1141936,545256.3,596679.6,216919318,71014464,145904854,합계
전북특별자치도 정읍시,2022-08,11531,227893,1978567,764519,1214047.9,386927760,95529808,291397952,합계
전북특별자치도 남원시,2022-08,7098,132047,1191520,427241.6,764278.3,234601248,52132677,182468571,합계
전북특별자치도 김제시,2022-08,7838,116874,1268784,393216.1,875567.8,213470492,48347141,165123351,합계
전북특별자치도 완주군,2022-08,3199,43072,694483,289879.3,404603.6,105356422,30745565,74610857,합계
전북특별자치도 진안군,2022-08,806,6800,181348,53760.1,127587.8,20560151,5335165,15224986,합계
전북특별자치도 무주군,2022-08,1205,7568,239108,73477.1,165630.8,24346908,6860641,17486267,합계
전북특별자치도 장수군,2022-08,564,2870,137763,33061.6,104701.3,11966238,3401256,8564982,합계
전북특별자치도 임실군,2022-08,1079,7181,236943,75422.7,161520.2,26481318,6670571,19810747,합계
전북특별자치도 순창군,2022-08,1180,7408,210892,65322.2,145569.7,26955309,6435245,20520064,합계
전북특별자치도 고창군,2022-08,3482,39473,704800,221575.5,483224.4,98400257,22189014,76211243,합계
전북특별자치도 부안군,2022-08,3877,35558,704730.5,200812.2,532768.7,119076808,19806800,99270008,합계
전라남도 목포시,2022-08,22581,644621,4523778,2209053.6,2841265.3,770372312,324352948,446019364,합계
전라남도 여수시,2022-08,31089,916512,6829805.2,3959674.6,2875655.3,1123714471,508286999,615427472,합계
전라남도 순천시,2022-08,9119,276444,1998844,1071406.1,927437.8,351536535,137490018,214046517,합계
전라남도 나주시,2022-08,4463,58317,1057640,392445.3,665194.6,139021953,36299952,102722001,합계
전라남도 광양시,2022-08,8463,165888,1605069,728478.3,876590.6,306261230,82990043,223271187,합계
전라남도 담양군,2022-08,2023,16878,356138,113316.3,242821.6,52954997,11116599,41838398,합계
전라남도 곡성군,2022-08,235,886,49645,10143.5,39501.4,4763985,902660,3861325,합계
전라남도 구례군,2022-08,424,4956,87250,22327.6,64922.3,14606000,1987855,12618145,합계
전라남도 고흥군,2022-08,2034,14438,373977,91986.1,281990.8,48875702,8688246,40187456,합계
전라남도 보성군,2022-08,2112,16091,407729,109974.7,297754.2,40877090,9799310,31077780,합계
전라남도 화순군,2022-08,1758,28890,328573,118384.5,210188.4,62713771,13969433,48744338,합계
전라남도 장흥군,2022-08,1490,10160,302208,77312.7,224895.3,34475556,7081312,27394244,합계
전라남도 강진군,2022-08,1877,12207,396049,79896.4,316152.5,46484683,8716602,37768081,합계
전라남도 해남군,2022-08,4587,66564,1042811,291414.7,751396.2,128715147,29475653,99239494,합계
전라남도 영암군,2022-08,2235,18518,453229,160770.2,292458.7,41833004,15198848,26634156,합계
전라남도 무안군,2022-08,3514,54465,798578,295559.6,503018.3,105474281,31771538,73702743,합계
전라남도 함평군,2022-08,551,1924,101272,17709.8,83562.1,11650726,1627361,10023365,합계
전라남도 영광군,2022-08,2617,29948,568727,137123.7,431603.2,100047541,14185099,85862442,합계
전라남도 장성군,2022-08,2421,19914,449663,123180.8,326482.1,83618568,11330137,72288431,합계
전라남도 완도군,2022-08,2813,38112,570452,155858.5,414593.4,82283905,17128186,65155719,합계
전라남도 진도군,2022-08,1504,6675,320712.9,82425.7,240247.2,33890159,7511674,26378485,합계
전라남도 신안군,2022-08,1159,10936,243717,75417.6,168299.3,28100026,8416573,19683453,합계
경상북도 포항시,2022-08,44988,950912,8388804.8,4217361.5,4526228.4,1404261574,563206237,841055337,합계
경상북도 경주시,2022-08,9843,222011,2291713.1,1000754.5,1435290.4,347981107,114793022,233188085,합계
경상북도 김천시,2022-08,8044,146946,1433680,664678.1,770468.8,259742216,75080466,184661750,합계
경상북도 안동시,2022-08,4083,97337,817448,357216.3,460231.6,110676080,44679762,65996318,합계
경상북도 구미시,2022-08,8039,207092,1769939.8,989952.4,781225.5,289357138,124300399,165056739,합계
경상북도 영주시,2022-08,7868,165744,1188219.6,453586,736985.9,234990292,65433625,169556667,합계
경상북도 영천시,2022-08,6597,122214,1124263,426820.3,697442.6,185534498,52011871,133522627,합계
경상북도 상주시,2022-08,6667,111515,963220,313560.3,649659.6,228245755,42471481,185774274,합계
경상북도 문경시,2022-08,2192,40950,376173,139158.9,237014,74830222,15956655,58873567,합계
경상북도 경산시,2022-08,3897,79636,813250,418118,395131.9,137014995,50160897,86854098,합계
경상북도 의성군,2022-08,1791,8540,339499,66696.6,272802.3,42124563,5751724,36372839,합계
경상북도 청송군,2022-08,924,5420,179510,49820,129689.9,18591082,4537427,14053655,합계
경상북도 영양군,2022-08,760,3287,148034,37675.7,110358.2,17152449,3577762,13574687,합계
경상북도 영덕군,2022-08,1785,18331,328939,108205.7,220733.2,30862583,9952619,20909964,합계
경상북도 청도군,2022-08,1434,11027,229999,72461.3,157537.6,32048550,7752424,24296126,합계
경상북도 고령군,2022-08,207,1022,54181,13115.6,41065.3,7317703,1038371,6279332,합계
경상북도 성주군,2022-08,1038,10654,263450,82829,180620.9,22457128,7194796,15262332,합계
경상북도 칠곡군,2022-08,131,2519,39481,16577.9,22903,5731717,1565915,4165802,합계
경상북도 예천군,2022-08,1352,12523,259102,66736.1,192365.8,32084738,6015658,26069080,합계
경상북도 봉화군,2022-08,1197,4608,233901,45928.5,187972.4,24537083,4012432,20524651,합계
경상북도 울진군,2022-08,2290,27264,471476,123927.6,347548.3,57654338,10880707,46773631,합계
경상북도 울릉군,2022-08,942,12218,127999,49364.7,78634.2,27529146,7361316,20167830,합계
경상남도 창원시,2022-08,86905,2031688,17675734.3,9109963.2,9449924.7,3069054194,1145340828,1923713366,합계
경상남도 진주시,2022-08,32875,840834,6663718.7,3381057.4,3401029.5,1092186950,421318218,670868732,합계
경상남도 통영시,2022-08,13560,376587,2942611.1,1393499.8,1700627.1,468587141,183023888,285563253,합계
경상남도 사천시,2022-08,11159,259378,2106266,888679.5,1217586.4,387194421,103324565,283869856,합계
경상남도 김해시,2022-08,25521,598511,5087443,2607868.3,2635513.6,885664491,345164580,540499911,합계
경상남도 밀양시,2022-08,5413,90037,956862.1,336726.2,622619.7,163098042,38815540,124282502,합계
경상남도 거제시,2022-08,13951,371483,3058451.2,1607320.9,1454761,529201944,187798939,341403005,합계
경상남도 양산시,2022-08,17040,412431,3310896.2,1705006.1,1607526.8,612361486,210600823,401760663,합계
경상남도 의령군,2022-08,1199,6205,208342,53044.1,155297.8,20826993,4938073,15888920,합계
경상남도 함안군,2022-08,3204,30799,600365,194851.5,405513.4,85291046,19497284,65793762,합계
경상남도 창녕군,2022-08,3121,18502,542925,126093.1,416831.8,78301542,12146720,66154822,합계
경상남도 고성군,2022-08,2565,27499,465541,142571.1,322969.8,70900984,15253616,55647368,합계
경상남도 남해군,2022-08,2707,20969,514023,123067.5,390955.4,65308849,10880124,54428725,합계
경상남도 하동군,2022-08,1796,8276,401372,75863.4,325508.5,38918120,7009584,31908536,합계
경상남도 산청군,2022-08,1162,10369,246239,96044.3,150194.6,22958059,8350420,14607639,합계
경상남도 함양군,2022-08,2135,15131,386963,81034.8,305928.1,50793104,8021837,42771267,합계
경상남도 거창군,2022-08,4285,66181,718591,221977,496613.9,109061344,25280093,83781251,합계
경상남도 합천군,2022-08,1994,9050,401672,94377.2,307294.8,42443976,8550434,33893542,합계
제주특별자치도,2022-08,39559,866926,9247123.4,5336655.6,3941282.3,1376924326,619490782,757433544,합계
서울특별시,2022-09,111919,1839661,21969891.2,13805002.5,9484863.4,3531470553,1894916789,1636553764,합계
부산광역시,2022-09,149781,3192072,31221949.8,18505559.6,12905077.3,5244370305,2418495628,2825874677,합계
대구광역시,2022-09,84921,1742161,16498713.2,9515012.9,7216391,2693577865,1261781640,1431796225,합계
인천광역시,2022-09,95991,1935905,22326465.9,13861433.3,8492792.6,3407457271,1692833949,1714623322,합계
광주광역시,2022-09,53382,1340685,12182400.2,7643213.6,4590239.3,1950752640,969988534,980764106,합계
대전광역시,2022-09,52511,1435631,11314068.2,7102538.6,4354266.3,1827476887,987308336,840168551,합계
울산광역시,2022-09,108399,2355442,22057025.4,12190215.3,10777798.6,3563864441,1509143514,2054720927,합계
세종특별자치시,2022-09,2644,72833,926349,480500.6,445848.3,116498110,46487148,70010962,합계
경기도 수원시,2022-09,26739,600630,6815895.6,4230318.2,3123707.7,1116593932,522032137,594561795,합계
경기도 성남시,2022-09,20771,418902,5296337.2,2929646.7,2422231.2,781383204,328486856,452896348,합계
경기도 의정부시,2022-09,6984,191697,1830010.5,1025729,933217.9,301943745,132345103,169598642,합계
경기도 안양시,2022-09,28071,646226,6458217.7,3846437,2613559.9,1068768920,496844884,571924036,합계
경기도 부천시,2022-09,7250,139551,2200451,880542.9,2902697,260926281,117455909,143470372,합계
경기도 광명시,2022-09,4583,63372,1047918.9,532111.6,522879.3,164647250,61450185,103197065,합계
경기도 평택시,2022-09,6532,177139,2109299.7,1198135.1,919869.8,300068013,140843243,159224770,합계
경기도 동두천시,2022-09,4853,138388,1102826.8,552826.7,1090980.2,196535247,66322584,130212663,합계
경기도 안산시,2022-09,11828,313875,3015914.3,1696283.6,2383681.3,476303752,220600914,255702838,합계
경기도 고양시,2022-09,11136,237160,3387431.4,2192513.3,1242176.6,516623354,234846996,281776358,합계
경기도 과천시,2022-09,1852,46962,504180,312051.3,192128.6,78042238,36483573,41558665,합계
경기도 구리시,2022-09,4265,103437,1237128,743523.9,493604,178364431,82078079,96286352,합계
경기도 남양주시,2022-09,7254,178164,2122592,1267053.8,855538.1,310668681,137754972,172913709,합계
경기도 오산시,2022-09,2649,48762,684842,412553.9,272288,105380789,47900865,57479924,합계
경기도 시흥시,2022-09,6227,124811,1569721,867692.4,702028.5,244134598,99891507,144243091,합계
경기도 군포시,2022-09,1088,23054,267021,150216.8,116804.1,43526256,17081070,26445186,합계
경기도 의왕시,2022-09,402,8179,92654,55222.6,37431.3,14468061,6376667,8091394,합계
경기도 하남시,2022-09,1121,22228,312336,180767.7,131568.2,43749157,19984189,23764968,합계
경기도 용인시,2022-09,4278,124533,1588723,961333.1,627389.8,217409847,106569095,110840752,합계
경기도 파주시,2022-09,5770,142742,2077469.3,1193537.4,903132.5,257140650,114261839,142878811,합계
경기도 이천시,2022-09,3676,91329,1067516,575611.8,491904.1,160362798,62070199,98292599,합계
경기도 안성시,2022-09,2242,41302,570596,266262.1,304333.8,84139322,27390534,56748788,합계
경기도 김포시,2022-09,3469,60832,998194,559618,438575.9,136427276,55367810,81059466,합계
경기도 화성시,2022-09,5053,70544,1628782,676106.9,952675,230088014,70036225,160051789,합계
경기도 광주시,2022-09,2496,42163,666159,391398.3,274760.6,91850113,38759730,53090383,합계
경기도 양주시,2022-09,1497,33689,382032,205433.2,176598.7,55398145,23589751,31808394,합계
경기도 포천시,2022-09,1773,33503,491701.3,220360.7,274338.2,61325326,22753392,38571934,합계
경기도 여주시,2022-09,1279,29382,328450,154967.8,173482.1,50529857,16229533,34300324,합계
경기도 연천군,2022-09,73,1933,25705,11220.9,14484,2878449,956123,1922326,합계
경기도 가평군,2022-09,1026,20462,293521.1,133210.5,162274.4,34502491,11745771,22756720,합계
경기도 양평군,2022-09,1112,28443,345111,153703.1,191407.8,50457755,15312930,35144825,합계
강원특별자치도 춘천시,2022-09,34226,923336,5774576,2968858.1,2805717.8,1131729939,465625854,666104085,합계
강원특별자치도 원주시,2022-09,29035,897018,6239893.8,3470574.8,2954186.1,1092582554,461106548,631476006,합계
강원특별자치도 강릉시,2022-09,21688,595319,4247159.3,2248336.8,2000321.1,738487730,302221401,436266329,합계
강원특별자치도 동해시,2022-09,7887,222704,1517242,770298.6,746943.3,289876953,91318604,198558349,합계
강원특별자치도 태백시,2022-09,4024,120014,939846.6,421781.2,735104.7,143639370,43574167,100065203,합계
강원특별자치도 속초시,2022-09,11194,293540,1936603.9,919165.7,1176418.2,346754764,125310061,221444703,합계
강원특별자치도 삼척시,2022-09,2429,94733,548376,259958.7,288417.2,100200740,32251294,67949446,합계
강원특별자치도 홍천군,2022-09,2838,44562,624573.8,171780.7,454883.2,107180662,16734055,90446607,합계
강원특별자치도 횡성군,2022-09,1227,19281,287267,99031.5,188235.4,45107120,9223075,35884045,합계
강원특별자치도 영월군,2022-09,2054,43410,422930,136762.7,286167.2,67921064,14579485,53341579,합계
강원특별자치도 평창군,2022-09,2373,26259,531448,201820.1,329627.8,52625064,15642635,36982429,합계
강원특별자치도 정선군,2022-09,4391,82805,1289163.3,543773.5,809618.4,151317804,40872932,110444872,합계
강원특별자치도 철원군,2022-09,2014,30900,438372,190770,247601.9,63874829,16345842,47528987,합계
강원특별자치도 화천군,2022-09,1031,16485,251161,106469.3,144691.6,32820989,8487720,24333269,합계
강원특별자치도 양구군,2022-09,908,15086,257750,115868.6,141881.3,27164244,9614203,17550041,합계
강원특별자치도 인제군,2022-09,1147,14773,294245,116675.2,177569.7,33351959,8203582,25148377,합계
강원특별자치도 고성군,2022-09,1543,17898,376522,143179.5,233342.4,56188273,11851810,44336463,합계
강원특별자치도 양양군,2022-09,1963,29321,489715,218742.4,270972.5,65342755,17369232,47973523,합계
충청북도 청주시,2022-09,84093,1711973,15940088.4,8763389.9,8098826,2632304826,1224198767,1408106059,합계
충청북도 충주시,2022-09,21330,516207,3987394,1853411.1,2133982.8,676631457,243657562,432973895,합계
충청북도 제천시,2022-09,,,,,,,,,합계
충청북도 보은군,2022-09,1929,10402,340802,89820.9,250981,43212801,9235941,33976860,합계
충청북도 옥천군,2022-09,3458,59607,608461,209458.8,399002.1,114072817,25330456,88742361,합계
충청북도 영동군,2022-09,2680,40381,528820,173631.9,355188,82006903,17150851,64856052,합계
충청북도 증평군,2022-09,2784,37420,561175.4,185227.3,635289.6,90314441,20338719,69975722,합계
충청북도 진천군,2022-09,3883,91125,1078959.6,504293.1,579789.8,140432470,50287709,90144761,합계
충청북도 괴산군,2022-09,1336,12230,345965,125292,220672.9,36423022,11174816,25248206,합계
충청북도 음성군,2022-09,5423,109864,1616916,656789.5,960126.4,207554948,59125083,148429865,합계
충청북도 단양군,2022-09,,,,,,,,,합계
충청남도 천안시,2022-09,5566,170551,1654477.4,943430.7,731744.2,233199745,119877215,113322530,합계
충청남도 공주시,2022-09,2159,39218,489525,195711.1,293813.8,75869572,20715224,55154348,합계
충청남도 보령시,2022-09,7382,146025,1373992,585683.4,788308.5,264081255,68362873,195718382,합계
충청남도 아산시,2022-09,7410,189541,2068419.2,1118506.3,1381234.6,303335772,118212564,185123208,합계
충청남도 서산시,2022-09,2600,75673,632649.7,298366.8,355139.1,120254648,37416569,82838079,합계
충청남도 논산시,2022-09,4868,87148,1004592,432142.4,572449.5,160089465,47666245,112423220,합계
충청남도 계룡시,2022-09,1482,32487,371668,164760.6,206907.3,51712177,15780157,35932020,합계
충청남도 당진시,2022-09,2548,46939,661439,259250.3,402188.6,90764427,24583783,66180644,합계
충청남도 금산군,2022-09,,,,,,,,,합계
충청남도 부여군,2022-09,304,3201,68625,20368,48256.9,10767328,1990074,8777254,합계
충청남도 서천군,2022-09,448,4800,100220,28387.6,71832.3,13528294,2634171,10894123,합계
충청남도 청양군,2022-09,364,2319,73473,21032.9,52440,10488459,2262148,8226311,합계
충청남도 홍성군,2022-09,2378,53972,501118,210155.4,290962.5,83743337,22555038,61188299,합계
충청남도 예산군,2022-09,1284,22446,299758,104422.8,195335.1,47588581,10044761,37543820,합계
충청남도 태안군,2022-09,1484,19189,335282,110374.5,224907.4,49417057,9844235,39572822,합계
전북특별자치도 전주시,2022-09,53643,1518485,10939178,6221680.7,4717497.2,1941260761,945382226,995878535,합계
전북특별자치도 군산시,2022-09,28224,746932,5597994,2849377.3,2748616.6,877819038,383454399,494364639,합계
전북특별자치도 익산시,2022-09,5834,152211,1180547.6,587161.9,603082,211214129,75861924,135352205,합계
전북특별자치도 정읍시,2022-09,11343,229011,2033620,792672.7,1240947.2,376974152,98197821,278776331,합계
전북특별자치도 남원시,2022-09,6792,129214,1141763.4,422041.1,724126.8,219104810,51200092,167904718,합계
전북특별자치도 김제시,2022-09,7801,129124,1367193,453466.3,913726.6,214883824,56022682,158861142,합계
전북특별자치도 완주군,2022-09,3186,44005,706398,300467.8,405930.1,104626950,32180070,72446880,합계
전북특별자치도 진안군,2022-09,817,6568,196749,51964.1,144784.8,20962676,5143974,15818702,합계
전북특별자치도 무주군,2022-09,1141,7076,219138,66945.8,152192.1,22382079,6420583,15961496,합계
전북특별자치도 장수군,2022-09,564,2553,139038,29612.9,109425,11788344,2960105,8828239,합계
전북특별자치도 임실군,2022-09,1089,7792,255199,84804.2,170394.7,26638281,7530881,19107400,합계
전북특별자치도 순창군,2022-09,1163,8034,228488,70454.6,158033.3,28045201,6792994,21252207,합계
전북특별자치도 고창군,2022-09,3406,41661,727493,240923.2,486569.7,96964470,23178414,73786056,합계
전북특별자치도 부안군,2022-09,3718,35062,687941.4,199916.4,519522.5,111947471,19937434,92010037,합계
전라남도 목포시,2022-09,23371,651505,4700613.4,2274086.8,3246431.1,788287239,332882018,455405221,합계
전라남도 여수시,2022-09,29937,830445,6382922.2,3524761.7,2867866.2,1046522855,443851668,602671187,합계
전라남도 순천시,2022-09,9080,272124,2005904,1077811.6,928092.3,346381917,137837477,208544440,합계
전라남도 나주시,2022-09,4467,59724,1109334,420033.4,689300.5,136819750,38564982,98254768,합계
전라남도 광양시,2022-09,8175,161211,1578219,720769,857449.9,293236961,81342258,211894703,합계
전라남도 담양군,2022-09,1972,16101,358324,110039.3,248284.6,51308403,10643397,40665006,합계
전라남도 곡성군,2022-09,244,983,56645,12245.5,44399.4,5023770,981218,4042552,합계
전라남도 구례군,2022-09,428,4915,84545,21009.1,63535.8,13722642,1868261,11854381,합계
전라남도 고흥군,2022-09,1929,14669,413994,104099.1,309894.8,49327769,9164089,40163680,합계
전라남도 보성군,2022-09,2113,16201,431922,117928.2,313993.7,41559458,10199329,31360129,합계
전라남도 화순군,2022-09,1726,28471,326646,117377.8,209268.1,60558306,13880928,46677378,합계
전라남도 장흥군,2022-09,1439,9595,297892,78477.4,219414.5,32145892,7042474,25103418,합계
전라남도 강진군,2022-09,1838,12170,399002.8,81519.6,319168.3,44151627,8372427,35779200,합계
전라남도 해남군,2022-09,4409,63971,1002885,286700.2,716184.7,120996818,28886050,92110768,합계
전라남도 영암군,2022-09,2233,18671,462185,161165.8,301019.1,41647578,15013552,26634026,합계
전라남도 무안군,2022-09,3388,53771,801721,301329.8,500391.1,103322355,32116493,71205862,합계
전라남도 함평군,2022-09,570,2113,117466,22062.3,95403.6,12309021,1918544,10390477,합계
전라남도 영광군,2022-09,2625,30474,595935,151848.1,444086.8,98247844,15974917,82272927,합계
전라남도 장성군,2022-09,2343,19736,455896,126571.3,329324.6,81972319,11604735,70367584,합계
전라남도 완도군,2022-09,2643,36050,535673,150048.1,385624.8,72922249,16597085,56325164,합계
전라남도 진도군,2022-09,1427,6761,328201.7,84318.8,367477.1,32895756,7647861,25247895,합계
전라남도 신안군,2022-09,1108,10433,227180,72353.4,154826.5,25649775,8211995,17437780,합계
경상북도 포항시,2022-09,42153,900932,7909591.5,4110909.8,4095198.1,1291548990,551128540,740420450,합계
경상북도 경주시,2022-09,23265,483887,4825772.6,2039298,2816332.9,731275216,235089683,496185533,합계
경상북도 김천시,2022-09,7829,152024,1465306.5,701682.6,770030.3,251227536,79150461,172077075,합계
경상북도 안동시,2022-09,4115,101516,868514,391227.3,477286.6,112067699,47807292,64260407,합계
경상북도 구미시,2022-09,7879,199943,1746925.2,984286.1,764170.8,279527716,123284271,156243445,합계
경상북도 영주시,2022-09,7739,174297,1234234,489754.1,744479.8,232099979,69653352,162446627,합계
경상북도 영천시,2022-09,6436,121962,1132792,440440,692351.9,176781554,53230998,123550556,합계
경상북도 상주시,2022-09,6646,110360,998452,332914.3,665537.6,225784588,43655750,182128838,합계
경상북도 문경시,2022-09,2088,39526,379636.2,140475.8,240764.1,71275197,16016375,55258822,합계
경상북도 경산시,2022-09,3809,84528,887885.8,473547,426575.9,141365843,55958301,85407542,합계
경상북도 의성군,2022-09,1772,8615,355289,67683.9,287605,41741884,6009528,35732356,합계
경상북도 청송군,2022-09,885,5308,180931,51054.7,129876.2,18244559,4518905,13725654,합계
경상북도 영양군,2022-09,728,3201,146024,36645.8,109378.1,16005123,3483374,12521749,합계
경상북도 영덕군,2022-09,1755,16419,312057,100404.8,211652.1,28557001,8908014,19648987,합계
경상북도 청도군,2022-09,1391,10490,226080,71172.8,154907.1,29536882,7286493,22250389,합계
경상북도 고령군,2022-09,201,1098,57474,13001,44472.9,6566559,991579,5574980,합계
경상북도 성주군,2022-09,1029,10233,261848,81103.4,180744.5,21816648,7065071,14751577,합계
경상북도 칠곡군,2022-09,129,2615,40271,17637.3,22633.6,5645443,1663650,3981793,합계
경상북도 예천군,2022-09,1307,11846,260672,67828.7,192843.2,30627608,5975060,24652548,합계
경상북도 봉화군,2022-09,1119,4150,227261,40748.6,186512.3,22277821,3340785,18937036,합계
경상북도 울진군,2022-09,2154,24581,455901,118802.6,337098.3,52305130,10174935,42130195,합계
경상북도 울릉군,2022-09,781,7805,84919,29022.9,55896,18363732,4246240,14117492,합계
경상남도 창원시,2022-09,82704,1922303,17054225,8956705.6,8543053.3,2882956577,1130201348,1752755229,합계
경상남도 진주시,2022-09,31997,834943,6672245.7,3475452.3,3355024.6,1053270069,429875098,623394971,합계
경상남도 통영시,2022-09,13254,358106,2894149.9,1339352.3,1561215.6,453340520,171329471,282011049,합계
경상남도 사천시,2022-09,10930,263331,2158161,921266.1,1236894.8,378041968,106512119,271529849,합계
경상남도 김해시,2022-09,24643,566711,4909491,2517421.8,2392069.1,850675866,335840324,514835542,합계
경상남도 밀양시,2022-09,5402,95567,992310,363759.7,628550.2,161809745,42232581,119577164,합계
경상남도 거제시,2022-09,13437,349214,2890457,1510022.4,1380434.5,500608875,176498174,324110701,합계
경상남도 양산시,2022-09,16203,384406,3213249.9,1665691.5,1549782.4,578105047,203897538,374207509,합계
경상남도 의령군,2022-09,1176,7070,231044,63201.2,167842.7,21249852,5465790,15784062,합계
경상남도 함안군,2022-09,3124,33257,625572,222366.1,403205.8,83605176,22202582,61402594,합계
경상남도 창녕군,2022-09,3058,19240,553088,132993.6,420094.3,76228686,12766428,63462258,합계
경상남도 고성군,2022-09,2475,26993,456537,145625.3,310911.6,66719587,15403381,51316206,합계
경상남도 남해군,2022-09,2530,19265,470312,113654.9,356657,55892785,10132920,45759865,합계
경상남도 하동군,2022-09,1670,7316,383861,69747.5,314113.4,34953458,6472742,28480716,합계
경상남도 산청군,2022-09,1126,9676,246530,93761.1,152768.8,22229837,7731054,14498783,합계
경상남도 함양군,2022-09,2064,15270,381437,83053.1,298383.8,48079085,8053172,40025913,합계
경상남도 거창군,2022-09,4238,70845,767544,241074.4,526469.5,108076480,27190449,80886031,합계
경상남도 합천군,2022-09,1953,9166,401073,92891.5,308181.4,40362607,8615699,31746908,합계
제주특별자치도,2022-09,38339,782178,8316021.6,4544587.7,3779013.2,1260292145,537549237,722742908,합계
서울특별시,2022-10,177754,2967371,37380163.2,23024322.5,31538599.4,5891104104,3056954407,2834149697,합계
부산광역시,2022-10,155555,3289509,32920510.3,19391975.3,14090267.6,5467471524,2505102404,2962369120,합계
대구광역시,2022-10,87381,1773220,17009068.9,9684172.9,7383783,2783286790,1277764784,1505522006,합계
인천광역시,2022-10,100739,2010965,23656867.3,14598590.9,9109772,3567161651,1755704077,1811457574,합계
광주광역시,2022-10,55546,1378231,12655659.8,7855947,4851340.9,2023912489,991613011,1032299478,합계
대전광역시,2022-10,55435,1505144,12007259.7,7520644.3,4696269.6,1930779785,1034016556,896763229,합계
울산광역시,2022-10,118627,2482552,23975930.4,12980653.1,12146828.8,3886899178,1598169587,2288729591,합계
세종특별자치시,2022-10,2805,74842,951010,490906,460103.9,120018107,48231383,71786724,합계
경기도 수원시,2022-10,27999,629203,7168484.7,4446912.1,3269291.8,1169214149,546913985,622300164,합계
경기도 성남시,2022-10,21307,424260,5480674.2,3000273.1,2540188.8,796805376,330913418,465891958,합계
경기도 의정부시,2022-10,7765,209895,2067722.8,1146935.6,1017030.3,337632659,145956669,191675990,합계
경기도 안양시,2022-10,28883,657161,6702407,3980121.9,2722285,1094368434,505918708,588449726,합계
경기도 부천시,2022-10,7658,143020,2320897.7,930801.3,3474525.6,273678062,121938112,151739950,합계
경기도 광명시,2022-10,4482,60107,1041647,520796.8,520850.1,159488827,58938884,100549943,합계
경기도 평택시,2022-10,7907,225722,2409749,1372908.4,1036840.5,352470048,161432334,191037714,합계
경기도 동두천시,2022-10,3558,100569,782277.8,386623.2,520384.7,143687090,47342446,96344644,합계
경기도 안산시,2022-10,12254,322261,3127724.3,1753449,2499601.9,486784048,226890568,259893480,합계
경기도 고양시,2022-10,11809,246746,3587069.5,2308276.9,1341466,546415392,245978354,300437038,합계
경기도 과천시,2022-10,1897,46427,510842,313497.8,197344.1,79595281,36663646,42931635,합계
경기도 구리시,2022-10,4393,103914,1273833,753618.4,520214.5,183240403,83185000,100055403,합계
경기도 남양주시,2022-10,7471,185117,2233019,1331933.8,901085.1,324890620,144559235,180331385,합계
경기도 오산시,2022-10,2973,54725,753380,459606.4,293773.5,117224206,53503945,63720261,합계
경기도 시흥시,2022-10,6425,125005,1615448,899876.6,715571.3,248478842,101957712,146521130,합계
경기도 군포시,2022-10,1072,24084,275821,154903.1,120917.8,44606993,17516576,27090417,합계
경기도 의왕시,2022-10,434,9069,102933,60892.9,42040,15827578,6890456,8937122,합계
경기도 하남시,2022-10,1139,22255,322323,184373.8,137949.1,44228055,19915741,24312314,합계
경기도 용인시,2022-10,4494,127152,1667642,1008240.9,659401,225528612,109441158,116087454,합계
경기도 파주시,2022-10,5946,146441,2148497.2,1234303.4,995089.5,264410413,117155481,147254932,합계
경기도 이천시,2022-10,3887,95468,1120251,599011.4,521239.5,168778516,64721231,104057285,합계
경기도 안성시,2022-10,2332,41695,574985,271108.4,303876.5,83674832,27304659,56370173,합계
경기도 김포시,2022-10,3596,62107,1037523,584792.4,452730.5,143230862,57489614,85741248,합계
경기도 화성시,2022-10,5669,90575,1816430,844809.3,971620.6,261067364,87928026,173139338,합계
경기도 광주시,2022-10,2605,42010,680229,392953.2,287275.7,94609033,38655183,55953850,합계
경기도 양주시,2022-10,1596,36527,413836,223223.8,190612.1,60179627,25436419,34743208,합계
경기도 포천시,2022-10,1826,33209,485612,217178.6,270249.3,62329258,22620246,39709012,합계
경기도 여주시,2022-10,1307,29544,323659,151882.4,171776.5,49675468,15961635,33713833,합계
경기도 연천군,2022-10,212,4941,68419,29139.4,39279.5,8866273,2530224,6336049,합계
경기도 가평군,2022-10,1095,22952,314761,144203.8,170557.1,37639081,13331722,24307359,합계
경기도 양평군,2022-10,1102,28612,342516,152727,189788.9,50071530,15275352,34796178,합계
강원특별자치도 춘천시,2022-10,35107,922707,5866291,2980618.4,2885672.5,1147952872,458920301,689032571,합계
강원특별자치도 원주시,2022-10,29896,908133,6327856.7,3510110.8,2851371.1,1108201887,464910908,643290979,합계
강원특별자치도 강릉시,2022-10,22059,599349,4277945.2,2272184.8,2030986.1,748854902,308792315,440062587,합계
강원특별자치도 동해시,2022-10,8130,218723,1510325,755282.5,755042.4,296462808,89655182,206807626,합계
강원특별자치도 태백시,2022-10,4137,119254,946814.9,418163.6,719266.3,146313982,43640229,102673753,합계
강원특별자치도 속초시,2022-10,11642,300098,2041466.5,977698.5,1162760.4,367908859,137839574,230069285,합계
강원특별자치도 삼척시,2022-10,2475,95572,546394,260596.8,285797.1,100513474,32790000,67723474,합계
강원특별자치도 홍천군,2022-10,2926,43648,607806,162227.2,445578.7,109586231,16068972,93517259,합계
강원특별자치도 횡성군,2022-10,1259,19587,293204,103314.5,189889.4,46119331,9642256,36477075,합계
강원특별자치도 영월군,2022-10,2111,43907,435618,139881.9,295736,69888055,14830248,55057807,합계
강원특별자치도 평창군,2022-10,2494,28228,592122,227273.9,364848,58708144,17994057,40714087,합계
강원특별자치도 정선군,2022-10,4655,84384,1334590.7,557862.1,907099.8,162910099,41893476,121016623,합계
강원특별자치도 철원군,2022-10,2103,40040,504859,235092.9,269766,71147934,21409490,49738444,합계
강원특별자치도 화천군,2022-10,1079,16241,246937,103242.5,143694.4,34754989,8508802,26246187,합계
강원특별자치도 양구군,2022-10,930,14849,255648,115726.2,139921.7,27364161,9563269,17800892,합계
강원특별자치도 인제군,2022-10,1218,15094,314251,123647.2,190603.7,36620156,8863813,27756343,합계
강원특별자치도 고성군,2022-10,1553,18397,378183,146637.5,231545.4,57898030,12602188,45295842,합계
강원특별자치도 양양군,2022-10,1994,24867,512079,180302.8,331776.1,68961280,15064191,53897089,합계
충청북도 청주시,2022-10,87602,1753296,16686501.1,9041932.8,8377795.1,2740610308,1247079199,1493531109,합계
충청북도 충주시,2022-10,21910,521531,4055250,1876115.5,2179134.4,687178006,246430213,440747793,합계
충청북도 제천시,2022-10,,,,,,,,,합계
충청북도 보은군,2022-10,1927,10838,355801,94724.6,261076.3,45354565,9731367,35623198,합계
충청북도 옥천군,2022-10,3564,57910,604673,203490.5,401182.4,113862426,24607150,89255276,합계
충청북도 영동군,2022-10,2800,43292,561674,185032.2,376641.7,87446343,18281068,69165275,합계
충청북도 증평군,2022-10,2869,38289,579592.7,194110,980311.9,91606002,20939727,70666275,합계
충청북도 진천군,2022-10,3950,95364,1108012,530978.9,577033,143395066,52073961,91321105,합계
충청북도 괴산군,2022-10,1371,12144,345322,123882.7,221439.2,36739546,11071804,25667742,합계
충청북도 음성군,2022-10,5559,108261,1585301,638568.6,946732.3,206734397,57731066,149003331,합계
충청북도 단양군,2022-10,,,,,,,,,합계
충청남도 천안시,2022-10,5661,173486,1677940.4,959597.2,725185.7,236935895,120851083,116084812,합계
충청남도 공주시,2022-10,2238,41132,520047,208537.2,311509.7,80058033,22073469,57984564,합계
충청남도 보령시,2022-10,7794,148477,1402363.1,602037.3,803357.6,274212652,69632001,204580651,합계
충청남도 아산시,2022-10,7598,193923,2121686.2,1137709.8,1740951.1,310766939,120721084,190045855,합계
충청남도 서산시,2022-10,2673,77246,635363,301269.7,334093.2,121572493,37940139,83632354,합계
충청남도 논산시,2022-10,4927,86822,1026005,437446.5,588558.4,162143003,47646677,114496326,합계
충청남도 계룡시,2022-10,1617,35646,422750,194847.8,227902.1,56843205,19002431,37840774,합계
충청남도 당진시,2022-10,2617,47273,667329,259668,407660.9,91987033,24453424,67533609,합계
충청남도 금산군,2022-10,,,,,,,,,합계
충청남도 부여군,2022-10,314,3302,67900,20422.7,47477.2,11228054,2056085,9171969,합계
충청남도 서천군,2022-10,448,4417,98001,26094.8,71906.1,12934278,2420119,10514159,합계
충청남도 청양군,2022-10,394,2043,68745,19525.6,49219.3,9936184,2017311,7918873,합계
충청남도 홍성군,2022-10,2436,52872,495185,203317.2,291867.7,83252453,21995635,61256818,합계
충청남도 예산군,2022-10,1371,23875,305815,106959.2,198855.7,49645939,10624779,39021160,합계
충청남도 태안군,2022-10,1537,19932,340540,107994.2,232545.7,50682311,9911180,40771131,합계
전북특별자치도 전주시,2022-10,55813,1576007,11438046.6,6518491.3,4926496.6,2010869761,983346906,1027522855,합계
전북특별자치도 군산시,2022-10,29340,758865,5716379.6,2888297.5,2917593.4,900968653,388319889,512648764,합계
전북특별자치도 익산시,2022-10,5982,150299,1192426,581427.3,610998.6,213592903,75415104,138177799,합계
전북특별자치도 정읍시,2022-10,11692,228957,2096224,809624.4,1286599.5,385740304,99743295,285997009,합계
전북특별자치도 남원시,2022-10,7048,128771,1175267,425412.3,749854.6,228130779,51142267,176988512,합계
전북특별자치도 김제시,2022-10,7994,121338,1352256,438557.2,913698.7,211744636,52405602,159339034,합계
전북특별자치도 완주군,2022-10,3267,43619,709806,297261.5,412544.4,106123662,32028644,74095018,합계
전북특별자치도 진안군,2022-10,838,6858,203220,55381.3,147838.6,21393224,5261693,16131531,합계
전북특별자치도 무주군,2022-10,1192,7511,236681,71057.6,165623.3,24192362,6605974,17586388,합계
전북특별자치도 장수군,2022-10,564,2604,137667,27410.4,110256.5,11628459,2597527,9030932,합계
전북특별자치도 임실군,2022-10,1136,7907,253132,87225.9,165906,26488390,7758279,18730111,합계
전북특별자치도 순창군,2022-10,1129,7901,230175,69909.9,160265,28244244,6852951,21391293,합계
전북특별자치도 고창군,2022-10,3401,40640,722878,237757.1,485120.8,95390800,23141524,72249276,합계
전북특별자치도 부안군,2022-10,3771,33735,680661.9,194746,519993.9,108495978,19370723,89125255,합계
전라남도 목포시,2022-10,25203,721607,5193831.8,2571973,3335919.9,855559767,376013227,479546540,합계
전라남도 여수시,2022-10,30754,866086,6753575.9,3758211,3021796.9,1090882416,469823189,621059227,합계
전라남도 순천시,2022-10,9380,284975,2137614,1150606.5,987007.4,363155942,145864046,217291896,합계
전라남도 나주시,2022-10,4581,60021,1125100,422092.2,703007.7,139524391,38367236,101157155,합계
전라남도 광양시,2022-10,8265,157375,1600891,717033.8,883857.1,293915673,79921356,213994317,합계
전라남도 담양군,2022-10,2020,17030,360994,111057.9,249936,53191185,10787018,42404167,합계
전라남도 곡성군,2022-10,252,941,54258,10919,43338.9,4661549,844638,3816911,합계
전라남도 구례군,2022-10,442,5019,92526,24237,68288.9,14698879,2128415,12570464,합계
전라남도 고흥군,2022-10,1921,13451,377405,91412.8,285992.1,46301304,8486392,37814912,합계
전라남도 보성군,2022-10,2145,16322,425047,119844.6,305202.4,41151157,10134082,31017075,합계
전라남도 화순군,2022-10,1787,28879,331534,118806.8,212727.1,63678082,14310054,49368028,합계
전라남도 장흥군,2022-10,1481,9309,295227,75916.4,219310.5,32321986,6595602,25726384,합계
전라남도 강진군,2022-10,1871,12286,391302.6,81823.3,310949.6,42259642,8785858,33473784,합계
전라남도 해남군,2022-10,4471,64033,1030439,295999.1,734439.8,120804718,29018117,91786601,합계
전라남도 영암군,2022-10,2326,20500,506889,178594.4,328294.5,44552733,16600715,27952018,합계
전라남도 무안군,2022-10,3534,56156,846286,328540.4,517745.5,106277455,34763644,71513811,합계
전라남도 함평군,2022-10,578,2153,111195,21202.9,89992,12099081,1804814,10294267,합계
전라남도 영광군,2022-10,2639,29204,551609,140482.3,411126.6,95968435,14361084,81607351,합계
전라남도 장성군,2022-10,2435,20463,454340,126793.9,327546,83747086,11818543,71928543,합계
전라남도 완도군,2022-10,2694,37082,551708,155211.4,396496.5,74479589,16988496,57491093,합계
전라남도 진도군,2022-10,1443,7322,355813.8,91210,372889.9,34322415,7944213,26378202,합계
전라남도 신안군,2022-10,1146,10691,229823,73965.6,155857.3,26022294,8559021,17463273,합계
경상북도 포항시,2022-10,45154,939383,8427620,4250861.2,4424422.7,1380321418,563201577,817119841,합계
경상북도 경주시,2022-10,26033,590722,5664849.4,2617868.5,3070285.4,851332936,298753964,552578972,합계
경상북도 김천시,2022-10,8025,153142,1502740,717183.7,785556.2,255611752,80217293,175394459,합계
경상북도 안동시,2022-10,4211,103629,873628.7,399279.8,477721.1,113661797,49182237,64479560,합계
경상북도 구미시,2022-10,8153,205024,1809678,1017675.3,792002.6,289025053,126949855,162075198,합계
경상북도 영주시,2022-10,7790,171112,1242464,485584.8,756879.1,226176459,68592928,157583531,합계
경상북도 영천시,2022-10,6773,125370,1180119.3,456291.3,732544.6,184199282,54679930,129519352,합계
경상북도 상주시,2022-10,6812,113183,1025726,343524.9,682201,228874333,45233842,183640491,합계
경상북도 문경시,2022-10,2185,39863,387794,142848.1,244945.8,74080995,16162951,57918044,합계
경상북도 경산시,2022-10,4225,88688,934736,490009.5,444726.4,151783751,57830923,93952828,합계
경상북도 의성군,2022-10,1829,9036,351458,67658.8,283799.1,41931813,5988794,35943019,합계
경상북도 청송군,2022-10,871,5271,188819,52580.2,136238.7,19333838,4556623,14777215,합계
경상북도 영양군,2022-10,738,3307,151574,35743.7,115830.2,15160000,3270914,11889086,합계
경상북도 영덕군,2022-10,1740,17241,320180,103471.6,216708.3,29096332,9228416,19867916,합계
경상북도 청도군,2022-10,1315,10439,224413,71396.6,153016.3,28877521,7169757,21707764,합계
경상북도 고령군,2022-10,190,1009,54065,12075,41989.9,5778684,895638,4883046,합계
경상북도 성주군,2022-10,1066,10966,257145,82555.1,174589.8,22193016,7240724,14952292,합계
경상북도 칠곡군,2022-10,200,3563,50223,21381.8,28841.1,7411205,2043324,5367881,합계
경상북도 예천군,2022-10,1313,11803,262633,66774.6,195858.3,30487969,5939590,24548379,합계
경상북도 봉화군,2022-10,1170,4323,218585,40106,178478.9,22914534,3147472,19767062,합계
경상북도 울진군,2022-10,2240,25850,491122,126323.6,366505.3,55323334,10848612,44474722,합계
경상북도 울릉군,2022-10,850,9518,103758,36069.7,67688.2,22609843,5600794,17009049,합계
경상남도 창원시,2022-10,50600,1127700,10079446,5336147.4,4833881.5,1687060541,671613679,1015446862,합계
경상남도 진주시,2022-10,33392,864459,6948058.8,3617509.2,3395430.7,1096113408,455410566,640702842,합계
경상남도 통영시,2022-10,13707,354290,2979791.7,1343505,1637806.9,470513292,172108421,298404871,합계
경상남도 사천시,2022-10,11331,253487,2168691,908978.8,1259712.1,386787747,104260074,282527673,합계
경상남도 김해시,2022-10,25540,573849,5050737,2545987.7,2504749.2,883827196,336832236,546994960,합계
경상남도 밀양시,2022-10,5531,92773,983835,351822.4,632012.5,164387458,40419762,123967696,합계
경상남도 거제시,2022-10,14083,361345,3029977,1558564.9,1471412,530166781,181523089,348643692,합계
경상남도 양산시,2022-10,17285,406023,3393208.1,1749970.3,1649292.6,617187653,212888290,404299363,합계
경상남도 의령군,2022-10,1142,6462,211559,58452.4,153106.5,19510573,4974375,14536198,합계
경상남도 함안군,2022-10,3147,29452,598312,195818.5,402493.4,81143842,19408434,61735408,합계
경상남도 창녕군,2022-10,3157,18670,553063,127156.3,425906.6,76137819,12297300,63840519,합계
경상남도 고성군,2022-10,2527,26200,460620,140274,320345.9,66398543,14572769,51825774,합계
경상남도 남해군,2022-10,2676,18906,483211,117445.2,365765.7,56543878,10202590,46341288,합계
경상남도 하동군,2022-10,1795,7720,417000,78597.1,338402.8,37354067,7037473,30316594,합계
경상남도 산청군,2022-10,1094,8935,241642,91481.8,150160.1,21626693,7733295,13893398,합계
경상남도 함양군,2022-10,2149,14935,408602,88209.6,320392.3,50451755,8143999,42307756,합계
경상남도 거창군,2022-10,4293,68750,752041,231955.8,520085.1,108350527,26442494,81908033,합계
경상남도 합천군,2022-10,2049,8926,415885,93871.9,322013,42189254,8753892,33435362,합계
제주특별자치도,2022-10,40809,848064,9249835.7,5078385.6,4183790.3,1378742766,598957048,779785718,합계
서울특별시,2022-11,683902,11641045,145808777.9,88539120.9,146703131,23138182776,11652315236,11485867540,합계
부산광역시,2022-11,148270,3048426,30877197.9,17826118.4,13733690.5,5222462522,2311441029,2911021493,합계
대구광역시,2022-11,76259,1510767,14602923,8209543.2,6419617.7,2448732865,1094184352,1354548513,합계
인천광역시,2022-11,99767,1966182,23423636.1,14284521.1,9222813.8,3569025095,1719752977,1849272118,합계
광주광역시,2022-11,53737,1300248,12000185.7,7384035.7,4729016.2,1951571901,936596823,1014975078,합계
대전광역시,2022-11,54179,1442372,11684081.3,7227753.5,4515532.4,1895493151,992261942,903231209,합계
울산광역시,2022-11,113485,2348303,22721149.6,12243455.2,11528906.7,3719150282,1496895729,2222254553,합계
세종특별자치시,2022-11,2772,76252,974411,504927.8,469483.1,122143121,48900217,73242904,합계
경기도 수원시,2022-11,27427,613412,6963566.8,4283656.6,3170154.3,1148931215,526954396,621976819,합계
경기도 성남시,2022-11,21066,405839,5382353.9,2894539.5,2556997.4,796020699,320766503,475254196,합계
경기도 의정부시,2022-11,8239,221553,2147481.6,1196679.3,986754.6,357816946,154193464,203623482,합계
경기도 안양시,2022-11,28649,629789,6555231,3831684.9,2723546,1084557582,486208840,598348742,합계
경기도 부천시,2022-11,7734,144269,2379983.7,936999.3,3532924.6,282209977,122714437,159495540,합계
경기도 광명시,2022-11,3160,40916,726467,353811,372656,114194895,40061014,74133881,합계
경기도 평택시,2022-11,9583,289445,2713257.3,1515426,1210372.9,416571949,179799353,236772596,합계
경기도 동두천시,2022-11,2797,73866,558205,271559.4,286645.5,110331852,33630900,76700952,합계
경기도 안산시,2022-11,11818,305699,2977213.1,1646102.3,2430284.6,464581917,215446291,249135626,합계
경기도 고양시,2022-11,11700,246467,3522162,2239437.3,1350321.6,549618607,241083235,308535372,합계
경기도 과천시,2022-11,1778,42059,472306.8,285853.2,211352.7,74103777,33177488,40926289,합계
경기도 구리시,2022-11,4178,97963,1212757,713509,499247.9,176464205,78427115,98037090,합계
경기도 남양주시,2022-11,7377,179976,2185111,1283716.9,901394,320288304,139073884,181214420,합계
경기도 오산시,2022-11,2891,53288,737671.5,445255.5,295651.4,116395434,51989926,64405508,합계
경기도 시흥시,2022-11,6281,123600,1569196,873094.4,696101.5,245000990,99676690,145324300,합계
경기도 군포시,2022-11,1073,23890,273161,153463.6,119697.3,45414544,17629310,27785234,합계
경기도 의왕시,2022-11,459,9053,107490,62998.7,44491.2,16961226,7017809,9943417,합계
경기도 하남시,2022-11,1153,22639,327985,185031.6,142953.3,45720372,19845164,25875208,합계
경기도 용인시,2022-11,11554,197945,3031432,1535767.8,1495664.1,430087993,168821821,261266172,합계
경기도 파주시,2022-11,3915,93629,1358250.3,777590.6,625818.3,172725239,74384686,98340553,합계
경기도 이천시,2022-11,3792,93154,1087468.7,576307.8,627171.1,167278490,61934129,105344361,합계
경기도 안성시,2022-11,2284,40289,556080,258350.4,297729.5,83720034,26011579,57708455,합계
경기도 김포시,2022-11,3542,59309,994509,551804.7,447356.2,139411027,54427073,84983954,합계
경기도 화성시,2022-11,5999,95635,1910014,908672.3,1001341.6,283064354,95187707,187876647,합계
경기도 광주시,2022-11,2774,44261,706990,401986,305003.9,100867036,39820630,61046406,합계
경기도 양주시,2022-11,1567,35274,401172,214352.3,186819.6,59058696,24252878,34805818,합계
경기도 포천시,2022-11,1837,33515,482173.3,214149.6,392632.3,64631278,22159469,42471809,합계
경기도 여주시,2022-11,1248,27202,299129,140874.4,158254.5,46935220,14679885,32255335,합계
경기도 연천군,2022-11,172,3940,56018,22905.8,33112.1,7497330,1923100,5574230,합계
경기도 가평군,2022-11,1034,20873,288002,128375.5,159626.4,35504635,11420174,24084461,합계
경기도 양평군,2022-11,1050,26198,314633,140464.9,174168,46776971,13839373,32937598,합계
강원특별자치도 춘천시,2022-11,32805,852859,5405915.7,2712382.8,2696265.1,1073638631,419783963,653854668,합계
강원특별자치도 원주시,2022-11,28767,856420,5998767.6,3302581.3,2774302.6,1064225315,437324101,626901214,합계
강원특별자치도 강릉시,2022-11,21820,559777,4002394.3,2062030.1,1942906.8,728053196,280506259,447546937,합계
강원특별자치도 동해시,2022-11,8440,204393,1461158,698663.8,762494.1,298985444,82575285,216410159,합계
강원특별자치도 태백시,2022-11,3968,112205,896543,391734,504808.9,140015936,40396260,99619676,합계
강원특별자치도 속초시,2022-11,11234,279362,1861236.9,858698.7,1079982.2,345103303,118542046,226561257,합계
강원특별자치도 삼척시,2022-11,2514,93382,532310.7,247653.8,302308.1,100102436,31226262,68876174,합계
강원특별자치도 홍천군,2022-11,3156,43965,615360,161599.1,453760.8,114624359,16196376,98427983,합계
강원특별자치도 횡성군,2022-11,1230,17371,266406,90697.4,175708.5,44534460,8469980,36064480,합계
강원특별자치도 영월군,2022-11,2073,41756,407483,129521.5,277961.4,68774538,13598585,55175953,합계
강원특별자치도 평창군,2022-11,2410,23290,472803,174638.8,298164.1,49304238,13561584,35742654,합계
강원특별자치도 정선군,2022-11,4567,76523,1242375.8,508296.8,736163.1,159918624,37364612,122554012,합계
강원특별자치도 철원군,2022-11,2129,33990,445032,197193.7,247838.2,67016783,17192041,49824742,합계
강원특별자치도 화천군,2022-11,1090,16037,231160,97910.4,133249.5,33951443,8181881,25769562,합계
강원특별자치도 양구군,2022-11,890,13922,234893,105702.6,129190.3,25972864,8708413,17264451,합계
강원특별자치도 인제군,2022-11,1135,13685,255937,98437.4,157499.5,31555165,7111155,24444010,합계
강원특별자치도 고성군,2022-11,1507,16428,335380,127785.7,207594.2,55249110,10661219,44587891,합계
강원특별자치도 양양군,2022-11,1943,21684,346589,132218.6,214370.3,58869991,11658990,47211001,합계
충청북도 청주시,2022-11,86089,1713331,16211073,8738734.2,8411523.7,2696526052,1209743426,1486782626,합계
충청북도 충주시,2022-11,21735,500686,3924138,1785401.8,2138736.1,681963717,234537590,447426127,합계
충청북도 제천시,2022-11,756,14306,134295,47271.2,87023.7,22819628,6276802,16542826,합계
충청북도 보은군,2022-11,1814,10525,335257,90324.6,244932.3,43564720,9086336,34478384,합계
충청북도 옥천군,2022-11,3458,55716,577847,194273,383573.9,111610771,23545418,88065353,합계
충청북도 영동군,2022-11,2762,39524,527891,169140.6,358750.3,86587644,16792440,69795204,합계
충청북도 증평군,2022-11,2771,34944,541922.8,177012.4,668309.5,89681898,19247253,70434645,합계
충청북도 진천군,2022-11,3885,90192,1041041,495344.4,545696.5,139331233,48875075,90456158,합계
충청북도 괴산군,2022-11,1308,11318,330513,116526.5,213986.4,36062275,10435339,25626936,합계
충청북도 음성군,2022-11,5368,102851,1494780,601868.1,892911.8,199878570,54722324,145156246,합계
충청북도 단양군,2022-11,,,,,,,,,합계
충청남도 천안시,2022-11,5802,173221,1693115,963022,737634.9,240407858,121725097,118682761,합계
충청남도 공주시,2022-11,2115,36434,477029,187784.3,289244.6,75284535,19345732,55938803,합계
충청남도 보령시,2022-11,7500,138544,1321151,551770.2,769380.7,263126163,64092364,199033799,합계
충청남도 아산시,2022-11,7473,187857,2050447,1104466,1940259.9,302296329,117710432,184585897,합계
충청남도 서산시,2022-11,2572,71662,589916.1,279819.5,371421.4,115770734,35270858,80499876,합계
충청남도 논산시,2022-11,4796,80696,960416,407865.1,552550.8,155173040,44553084,110619956,합계
충청남도 계룡시,2022-11,1404,28593,329060,144427.6,184632.3,48141755,14725294,33416461,합계
충청남도 당진시,2022-11,2594,46847,662207.8,256325.3,435512.6,92146701,24271868,67874833,합계
충청남도 금산군,2022-11,,,,,,,,,합계
충청남도 부여군,2022-11,331,3592,71928,22880,49047.9,11587100,2156247,9430853,합계
충청남도 서천군,2022-11,448,4364,94824,26662,68161.9,13034130,2412252,10621878,합계
충청남도 청양군,2022-11,364,2082,69786,17443.2,52342.7,9467514,1803977,7663537,합계
충청남도 홍성군,2022-11,2441,50489,479287,195250.1,284036.8,82491799,21160315,61331484,합계
충청남도 예산군,2022-11,1369,23384,304287.2,104463.2,220534.7,49806213,10260641,39545572,합계
충청남도 태안군,2022-11,1435,18271,299905,92775.4,207129.5,47718765,8717000,39001765,합계
전북특별자치도 전주시,2022-11,56823,1507648,11186662.3,6209624.7,5069031.2,1998162434,941415790,1056746644,합계
전북특별자치도 군산시,2022-11,28414,689270,5281993.1,2615710.7,2834913.2,852035988,353683707,498352281,합계
전북특별자치도 익산시,2022-11,5853,144854,1149542,555636.8,593905.1,208751686,71840097,136911589,합계
전북특별자치도 정읍시,2022-11,11231,220805,2030406,795685.2,1234720.7,370959493,99939732,271019761,합계
전북특별자치도 남원시,2022-11,6729,122178,1107891.5,398818.9,713557,216329767,48534434,167795333,합계
전북특별자치도 김제시,2022-11,7818,114646,1278932.5,403179.1,913602.8,208087737,48469938,159617799,합계
전북특별자치도 완주군,2022-11,3207,42793,698162.7,289837.7,429831.2,105225030,31226527,73998503,합계
전북특별자치도 진안군,2022-11,860,6738,198426,52493.2,145932.7,22206842,5086891,17119951,합계
전북특별자치도 무주군,2022-11,1160,7208,206627,60712.1,145914.8,22816395,5962228,16854167,합계
전북특별자치도 장수군,2022-11,567,2563,139820,28423.6,111396.3,11781390,2724124,9057266,합계
전북특별자치도 임실군,2022-11,1090,7591,248438,84086.2,164351.7,26145933,7343289,18802644,합계
전북특별자치도 순창군,2022-11,1099,7523,219271,63994.8,155276.1,27191730,6178374,21013356,합계
전북특별자치도 고창군,2022-11,3254,38575,691663.6,225541.3,469423.6,92393114,21591041,70802073,합계
전북특별자치도 부안군,2022-11,3742,33990,674226.2,187863.6,513932.3,110488261,19652255,90836006,합계
전라남도 목포시,2022-11,30420,784259,5821394.1,2745521.4,3842839.5,987220354,407140821,580079533,합계
전라남도 여수시,2022-11,30328,810976,6376400,3417358.4,2975289.5,1050002095,429083023,620919072,합계
전라남도 순천시,2022-11,9108,268110,2012794,1078410,934383.9,347577921,138012062,209565859,합계
전라남도 나주시,2022-11,4500,58803,1113457,416375,697081.9,138526289,37928242,100598047,합계
전라남도 광양시,2022-11,8148,154037,1566576,702269.8,864306.1,292093055,78856853,213236202,합계
전라남도 담양군,2022-11,1990,15906,350319,106473.7,243845.2,51421278,10236608,41184670,합계
전라남도 곡성군,2022-11,240,834,51757,10131.1,41625.8,4594542,777907,3816635,합계
전라남도 구례군,2022-11,447,4732,82464,21152.3,61311.6,14276338,1872839,12403499,합계
전라남도 고흥군,2022-11,1868,13460,369661,86661,282999.9,46244717,8090621,38154096,합계
전라남도 보성군,2022-11,2053,15573,419028,119132,299895.9,40703063,10177207,30525856,합계
전라남도 화순군,2022-11,1734,27957,321761,115602.9,206158,61996030,13767640,48228390,합계
전라남도 장흥군,2022-11,1414,9035,282845,73924.6,208920.3,32852806,6509083,26343723,합계
전라남도 강진군,2022-11,1801,12180,382964,77063.6,305900.3,41985646,8503482,33482164,합계
전라남도 해남군,2022-11,4404,64236,1034279,298642.2,735636.7,122666697,29174729,93491968,합계
전라남도 영암군,2022-11,2251,19940,481788,163501.4,318286.5,43206589,15234149,27972440,합계
전라남도 무안군,2022-11,3440,55645,833882,320528.4,513353.5,106473322,33948356,72524966,합계
전라남도 함평군,2022-11,563,2053,113838,20700.4,93137.5,12223801,1727987,10495814,합계
전라남도 영광군,2022-11,2645,30476,545274,142697.7,402576.2,96462610,15228728,81233882,합계
전라남도 장성군,2022-11,2346,18998,436508,118605.1,317902.8,80873152,10801583,70071569,합계
전라남도 완도군,2022-11,2711,37733,546606,154389,392216.9,75275124,17033540,58241584,합계
전라남도 진도군,2022-11,1372,6706,336937.5,87826.2,326117.7,32634120,7691127,24942993,합계
전라남도 신안군,2022-11,1123,10165,215989,68918.9,147070,24402835,7900361,16502474,합계
경상북도 포항시,2022-11,43615,889268,7999534.3,4025586.7,4199631.2,1321084969,534578461,786506508,합계
경상북도 경주시,2022-11,25036,557573,5147407.5,2303429.9,2873480,799433420,264276981,535156439,합계
경상북도 김천시,2022-11,7790,141380,1441024,672224.6,768799.3,246924208,74593486,172330722,합계
경상북도 안동시,2022-11,4033,96491,824197.1,367524.4,461114.5,110244469,45161549,65082920,합계
경상북도 구미시,2022-11,7640,192145,1688716,950123.4,738592.5,273157177,118727237,154429940,합계
경상북도 영주시,2022-11,7647,162888,1171351.5,454002.7,725511.2,224809453,64884649,159924804,합계
경상북도 영천시,2022-11,6535,118018,1098386.4,420781.5,714958.4,181860359,51280078,130580281,합계
경상북도 상주시,2022-11,6736,107696,996152,325802.1,670349.8,225137372,43261272,181876100,합계
경상북도 문경시,2022-11,2086,37413,354484,128855.7,225628.2,68961878,14747199,54214679,합계
경상북도 경산시,2022-11,4005,86684,884399,472075.1,412323.8,144069680,56007270,88062410,합계
경상북도 의성군,2022-11,1744,8684,339227,66641.3,272585.6,41213261,5850873,35362388,합계
경상북도 청송군,2022-11,817,4865,170317,45872.2,124444.7,17859910,3961703,13898207,합계
경상북도 영양군,2022-11,738,3060,153156,33543.1,119612.8,16067322,3126495,12940827,합계
경상북도 영덕군,2022-11,1746,16244,294584,95989.6,198594.3,27126030,8473791,18652239,합계
경상북도 청도군,2022-11,1283,9254,206161,60949.4,145211.5,27116348,6254628,20861720,합계
경상북도 고령군,2022-11,178,729,40457,9854.1,30602.8,4764423,714479,4049944,합계
경상북도 성주군,2022-11,1015,10258,235763,75694.4,160068.5,20855704,6916491,13939213,합계
경상북도 칠곡군,2022-11,204,3578,47555,19789.6,27765.3,7182393,1963621,5218772,합계
경상북도 예천군,2022-11,1268,11423,253218,63419.6,189798.3,30604160,5605916,24998244,합계
경상북도 봉화군,2022-11,1163,3913,207809,36602.6,171206.3,23381241,2900105,20481136,합계
경상북도 울진군,2022-11,2182,24245,438622,113783.7,324838.2,52354059,9832073,42521986,합계
경상북도 울릉군,2022-11,700,5971,61182,19828.1,41353.8,14224692,3010329,11214363,합계
경상남도 창원시,2022-11,43437,886533,8374393.8,4170362.6,4531806.3,1447897994,529160475,918737519,합계
경상남도 진주시,2022-11,32754,800424,6576173.5,3301237.1,3439050.8,1073768185,408285051,665483134,합계
경상남도 통영시,2022-11,13455,332035,2875401.7,1248581.7,1633276.2,460136149,159918741,300217408,합계
경상남도 사천시,2022-11,10967,239815,2053941,845726.1,1208214.8,371160777,96738739,274422038,합계
경상남도 김해시,2022-11,24219,537586,4730785,2353809.3,2376975.6,840314522,313080897,527233625,합계
경상남도 밀양시,2022-11,5308,89194,937648.6,338734.2,620729.7,157531020,38824768,118706252,합계
경상남도 거제시,2022-11,13803,348537,2912990,1494059.4,1418930.5,521383136,174241344,347141792,합계
경상남도 양산시,2022-11,16929,390971,3224665,1655180.3,1587302.6,610198364,203314354,406884010,합계
경상남도 의령군,2022-11,1125,6311,206007,57442.9,148564,19297565,5069953,14227612,합계
경상남도 함안군,2022-11,3122,28548,564178,185370.7,378807.2,79794824,18262882,61531942,합계
경상남도 창녕군,2022-11,3054,17596,533026,121048.6,411977.3,72809831,11522289,61287542,합계
경상남도 고성군,2022-11,2448,24785,442948,134188,308759.9,64653493,13798857,50854636,합계
경상남도 남해군,2022-11,2750,21930,479791,134021.6,345769.3,59579422,11622301,47957121,합계
경상남도 하동군,2022-11,1675,7167,381606,71280,310325.9,34655402,6329179,28326223,합계
경상남도 산청군,2022-11,985,8120,190194,74530.3,115663.6,17564332,6433267,11131065,합계
경상남도 함양군,2022-11,2098,13369,355548,69565.1,285982.8,47762151,6685198,41076953,합계
경상남도 거창군,2022-11,4172,64751,707755,215528.6,492226.3,104627460,24453403,80174057,합계
경상남도 합천군,2022-11,1936,8289,386470,88957.3,297512.6,39559744,8754786,30804958,합계
제주특별자치도,2022-11,39191,797593,8544638.3,4591598.5,4134432.4,1301197320,547642964,753554356,합계
서울특별시,2022-12,976803,15539722,209370745.6,126264881.5,214242854.4,33784077245,16387163632,17396913613,합계
부산광역시,2022-12,152006,3053632,31631450.8,17772162.8,14268595.1,5413369284,2324875365,3088493919,합계
대구광역시,2022-12,74121,1511157,14352037.1,8175602.1,6201524.8,2464401755,1090754164,1373647591,합계
인천광역시,2022-12,103934,2049610,24165871.9,14815456.3,9438632.6,3783864785,1796125810,1987738975,합계
광주광역시,2022-12,54698,1273450,11765267,7332517.3,4438195.6,2008915493,980391860,1028523633,합계
대전광역시,2022-12,53735,1425522,11336323.2,7114140.9,4383215,1874934076,985496785,889437291,합계
울산광역시,2022-12,128420,2618208,24925857.2,13497201.8,12707595.1,4176445247,1678706403,2497738844,합계
세종특별자치시,2022-12,2868,79713,972841,508896,463944.9,126291706,50751039,75540667,합계
경기도 수원시,2022-12,27908,607056,6955016.9,4291469.2,3104455.7,1180159037,533843450,646315587,합계
경기도 성남시,2022-12,21513,424966,5471879.2,2986140.8,2540332.1,832212141,336015076,496197065,합계
경기도 의정부시,2022-12,8727,245275,2284033.6,1292000.3,1001520.6,387701983,170157242,217544741,합계
경기도 안양시,2022-12,16676,415624,4545463,2720767.4,1824695.5,703994932,330320315,373674617,합계
경기도 부천시,2022-12,8151,155345,2486110.3,982657.3,9442898.6,297209537,130536471,166673066,합계
경기도 광명시,2022-12,3785,46255,865173,405649.3,459523.6,142031961,45134281,96897680,합계
경기도 평택시,2022-12,10027,301666,2726603.3,1536587.8,1324855.1,421578523,185128502,236450021,합계
경기도 동두천시,2022-12,3067,85081,652636.1,315940.3,445020.6,124400378,38822569,85577809,합계
경기도 안산시,2022-12,12022,321823,2969899.2,1670001.6,2089628.3,478250996,223190801,255060195,합계
경기도 고양시,2022-12,11762,248634,3522171.7,2274022.4,1338210.5,552112323,247295605,304816718,합계
경기도 과천시,2022-12,1940,48162,523936,324145.5,199790.4,83725123,38099269,45625854,합계
경기도 구리시,2022-12,4344,105641,1238149,737542.3,500606.6,185034531,82347990,102686541,합계
경기도 남양주시,2022-12,7401,185509,2173065,1298218,874846.9,323337751,141652633,181685118,합계
경기도 오산시,2022-12,3038,55067,760854,462663.2,298190.7,120904618,54277313,66627305,합계
경기도 시흥시,2022-12,6576,135940,1653581.8,938803.5,740284.4,261418268,108456877,152961391,합계
경기도 군포시,2022-12,1103,24849,281575,162752.3,118822.6,46418094,18721067,27697027,합계
경기도 의왕시,2022-12,469,9459,103827,62190.8,41636.1,17085644,7183168,9902476,합계
경기도 하남시,2022-12,1172,23931,332837,187840.3,144996.6,47286375,20654738,26631637,합계
경기도 용인시,2022-12,30503,410378,6721298.5,3199526.2,3652223.7,993804044,358674398,635129646,합계
경기도 파주시,2022-12,540,11899,151609,86873.9,64735,19746084,8505136,11240948,합계
경기도 이천시,2022-12,3963,99037,1186526.4,636763.4,838330.5,177741398,68460685,109280713,합계
경기도 안성시,2022-12,2326,41320,563555,271184.5,292370.4,87002964,28089798,58913166,합계
경기도 김포시,2022-12,3654,61828,1016375,570271.9,446103,143018831,56387862,86630969,합계
경기도 화성시,2022-12,6252,100002,1887457,967822.7,919634.2,282169521,102685330,179484191,합계
경기도 광주시,2022-12,2958,47753,754446,433071.6,321374.3,108242013,43407888,64834125,합계
경기도 양주시,2022-12,1583,35781,398939,214511.2,184427.7,59579699,24796043,34783656,합계
경기도 포천시,2022-12,1793,33027,479264,212441,266822.9,64772144,22050281,42721863,합계
경기도 여주시,2022-12,1292,28461,313454.6,146841.2,191231.7,50755620,15664655,35090965,합계
경기도 연천군,2022-12,203,4811,62748,26991.6,35756.3,8854508,2300776,6553732,합계
경기도 가평군,2022-12,1085,20670,290179,129219.5,160959.4,37515420,11638352,25877068,합계
경기도 양평군,2022-12,96,1551,23639,8113.5,15525.4,4082567,786735,3295832,합계
강원특별자치도 춘천시,2022-12,33648,906962,5479603,2865941.6,2613661.3,1111279863,452120232,659159631,합계
강원특별자치도 원주시,2022-12,34793,933824,6511104.5,3543893.7,2999745.2,1219076344,488121337,730955007,합계
강원특별자치도 강릉시,2022-12,25844,620251,4522072.9,2279004.6,2254362.3,851923863,315564086,536359777,합계
강원특별자치도 동해시,2022-12,10908,225933,1650228,761897,888330.9,354558746,91266934,263291812,합계
강원특별자치도 태백시,2022-12,4093,123028,948502.5,423579.4,529390.5,147708852,44448195,103260657,합계
강원특별자치도 속초시,2022-12,11759,308770,1946509,922400.3,1153807.6,367543986,131027102,236516884,합계
강원특별자치도 삼척시,2022-12,2866,93384,552855,245074.9,307780,108431743,30962221,77469522,합계
강원특별자치도 홍천군,2022-12,3272,50507,669801,183387.6,486413.3,121728702,18795379,102933323,합계
강원특별자치도 횡성군,2022-12,1245,19399,276825,96213.9,180611,46643937,9205210,37438727,합계
강원특별자치도 영월군,2022-12,2169,48318,425284,137470.7,287813.2,72883946,15355114,57528832,합계
강원특별자치도 평창군,2022-12,2555,31647,617248,246120.1,371127.8,69052492,19027885,50024607,합계
강원특별자치도 정선군,2022-12,4746,87857,1296901.3,536774.4,762722.5,169390916,41591842,127799074,합계
강원특별자치도 철원군,2022-12,2288,32027,443894,183499.5,260394.4,71135434,15893957,55241477,합계
강원특별자치도 화천군,2022-12,1276,18158,255154,102885.4,152268.5,41964270,8973185,32991085,합계
강원특별자치도 양구군,2022-12,953,15831,256496,116670.6,139825.3,29166830,9397293,19769537,합계
강원특별자치도 인제군,2022-12,1208,15069,265619,105720.6,159898.3,35445721,7823577,27622144,합계
강원특별자치도 고성군,2022-12,1527,17730,347525,135335.2,212189.7,58401045,11305541,47095504,합계
강원특별자치도 양양군,2022-12,2044,24243,348462,135725.5,212736.4,63822936,12070057,51752879,합계
충청북도 청주시,2022-12,88822,1777590,16423006.1,9036321.3,7688087.6,2872198933,1297798838,1574400095,합계
충청북도 충주시,2022-12,23279,544884,4107436,1893388.5,2214047.4,740307309,260782170,479525139,합계
충청북도 제천시,2022-12,10688,216485,1760045.8,695020.8,1080181.1,320735626,96247286,224488340,합계
충청북도 보은군,2022-12,1810,10799,325178,84364.3,240813.6,46297981,8880505,37417476,합계
충청북도 옥천군,2022-12,3652,66865,624471,219493.4,404977.5,123897655,27670712,96226943,합계
충청북도 영동군,2022-12,2988,44836,548489,179629.8,368859.1,98161261,18557154,79604107,합계
충청북도 증평군,2022-12,2944,42622,607566.5,200174.7,521875.2,101106483,22973662,78132821,합계
충청북도 진천군,2022-12,3825,85719,1052204.4,460234.9,598016,140185614,45938259,94247355,합계
충청북도 괴산군,2022-12,1343,11720,322245,114590,207654.9,37779618,10279793,27499825,합계
충청북도 음성군,2022-12,5645,114772,1601835,658359.6,943475.3,215339937,61495795,153844142,합계
충청북도 단양군,2022-12,,,,,,,,,합계
충청남도 천안시,2022-12,5939,173477,1710504.9,988065.3,770024.6,247046063,127759611,119286452,합계
충청남도 공주시,2022-12,2173,38921,481742,191030.9,290711,77931534,20483533,57448001,합계
충청남도 보령시,2022-12,7885,151529,1363702,579498.7,784203.2,274516776,70623947,203892829,합계
충청남도 아산시,2022-12,7795,195027,2075522,1133596.2,1650429.7,318301895,125723377,192578518,합계
충청남도 서산시,2022-12,2683,81311,651436.7,318788.3,449861.6,124806927,41558276,83248651,합계
충청남도 논산시,2022-12,4947,88859,1012506.8,439904.1,574098.8,161145672,49193790,111951882,합계
충청남도 계룡시,2022-12,1516,33211,360976,163712.6,197263.3,53589134,17293951,36295183,합계
충청남도 당진시,2022-12,2706,52711,709496,284544.9,424951,99477951,28194696,71283255,합계
충청남도 금산군,2022-12,,,,,,,,,합계
충청남도 부여군,2022-12,337,3767,70572,23154.4,47417.5,11708973,2212798,9496175,합계
충청남도 서천군,2022-12,493,5171,101734,29874.9,71859,16042804,3090566,12952238,합계
충청남도 청양군,2022-12,403,2350,75422,17905.8,57516.1,11648715,2004606,9644109,합계
충청남도 홍성군,2022-12,2520,53600,508894,212247.6,296646.3,87961812,23758583,64203229,합계
충청남도 예산군,2022-12,1432,25114,315604,111584.3,204019.6,52493340,11337562,41155778,합계
충청남도 태안군,2022-12,1499,19160,299288,91742.6,207545.3,50115195,8950065,41165130,합계
전북특별자치도 전주시,2022-12,65199,1579421,11602794.3,6436678.5,5183952.4,2196562429,1018687905,1177874524,합계
전북특별자치도 군산시,2022-12,29979,685830,5108370.3,2581133.9,2548564,880778711,382894771,497883940,합계
전북특별자치도 익산시,2022-12,5932,148418,1147772,571475.5,576296.4,211837871,77202633,134635238,합계
전북특별자치도 정읍시,2022-12,11460,243419,1964255,813861.3,1150393.6,379046275,112973696,266072579,합계
전북특별자치도 남원시,2022-12,7187,139539,1168298.3,443022.6,729161.3,233459117,56086361,177372756,합계
전북특별자치도 김제시,2022-12,7945,124076,1280966,426804.9,854161,218717552,54849783,163867769,합계
전북특별자치도 완주군,2022-12,3205,41945,668193.7,281196.7,390171.2,105250172,31358193,73891979,합계
전북특별자치도 진안군,2022-12,858,6997,197310,50007.3,147302.6,24157204,5255579,18901625,합계
전북특별자치도 무주군,2022-12,1202,8471,258025,83145.5,174879.4,28786556,7478789,21307767,합계
전북특별자치도 장수군,2022-12,578,2455,135462,26680.8,108781.1,12625779,2940823,9684956,합계
전북특별자치도 임실군,2022-12,1119,7169,227237.4,73868.2,155427.7,26402032,7223363,19178669,합계
전북특별자치도 순창군,2022-12,1179,7803,233729,66242.4,167486.5,30906931,6822177,24084754,합계
전북특별자치도 고창군,2022-12,3424,44174,718672,235562.5,483109.4,103448734,24078693,79370041,합계
전북특별자치도 부안군,2022-12,3850,38889,671325.8,191121.6,498803.3,119103035,21439846,97663189,합계
전라남도 목포시,2022-12,31836,826160,5946761.1,2909664.6,3633504.3,1037675686,446321022,591354664,합계
전라남도 여수시,2022-12,33394,866065,6774509.4,3638187.1,3145750.8,1144001991,461299560,682702431,합계
전라남도 순천시,2022-12,9463,276992,2071907,1105949.3,965957.6,365882301,143628402,222253899,합계
전라남도 나주시,2022-12,4613,60986,1125485,437854.2,687630.7,144201700,41024992,103176708,합계
전라남도 광양시,2022-12,8454,162968,1624398,752140.2,872257.7,299103833,84794220,214309613,합계
전라남도 담양군,2022-12,1984,15684,343642,105034.6,238607.3,50325377,10396433,39928944,합계
전라남도 곡성군,2022-12,245,918,50817,9406.3,41410.6,5060475,786947,4273528,합계
전라남도 구례군,2022-12,462,5157,83510,21065.9,62444,15035544,1952722,13082822,합계
전라남도 고흥군,2022-12,1907,14960,373268.9,93500.2,282610.7,48452992,8864406,39588586,합계
전라남도 보성군,2022-12,2159,16643,426462,121896.3,304565.6,44093580,10695876,33397704,합계
전라남도 화순군,2022-12,1707,30070,317205,118231.9,198973,60770757,14972588,45798169,합계
전라남도 장흥군,2022-12,1429,9834,286023,75722,210300.9,35539407,7142403,28397004,합계
전라남도 강진군,2022-12,1862,13112,399755,83979.9,315775,46307304,8621700,37685604,합계
전라남도 해남군,2022-12,4485,67714,1059655,316918.7,742736.2,127962675,32095557,95867118,합계
전라남도 영암군,2022-12,2205,18395,468130,152408,315721.9,44273572,14721810,29551762,합계
전라남도 무안군,2022-12,3495,55702,833757,322287.8,511469.1,108893777,34559841,74333936,합계
전라남도 함평군,2022-12,590,2199,117927,20714.2,97212.7,13362128,1883057,11479071,합계
전라남도 영광군,2022-12,2740,35051,580894,154446.5,426447.4,101606992,17508124,84098868,합계
전라남도 장성군,2022-12,2406,22570,456948,128372.3,328575.6,82447612,12699362,69748250,합계
전라남도 완도군,2022-12,2845,39667,563668,156861,406806.9,82213013,17686099,64526914,합계
전라남도 진도군,2022-12,1438,6936,332388.6,82409.9,377470,35865521,7444884,28420637,합계
전라남도 신안군,2022-12,1124,10120,210665,69579,141085.9,24140560,7604856,16535704,합계
경상북도 포항시,2022-12,45753,968628,8447437.6,4345957.8,4396114.1,1413354314,582244373,831109941,합계
경상북도 경주시,2022-12,25893,655120,5275735.5,2338644,2954513.9,834554678,272094940,562459738,합계
경상북도 김천시,2022-12,8111,152839,1480236,714027.1,766208.8,259076815,81115903,177960912,합계
경상북도 안동시,2022-12,4086,100774,824311,377181.3,447129.6,113351769,47140099,66211670,합계
경상북도 구미시,2022-12,7493,192981,1656332.4,946635.1,716765.8,271344648,118931094,152413554,합계
경상북도 영주시,2022-12,7827,173863,1178562,472147.3,706414.6,231407476,70645083,160762393,합계
경상북도 영천시,2022-12,6746,129977,1167407,451237.8,716169.1,191642375,55723120,135919255,합계
경상북도 상주시,2022-12,7677,130932,1099983,366922.4,733060.5,253753973,51896551,201857422,합계
경상북도 문경시,2022-12,2192,41273,366202,137888.9,228313,70932516,16694084,54238432,합계
경상북도 경산시,2022-12,4068,85998,881764,466030.6,415733.3,144914052,55337953,89576099,합계
경상북도 의성군,2022-12,1852,9428,351324,67757.3,283566.6,46229908,6064853,40165055,합계
경상북도 청송군,2022-12,802,4556,161253,43155.4,118097.5,16719023,3671572,13047451,합계
경상북도 영양군,2022-12,734,3157,139580,33669.4,105910.5,14861494,3241858,11619636,합계
경상북도 영덕군,2022-12,1800,18201,305459,100796.5,204662.4,29608752,9377049,20231703,합계
경상북도 청도군,2022-12,1357,10055,215591,65879.8,149711.1,31278842,6753656,24525186,합계
경상북도 고령군,2022-12,188,666,45104,10032,35071.9,5576117,749620,4826497,합계
경상북도 성주군,2022-12,1115,10938,247706,80671.4,167034.5,22877688,7479916,15397772,합계
경상북도 칠곡군,2022-12,205,3905,50249,20870.7,29378.2,7671325,2095204,5576121,합계
경상북도 예천군,2022-12,1320,13379,260072,69395,190676.9,34346632,6289531,28057101,합계
경상북도 봉화군,2022-12,1184,4397,211963,37473,174489.9,26865746,3083643,23782103,합계
경상북도 울진군,2022-12,2259,26789,481059,124929.8,356129.1,57125499,10635205,46490294,합계
경상북도 울릉군,2022-12,596,5131,44147,15831.4,28315.5,12077417,2387321,9690096,합계
경상남도 창원시,2022-12,62869,1372167,13431190.5,6596869.2,7715577.7,2188248490,810120723,1378127767,합계
경상남도 진주시,2022-12,35616,874517,7220467.1,3620387.5,3638760.4,1187322898,447680297,739642601,합계
경상남도 통영시,2022-12,13939,363384,3015523.7,1360559.7,1657024.2,481882330,174937508,306944822,합계
경상남도 사천시,2022-12,11476,261765,2159627,906184.9,1253442,391027547,104090492,286937055,합계
경상남도 김해시,2022-12,24635,576155,4964653,2531548.1,2433104.8,860293820,335016070,525277750,합계
경상남도 밀양시,2022-12,5470,94406,958294.5,352382.9,608378,163579397,41019858,122559539,합계
경상남도 거제시,2022-12,14557,390150,3185356,1666387,1518968.9,559333770,195111323,364222447,합계
경상남도 양산시,2022-12,17772,424470,3466117,1795692.1,1670424.8,638056405,219714717,418341688,합계
경상남도 의령군,2022-12,1160,6497,208551,55211.3,153339.6,20225884,4882813,15343071,합계
경상남도 함안군,2022-12,3254,31088,609917,199273.4,410643.5,87446147,19543910,67902237,합계
경상남도 창녕군,2022-12,3170,19458,564694,130817.6,433876.3,80959174,12428797,68530377,합계
경상남도 고성군,2022-12,2578,27741,462532,138976.6,323555.3,71239569,14900749,56338820,합계
경상남도 남해군,2022-12,2890,21631,488416,128205.2,360210.7,65263632,11107182,54156450,합계
경상남도 하동군,2022-12,1705,7454,363559,67816.8,295742.1,35085368,6308508,28776860,합계
경상남도 산청군,2022-12,973,8556,175528,75514.7,100013.2,16532212,6557276,9974936,합계
경상남도 함양군,2022-12,2168,15710,362818,74741.1,288076.8,51447474,7483106,43964368,합계
경상남도 거창군,2022-12,4220,75100,739572,236020.4,503551.5,115364024,27791315,87572709,합계
경상남도 합천군,2022-12,1952,8667,386057,88234.1,297822.8,40647267,8257928,32389339,합계
제주특별자치도,2022-12,40791,836562,8621589.8,4676450.3,4021301.6,1348879221,571205195,777674026,합계
