지자체명,연월,영엽횟수(회),운행거리(km),영업거리(km),공차거리(km),운행시간(초),영업시간(초),공차시간(초),1대당 1일평균
서울특별시,2024-01,15,202,121,112,33587,15409,18178,1대당 1일평균
부산광역시,2024-01,15,166,86,79,30910,11479,19430,1대당 1일평균
대구광역시,2024-01,14,154,75,79,30011,10268,19743,1대당 1일평균
인천광역시,2024-01,15,186,102,85,32784,12521,20263,1대당 1일평균
광주광역시,2024-01,19,177,104,75,32544,13835,18709,1대당 1일평균
대전광역시,2024-01,19,170,94,91,32781,13253,19529,1대당 1일평균
울산광역시,2024-01,18,182,93,96,31844,11308,20536,1대당 1일평균
세종특별자치시,2024-01,18,244,119,125,35903,12288,23614,1대당 1일평균
경기도 수원시,2024-01,17,183,107,78,33545,14362,19183,1대당 1일평균
경기도 성남시,2024-01,17,204,110,94,33552,12799,20753,1대당 1일평균
경기도 의정부시,2024-01,20,197,102,141,35773,13652,22121,1대당 1일평균
경기도 안양시,2024-01,17,189,104,84,34723,13108,21615,1대당 1일평균
경기도 부천시,2024-01,15,164,85,83,31585,11893,19692,1대당 1일평균
경기도 광명시,2024-01,11,174,87,98,31283,10430,20853,1대당 1일평균
경기도 평택시,2024-01,20,191,103,131,34358,12795,21563,1대당 1일평균
경기도 동두천시,2024-01,20,165,74,91,35023,9243,25780,1대당 1일평균
경기도 안산시,2024-01,19,172,95,82,32335,12935,19400,1대당 1일평균
경기도 고양시,2024-01,14,182,108,74,32945,12513,20432,1대당 1일평균
경기도 과천시,2024-01,17,196,107,89,34155,12930,21226,1대당 1일평균
경기도 구리시,2024-01,16,195,105,90,33095,12328,20767,1대당 1일평균
경기도 남양주시,2024-01,17,199,107,92,34234,12233,22001,1대당 1일평균
경기도 오산시,2024-01,15,179,97,82,31714,12280,19434,1대당 1일평균
경기도 시흥시,2024-01,16,177,94,82,32169,11396,20774,1대당 1일평균
경기도 군포시,2024-01,15,168,89,78,31386,11338,20048,1대당 1일평균
경기도 의왕시,2024-01,14,166,93,78,30065,11187,18878,1대당 1일평균
경기도 하남시,2024-01,15,186,97,94,31946,11570,20375,1대당 1일평균
경기도 용인시,2024-01,14,203,112,101,31871,12348,19523,1대당 1일평균
경기도 파주시,2024-01,17,246,124,123,38373,12399,25974,1대당 1일평균
경기도 이천시,2024-01,18,215,103,112,37226,11424,25801,1대당 1일평균
경기도 안성시,2024-01,14,194,86,120,31622,9154,22468,1대당 1일평균
경기도 김포시,2024-01,15,213,118,121,33682,13237,20445,1대당 1일평균
경기도 화성시,2024-01,15,226,123,104,33345,13644,19702,1대당 1일평균
경기도 광주시,2024-01,15,210,110,100,33256,11876,21380,1대당 1일평균
경기도 양주시,2024-01,15,183,100,88,31093,11321,19772,1대당 1일평균
경기도 포천시,2024-01,14,200,86,157,33631,8997,24634,1대당 1일평균
경기도 여주시,2024-01,16,191,82,109,33308,8867,24442,1대당 1일평균
경기도 연천군,2024-01,16,247,106,319,30292,9300,20992,1대당 1일평균
경기도 가평군,2024-01,16,209,94,116,32047,8472,23576,1대당 1일평균
경기도 양평군,2024-01,16,202,85,117,29607,8466,21141,1대당 1일평균
강원특별자치도 춘천시,2024-01,23,153,74,84,31378,11129,20248,1대당 1일평균
강원특별자치도 원주시,2024-01,23,171,88,100,33057,11468,21589,1대당 1일평균
강원특별자치도 강릉시,2024-01,23,167,84,85,31347,11199,20148,1대당 1일평균
강원특별자치도 동해시,2024-01,19,142,65,77,31349,7703,23646,1대당 1일평균
강원특별자치도 태백시,2024-01,23,188,80,124,32913,8415,24497,1대당 1일평균
강원특별자치도 속초시,2024-01,23,155,70,85,30982,9542,21440,1대당 1일평균
강원특별자치도 삼척시,2024-01,21,141,59,83,34731,7363,27368,1대당 1일평균
강원특별자치도 홍천군,2024-01,20,185,73,112,36364,7704,28660,1대당 1일평균
강원특별자치도 횡성군,2024-01,13,192,65,126,35368,6168,29200,1대당 1일평균
강원특별자치도 영월군,2024-01,17,173,47,126,30954,5126,25828,1대당 1일평균
강원특별자치도 평창군,2024-01,14,261,107,153,28441,8434,20007,1대당 1일평균
강원특별자치도 정선군,2024-01,18,262,92,170,33989,7787,26202,1대당 1일평균
강원특별자치도 철원군,2024-01,13,183,77,107,29058,6530,22529,1대당 1일평균
강원특별자치도 화천군,2024-01,14,188,76,112,32003,6451,25552,1대당 1일평균
강원특별자치도 양구군,2024-01,13,185,81,104,24592,6305,18287,1대당 1일평균
강원특별자치도 인제군,2024-01,11,201,81,120,27391,5605,21787,1대당 1일평균
강원특별자치도 고성군,2024-01,10,208,77,131,37772,6324,31448,1대당 1일평균
강원특별자치도 양양군,2024-01,10,152,58,94,32072,4963,27109,1대당 1일평균
충청북도 청주시,2024-01,18,175,90,85,31220,12255,18964,1대당 1일평균
충청북도 충주시,2024-01,19,159,66,92,31213,8752,22461,1대당 1일평균
충청북도 제천시,2024-01,19,149,61,89,28449,8194,20254,1대당 1일평균
충청북도 보은군,2024-01,5,145,42,103,23453,4516,18937,1대당 1일평균
충청북도 옥천군,2024-01,15,140,48,91,32417,5832,26584,1대당 1일평균
충청북도 영동군,2024-01,12,151,51,99,30770,5078,25692,1대당 1일평균
충청북도 증평군,2024-01,13,165,56,110,32994,6425,26569,1대당 1일평균
충청북도 진천군,2024-01,19,243,106,137,35981,10252,25729,1대당 1일평균
충청북도 괴산군,2024-01,7,170,64,106,21147,6189,14958,1대당 1일평균
충청북도 음성군,2024-01,17,227,93,134,36847,8657,28189,1대당 1일평균
충청북도 단양군,2024-01,9,145,51,287,28309,4930,23379,1대당 1일평균
충청남도 천안시,2024-01,22,198,110,89,35496,15016,20480,1대당 1일평균
충청남도 공주시,2024-01,13,168,60,109,35511,6338,29173,1대당 1일평균
충청남도 보령시,2024-01,16,149,61,88,34789,7193,27596,1대당 1일평균
충청남도 아산시,2024-01,18,195,99,96,33593,11018,22574,1대당 1일평균
충청남도 서산시,2024-01,25,201,96,123,44043,11509,32534,1대당 1일평균
충청남도 논산시,2024-01,15,160,66,94,34415,7365,27050,1대당 1일평균
충청남도 계룡시,2024-01,19,208,91,118,35907,9709,26197,1대당 1일평균
충청남도 당진시,2024-01,18,227,87,141,35922,8874,27048,1대당 1일평균
충청남도 금산군,2024-01,9,162,39,123,38322,4299,34024,1대당 1일평균
충청남도 부여군,2024-01,8,152,43,109,38062,4241,33821,1대당 1일평균
충청남도 서천군,2024-01,9,170,56,114,25746,5180,20566,1대당 1일평균
충청남도 청양군,2024-01,5,140,36,104,29890,3232,26659,1대당 1일평균
충청남도 홍성군,2024-01,16,169,66,103,36844,7186,29658,1대당 1일평균
충청남도 예산군,2024-01,14,183,60,123,36579,6065,30514,1대당 1일평균
충청남도 태안군,2024-01,10,141,40,101,30946,4257,26688,1대당 1일평균
전북특별자치도 전주시,2024-01,20,165,83,83,31686,12384,19303,1대당 1일평균
전북특별자치도 군산시,2024-01,20,165,75,90,31169,9804,21365,1대당 1일평균
전북특별자치도 익산시,2024-01,19,172,75,96,34295,9603,24693,1대당 1일평균
전북특별자치도 정읍시,2024-01,16,151,54,114,31533,6712,24821,1대당 1일평균
전북특별자치도 남원시,2024-01,15,139,48,92,32573,5631,26942,1대당 1일평균
전북특별자치도 김제시,2024-01,10,144,41,102,25789,4553,21236,1대당 1일평균
전북특별자치도 완주군,2024-01,15,188,81,107,32495,9314,23181,1대당 1일평균
전북특별자치도 진안군,2024-01,6,167,53,114,25768,6246,19522,1대당 1일평균
전북특별자치도 무주군,2024-01,7,170,55,115,21078,4979,16099,1대당 1일평균
전북특별자치도 장수군,2024-01,3,217,39,178,21129,3675,17454,1대당 1일평균
전북특별자치도 임실군,2024-01,5,157,52,105,19406,4668,14738,1대당 1일평균
전북특별자치도 순창군,2024-01,,,,,,,,1대당 1일평균
전북특별자치도 고창군,2024-01,10,171,42,128,29972,4344,25628,1대당 1일평균
전북특별자치도 부안군,2024-01,10,162,44,118,32118,4927,27191,1대당 1일평균
전라남도 목포시,2024-01,21,168,74,95,31050,10810,20239,1대당 1일평균
전라남도 여수시,2024-01,22,184,91,93,33347,11322,22025,1대당 1일평균
전라남도 순천시,2024-01,24,201,99,101,37217,12419,24798,1대당 1일평균
전라남도 나주시,2024-01,11,218,74,144,28803,7033,21769,1대당 1일평균
전라남도 광양시,2024-01,20,184,93,91,35871,10387,25484,1대당 1일평균
전라남도 담양군,2024-01,7,148,50,98,25893,4803,21090,1대당 1일평균
전라남도 곡성군,2024-01,4,143,36,107,23693,3312,20381,1대당 1일평균
전라남도 구례군,2024-01,10,155,43,112,31827,3865,27962,1대당 1일평균
전라남도 고흥군,2024-01,6,173,40,133,24499,4598,19901,1대당 1일평균
전라남도 보성군,2024-01,8,177,55,121,19475,4719,14756,1대당 1일평균
전라남도 화순군,2024-01,15,144,58,86,35450,6506,28943,1대당 1일평균
전라남도 장흥군,2024-01,8,201,62,140,25350,5485,19865,1대당 1일평균
전라남도 강진군,2024-01,4,163,34,129,20033,2324,17709,1대당 1일평균
전라남도 해남군,2024-01,13,201,63,138,27119,5826,21293,1대당 1일평균
전라남도 영암군,2024-01,8,180,60,120,20069,5082,14987,1대당 1일평균
전라남도 무안군,2024-01,16,205,85,140,27945,8918,19027,1대당 1일평균
전라남도 함평군,2024-01,,,,,,,,1대당 1일평균
전라남도 영광군,2024-01,11,175,56,119,34551,5441,29110,1대당 1일평균
전라남도 장성군,2024-01,8,172,50,140,34205,4625,29580,1대당 1일평균
전라남도 완도군,2024-01,12,171,47,124,26911,4726,22184,1대당 1일평균
전라남도 진도군,2024-01,5,204,47,158,22802,4272,18530,1대당 1일평균
전라남도 신안군,2024-01,10,170,65,106,19407,6803,12605,1대당 1일평균
경상북도 포항시,2024-01,19,173,85,88,30423,11048,19375,1대당 1일평균
경상북도 경주시,2024-01,18,187,83,105,31432,9082,22350,1대당 1일평균
경상북도 김천시,2024-01,15,162,74,87,33628,7819,25809,1대당 1일평균
경상북도 안동시,2024-01,21,177,77,100,34173,9507,24666,1대당 1일평균
경상북도 구미시,2024-01,23,202,110,92,36258,13660,22599,1대당 1일평균
경상북도 영주시,2024-01,18,131,50,81,30248,7007,23241,1대당 1일평균
경상북도 영천시,2024-01,16,151,55,95,27240,6602,20638,1대당 1일평균
경상북도 상주시,2024-01,14,126,39,88,32572,5245,27326,1대당 1일평균
경상북도 문경시,2024-01,,,,,,,,1대당 1일평균
경상북도 경산시,2024-01,15,173,79,94,31299,9230,22069,1대당 1일평균
경상북도 의성군,2024-01,5,168,38,129,22818,3238,19580,1대당 1일평균
경상북도 청송군,2024-01,6,155,51,105,17820,4379,13440,1대당 1일평균
경상북도 영양군,2024-01,5,172,65,107,18734,5809,12925,1대당 1일평균
경상북도 영덕군,2024-01,9,151,52,100,14398,4746,9652,1대당 1일평균
경상북도 청도군,2024-01,5,124,38,86,19078,3844,15233,1대당 1일평균
경상북도 고령군,2024-01,9,229,89,140,34539,7272,27267,1대당 1일평균
경상북도 성주군,2024-01,9,208,73,135,20425,6035,14390,1대당 1일평균
경상북도 칠곡군,2024-01,15,183,73,110,31357,7483,23874,1대당 1일평균
경상북도 예천군,2024-01,9,184,49,135,25696,4194,21503,1대당 1일평균
경상북도 봉화군,2024-01,3,156,33,123,20372,2383,17989,1대당 1일평균
경상북도 울진군,2024-01,13,186,62,124,26622,4874,21748,1대당 1일평균
경상북도 울릉군,2024-01,10,153,33,120,23119,4960,18159,1대당 1일평균
경상남도 창원시,2024-01,18,186,90,98,32058,11044,21014,1대당 1일평균
경상남도 진주시,2024-01,29,250,122,128,44492,14040,30452,1대당 1일평균
경상남도 통영시,2024-01,21,195,81,122,33945,9940,24004,1대당 1일평균
경상남도 사천시,2024-01,20,174,70,148,34672,7998,26674,1대당 1일평균
경상남도 김해시,2024-01,21,191,95,120,34086,11916,22170,1대당 1일평균
경상남도 밀양시,2024-01,16,152,57,96,28625,6545,22080,1대당 1일평균
경상남도 거제시,2024-01,24,207,104,103,38265,11851,26414,1대당 1일평균
경상남도 양산시,2024-01,22,202,94,108,38077,11162,26916,1대당 1일평균
경상남도 의령군,2024-01,5,126,43,83,15028,3527,11501,1대당 1일평균
경상남도 함안군,2024-01,9,162,58,104,25548,5676,19872,1대당 1일평균
경상남도 창녕군,2024-01,6,154,39,115,25308,3630,21678,1대당 1일평균
경상남도 고성군,2024-01,10,156,51,105,25836,5426,20410,1대당 1일평균
경상남도 남해군,2024-01,10,177,58,119,30143,5222,24921,1대당 1일평균
경상남도 하동군,2024-01,4,168,37,131,16632,3150,13482,1대당 1일평균
경상남도 산청군,2024-01,8,170,70,100,15501,5944,9557,1대당 1일평균
경상남도 함양군,2024-01,6,142,29,112,22144,2811,19334,1대당 1일평균
경상남도 거창군,2024-01,15,153,50,103,25623,5624,19999,1대당 1일평균
경상남도 합천군,2024-01,4,173,42,131,20290,3833,16456,1대당 1일평균
제주특별자치도,2024-01,17,186,97,93,29621,11984,17637,1대당 1일평균
서울특별시,2024-02,15,205,125,118,32648,16192,16455,1대당 1일평균
부산광역시,2024-02,16,171,94,77,31222,12649,18574,1대당 1일평균
대구광역시,2024-02,15,160,82,79,30297,11300,18997,1대당 1일평균
인천광역시,2024-02,15,192,108,85,32886,13361,19524,1대당 1일평균
광주광역시,2024-02,20,185,112,74,33173,14934,18239,1대당 1일평균
대전광역시,2024-02,19,174,99,93,32809,14058,18751,1대당 1일평균
울산광역시,2024-02,19,187,99,95,31864,12140,19723,1대당 1일평균
세종특별자치시,2024-02,18,249,123,126,35376,12579,22797,1대당 1일평균
경기도 수원시,2024-02,18,187,111,77,33571,15053,18518,1대당 1일평균
경기도 성남시,2024-02,17,207,113,94,33574,13221,20352,1대당 1일평균
경기도 의정부시,2024-02,20,202,107,139,35946,14272,21674,1대당 1일평균
경기도 안양시,2024-02,18,193,109,85,34894,13815,21079,1대당 1일평균
경기도 부천시,2024-02,15,168,89,84,31507,12516,18991,1대당 1일평균
경기도 광명시,2024-02,12,180,92,98,31398,11069,20328,1대당 1일평균
경기도 평택시,2024-02,21,198,109,127,34581,13408,21173,1대당 1일평균
경기도 동두천시,2024-02,20,172,79,94,34860,9677,25183,1대당 1일평균
경기도 안산시,2024-02,20,177,99,83,32481,13553,18928,1대당 1일평균
경기도 고양시,2024-02,15,187,114,74,32892,13197,19695,1대당 1일평균
경기도 과천시,2024-02,17,197,107,89,33508,13079,20429,1대당 1일평균
경기도 구리시,2024-02,16,200,109,94,33027,12789,20238,1대당 1일평균
경기도 남양주시,2024-02,18,207,114,94,34512,12924,21589,1대당 1일평균
경기도 오산시,2024-02,15,185,104,83,31671,13070,18601,1대당 1일평균
경기도 시흥시,2024-02,16,183,99,83,32308,12085,20223,1대당 1일평균
경기도 군포시,2024-02,15,174,94,80,31574,11959,19614,1대당 1일평균
경기도 의왕시,2024-02,15,173,97,76,30439,11911,18528,1대당 1일평균
경기도 하남시,2024-02,15,189,99,97,31563,11807,19756,1대당 1일평균
경기도 용인시,2024-02,15,209,117,103,32100,12986,19114,1대당 1일평균
경기도 파주시,2024-02,17,256,130,125,38207,12977,25230,1대당 1일평균
경기도 이천시,2024-02,18,217,105,114,36239,11636,24603,1대당 1일평균
경기도 안성시,2024-02,15,203,93,122,31548,9976,21572,1대당 1일평균
경기도 김포시,2024-02,16,223,127,119,34131,14232,19898,1대당 1일평균
경기도 화성시,2024-02,15,235,130,108,33391,14226,19164,1대당 1일평균
경기도 광주시,2024-02,15,216,116,101,33229,12421,20808,1대당 1일평균
경기도 양주시,2024-02,16,192,106,86,31234,11874,19360,1대당 1일평균
경기도 포천시,2024-02,15,216,94,176,33955,9582,24373,1대당 1일평균
경기도 여주시,2024-02,16,198,86,112,33580,9193,24387,1대당 1일평균
경기도 연천군,2024-02,17,270,118,292,30242,9856,20385,1대당 1일평균
경기도 가평군,2024-02,17,226,102,124,32823,9061,23762,1대당 1일평균
경기도 양평군,2024-02,16,208,88,120,29191,8521,20671,1대당 1일평균
강원특별자치도 춘천시,2024-02,25,157,80,83,31718,12023,19695,1대당 1일평균
강원특별자치도 원주시,2024-02,23,168,87,99,31796,11451,20345,1대당 1일평균
강원특별자치도 강릉시,2024-02,24,171,92,80,31051,12337,18713,1대당 1일평균
강원특별자치도 동해시,2024-02,22,151,74,76,31372,8978,22394,1대당 1일평균
강원특별자치도 태백시,2024-02,25,188,88,103,32710,9698,23012,1대당 1일평균
강원특별자치도 속초시,2024-02,25,156,75,82,31178,10524,20654,1대당 1일평균
강원특별자치도 삼척시,2024-02,24,149,67,82,34322,8495,25827,1대당 1일평균
강원특별자치도 홍천군,2024-02,22,191,80,111,36428,8274,28154,1대당 1일평균
강원특별자치도 횡성군,2024-02,13,194,65,129,34395,6029,28366,1대당 1일평균
강원특별자치도 영월군,2024-02,18,182,52,130,31627,5555,26072,1대당 1일평균
강원특별자치도 평창군,2024-02,13,255,106,150,27747,8448,19299,1대당 1일평균
강원특별자치도 정선군,2024-02,19,262,94,168,33037,8044,24993,1대당 1일평균
강원특별자치도 철원군,2024-02,13,187,79,109,28379,6586,21794,1대당 1일평균
강원특별자치도 화천군,2024-02,13,182,73,110,29955,5971,23984,1대당 1일평균
강원특별자치도 양구군,2024-02,13,189,84,105,23746,6416,17330,1대당 1일평균
강원특별자치도 인제군,2024-02,11,208,83,124,28099,5844,22255,1대당 1일평균
강원특별자치도 고성군,2024-02,10,213,81,131,37848,7047,30801,1대당 1일평균
강원특별자치도 양양군,2024-02,11,165,66,100,32977,5875,27101,1대당 1일평균
충청북도 청주시,2024-02,19,181,96,85,31570,13060,18510,1대당 1일평균
충청북도 충주시,2024-02,20,163,71,92,31183,9281,21902,1대당 1일평균
충청북도 제천시,2024-02,21,152,66,87,28222,8950,19272,1대당 1일평균
충청북도 보은군,2024-02,6,154,47,107,23148,4853,18294,1대당 1일평균
충청북도 옥천군,2024-02,15,147,52,94,32367,6285,26082,1대당 1일평균
충청북도 영동군,2024-02,12,160,54,106,30167,5435,24732,1대당 1일평균
충청북도 증평군,2024-02,13,172,58,114,33585,6708,26876,1대당 1일평균
충청북도 진천군,2024-02,19,255,109,147,36048,10351,25697,1대당 1일평균
충청북도 괴산군,2024-02,8,180,71,108,21329,6898,14430,1대당 1일평균
충청북도 음성군,2024-02,17,242,102,140,36857,9229,27627,1대당 1일평균
충청북도 단양군,2024-02,9,145,52,386,28650,4953,23696,1대당 1일평균
충청남도 천안시,2024-02,23,206,117,92,35762,15601,20161,1대당 1일평균
충청남도 공주시,2024-02,14,180,66,113,36359,7025,29334,1대당 1일평균
충청남도 보령시,2024-02,17,154,64,90,35202,7464,27738,1대당 1일평균
충청남도 아산시,2024-02,18,204,104,100,34045,11503,22542,1대당 1일평균
충청남도 서산시,2024-02,26,205,100,111,43955,12077,31878,1대당 1일평균
충청남도 논산시,2024-02,15,168,71,97,34877,7782,27096,1대당 1일평균
충청남도 계룡시,2024-02,20,210,94,115,35115,9726,25390,1대당 1일평균
충청남도 당진시,2024-02,17,229,87,142,35151,8772,26379,1대당 1일평균
충청남도 금산군,2024-02,9,185,42,143,37976,4794,33182,1대당 1일평균
충청남도 부여군,2024-02,9,138,49,89,33925,5018,28907,1대당 1일평균
충청남도 서천군,2024-02,10,170,58,112,26333,5384,20948,1대당 1일평균
충청남도 청양군,2024-02,5,145,39,106,29839,3362,26477,1대당 1일평균
충청남도 홍성군,2024-02,17,178,71,106,37203,7679,29524,1대당 1일평균
충청남도 예산군,2024-02,15,194,64,130,36749,6261,30488,1대당 1일평균
충청남도 태안군,2024-02,10,146,45,101,31049,4622,26427,1대당 1일평균
전북특별자치도 전주시,2024-02,22,170,90,84,32151,13599,18552,1대당 1일평균
전북특별자치도 군산시,2024-02,21,172,81,91,31428,10615,20813,1대당 1일평균
전북특별자치도 익산시,2024-02,21,179,83,96,34461,10497,23964,1대당 1일평균
전북특별자치도 정읍시,2024-02,17,159,58,122,31794,6961,24833,1대당 1일평균
전북특별자치도 남원시,2024-02,16,148,54,97,32822,6260,26562,1대당 1일평균
전북특별자치도 김제시,2024-02,10,153,46,106,26616,5028,21588,1대당 1일평균
전북특별자치도 완주군,2024-02,16,198,89,109,32426,10299,22127,1대당 1일평균
전북특별자치도 진안군,2024-02,7,169,56,114,25606,6065,19540,1대당 1일평균
전북특별자치도 무주군,2024-02,8,155,54,101,18745,4843,13902,1대당 1일평균
전북특별자치도 장수군,2024-02,3,227,42,185,21167,3887,17280,1대당 1일평균
전북특별자치도 임실군,2024-02,6,170,60,110,19992,5390,14601,1대당 1일평균
전북특별자치도 순창군,2024-02,,,,,,,,1대당 1일평균
전북특별자치도 고창군,2024-02,11,174,48,126,29659,4766,24893,1대당 1일평균
전북특별자치도 부안군,2024-02,12,170,53,117,34478,5145,29332,1대당 1일평균
전라남도 목포시,2024-02,22,173,78,95,31273,11428,19845,1대당 1일평균
전라남도 여수시,2024-02,24,191,100,91,33368,12427,20941,1대당 1일평균
전라남도 순천시,2024-02,26,208,106,103,37390,13368,24021,1대당 1일평균
전라남도 나주시,2024-02,12,225,79,147,28742,7364,21378,1대당 1일평균
전라남도 광양시,2024-02,21,189,97,91,35610,10849,24761,1대당 1일평균
전라남도 담양군,2024-02,8,156,55,101,26540,5347,21193,1대당 1일평균
전라남도 곡성군,2024-02,4,159,45,114,24006,4198,19808,1대당 1일평균
전라남도 구례군,2024-02,10,166,44,122,30964,4267,26697,1대당 1일평균
전라남도 고흥군,2024-02,6,188,44,144,25780,5585,20194,1대당 1일평균
전라남도 보성군,2024-02,9,188,61,127,19952,5171,14781,1대당 1일평균
전라남도 화순군,2024-02,16,150,62,87,35272,6921,28351,1대당 1일평균
전라남도 장흥군,2024-02,8,209,62,147,25383,5450,19933,1대당 1일평균
전라남도 강진군,2024-02,6,184,36,148,22847,2821,20026,1대당 1일평균
전라남도 해남군,2024-02,13,206,64,142,27305,5984,21321,1대당 1일평균
전라남도 영암군,2024-02,8,192,65,127,20744,5554,15190,1대당 1일평균
전라남도 무안군,2024-02,16,207,89,155,27540,9378,18162,1대당 1일평균
전라남도 함평군,2024-02,,,,,,,,1대당 1일평균
전라남도 영광군,2024-02,11,176,55,121,34401,5435,28966,1대당 1일평균
전라남도 장성군,2024-02,8,184,55,131,34541,4992,29549,1대당 1일평균
전라남도 완도군,2024-02,13,187,52,136,27305,5070,22234,1대당 1일평균
전라남도 진도군,2024-02,5,213,51,162,23328,4342,18986,1대당 1일평균
전라남도 신안군,2024-02,11,177,71,106,20138,7509,12629,1대당 1일평균
경상북도 포항시,2024-02,20,178,92,86,30648,12031,18617,1대당 1일평균
경상북도 경주시,2024-02,20,200,93,108,31849,10263,21585,1대당 1일평균
경상북도 김천시,2024-02,16,166,79,88,33642,8419,25223,1대당 1일평균
경상북도 안동시,2024-02,22,180,80,99,33620,9896,23724,1대당 1일평균
경상북도 구미시,2024-02,23,204,112,92,35826,13938,21888,1대당 1일평균
경상북도 영주시,2024-02,19,135,54,81,30423,7571,22851,1대당 1일평균
경상북도 영천시,2024-02,17,158,61,97,26871,7204,19667,1대당 1일평균
경상북도 상주시,2024-02,15,132,42,89,32814,5661,27153,1대당 1일평균
경상북도 문경시,2024-02,,,,,,,,1대당 1일평균
경상북도 경산시,2024-02,16,191,91,100,32878,10631,22247,1대당 1일평균
경상북도 의성군,2024-02,5,173,40,133,22768,3449,19320,1대당 1일평균
경상북도 청송군,2024-02,6,163,55,109,18984,4988,13996,1대당 1일평균
경상북도 영양군,2024-02,6,173,71,102,19598,6306,13291,1대당 1일평균
경상북도 영덕군,2024-02,6,150,41,109,13795,3941,9853,1대당 1일평균
경상북도 청도군,2024-02,6,138,47,91,19209,4817,14392,1대당 1일평균
경상북도 고령군,2024-02,9,262,99,164,35321,7794,27527,1대당 1일평균
경상북도 성주군,2024-02,10,247,85,161,22587,6658,15930,1대당 1일평균
경상북도 칠곡군,2024-02,17,201,88,113,31909,8943,22966,1대당 1일평균
경상북도 예천군,2024-02,9,193,52,142,26002,4464,21537,1대당 1일평균
경상북도 봉화군,2024-02,3,161,34,127,19921,2484,17436,1대당 1일평균
경상북도 울진군,2024-02,15,192,70,122,27972,5733,22239,1대당 1일평균
경상북도 울릉군,2024-02,7,115,26,89,20507,3492,17015,1대당 1일평균
경상남도 창원시,2024-02,19,194,96,99,32310,11816,20494,1대당 1일평균
경상남도 진주시,2024-02,31,262,135,127,44780,15632,29148,1대당 1일평균
경상남도 통영시,2024-02,24,207,92,126,34396,11270,23126,1대당 1일평균
경상남도 사천시,2024-02,22,186,78,150,34838,8863,25975,1대당 1일평균
경상남도 김해시,2024-02,22,202,103,141,34428,12856,21573,1대당 1일평균
경상남도 밀양시,2024-02,17,164,63,103,28777,7292,21484,1대당 1일평균
경상남도 거제시,2024-02,25,218,113,104,38313,12831,25481,1대당 1일평균
경상남도 양산시,2024-02,24,213,104,110,37556,12239,25318,1대당 1일평균
경상남도 의령군,2024-02,6,135,47,89,15821,3936,11885,1대당 1일평균
경상남도 함안군,2024-02,11,185,73,111,26500,7257,19243,1대당 1일평균
경상남도 창녕군,2024-02,7,165,44,121,26089,4188,21902,1대당 1일평균
경상남도 고성군,2024-02,11,172,59,113,26591,6304,20288,1대당 1일평균
경상남도 남해군,2024-02,11,182,58,124,29830,5156,24673,1대당 1일평균
경상남도 하동군,2024-02,3,191,23,168,18870,3051,15819,1대당 1일평균
경상남도 산청군,2024-02,8,180,73,107,16378,6029,10349,1대당 1일평균
경상남도 함양군,2024-02,7,157,36,121,22901,3283,19618,1대당 1일평균
경상남도 거창군,2024-02,16,164,56,107,25993,6247,19746,1대당 1일평균
경상남도 합천군,2024-02,4,183,43,140,20683,4062,16621,1대당 1일평균
제주특별자치도,2024-02,18,191,102,94,29839,12503,17337,1대당 1일평균
서울특별시,2024-03,15,209,126,17768,32652,16128,16524,1대당 1일평균
부산광역시,2024-03,16,172,92,79,31457,12502,18955,1대당 1일평균
대구광역시,2024-03,15,159,80,80,30429,11087,19342,1대당 1일평균
인천광역시,2024-03,15,195,109,87,33035,13262,19773,1대당 1일평균
광주광역시,2024-03,20,186,110,76,33462,14825,18638,1대당 1일평균
대전광역시,2024-03,20,177,100,88,33193,14143,19049,1대당 1일평균
울산광역시,2024-03,18,187,97,98,32105,11836,20269,1대당 1일평균
세종특별자치시,2024-03,19,255,126,129,35807,12912,22895,1대당 1일평균
경기도 수원시,2024-03,18,192,114,80,34007,15289,18718,1대당 1일평균
경기도 성남시,2024-03,17,211,115,96,33302,13275,20026,1대당 1일평균
경기도 의정부시,2024-03,20,206,108,146,36507,14275,22233,1대당 1일평균
경기도 안양시,2024-03,18,196,112,85,35308,14047,21260,1대당 1일평균
경기도 부천시,2024-03,15,169,88,85,31521,12242,19278,1대당 1일평균
경기도 광명시,2024-03,12,181,92,93,31408,10925,20482,1대당 1일평균
경기도 평택시,2024-03,21,200,111,136,34813,13459,21353,1대당 1일평균
경기도 동두천시,2024-03,20,169,75,94,35599,9279,26321,1대당 1일평균
경기도 안산시,2024-03,20,180,100,88,32806,13622,19184,1대당 1일평균
경기도 고양시,2024-03,15,188,113,75,33108,12925,20183,1대당 1일평균
경기도 과천시,2024-03,17,199,109,90,33956,13087,20869,1대당 1일평균
경기도 구리시,2024-03,16,201,109,93,33038,12651,20387,1대당 1일평균
경기도 남양주시,2024-03,17,209,115,96,34875,12855,22020,1대당 1일평균
경기도 오산시,2024-03,16,188,105,84,32191,13293,18897,1대당 1일평균
경기도 시흥시,2024-03,16,183,100,83,32524,12161,20363,1대당 1일평균
경기도 군포시,2024-03,15,175,94,81,32292,11929,20363,1대당 1일평균
경기도 의왕시,2024-03,15,174,99,76,30489,11852,18638,1대당 1일평균
경기도 하남시,2024-03,15,190,99,96,32006,11712,20294,1대당 1일평균
경기도 용인시,2024-03,15,214,120,107,32446,13203,19243,1대당 1일평균
경기도 파주시,2024-03,17,257,129,128,38755,12768,25988,1대당 1일평균
경기도 이천시,2024-03,17,211,101,118,35662,11239,24424,1대당 1일평균
경기도 안성시,2024-03,15,206,94,128,31724,10106,21618,1대당 1일평균
경기도 김포시,2024-03,16,224,127,109,34450,14240,20210,1대당 1일평균
경기도 화성시,2024-03,15,239,132,114,33864,14444,19420,1대당 1일평균
경기도 광주시,2024-03,15,213,112,101,33274,12091,21183,1대당 1일평균
경기도 양주시,2024-03,17,197,109,88,31584,12200,19384,1대당 1일평균
경기도 포천시,2024-03,15,217,92,173,33900,9418,24481,1대당 1일평균
경기도 여주시,2024-03,17,207,89,118,33715,9492,24223,1대당 1일평균
경기도 연천군,2024-03,16,254,110,333,29901,9253,20648,1대당 1일평균
경기도 가평군,2024-03,16,213,95,118,32341,8337,24004,1대당 1일평균
경기도 양평군,2024-03,16,205,85,120,29565,8340,21225,1대당 1일평균
강원특별자치도 춘천시,2024-03,26,162,83,94,32227,12760,19466,1대당 1일평균
강원특별자치도 원주시,2024-03,23,174,90,108,32215,11728,20487,1대당 1일평균
강원특별자치도 강릉시,2024-03,23,165,84,83,31822,11304,20518,1대당 1일평균
강원특별자치도 동해시,2024-03,20,145,68,78,31890,8094,23795,1대당 1일평균
강원특별자치도 태백시,2024-03,22,183,76,107,32301,7876,24425,1대당 1일평균
강원특별자치도 속초시,2024-03,23,152,67,85,31297,9294,22003,1대당 1일평균
강원특별자치도 삼척시,2024-03,24,151,65,86,34699,8154,26544,1대당 1일평균
강원특별자치도 홍천군,2024-03,21,181,73,107,36441,7689,28752,1대당 1일평균
강원특별자치도 횡성군,2024-03,13,194,64,130,34453,6008,28446,1대당 1일평균
강원특별자치도 영월군,2024-03,17,185,51,134,31397,5558,25839,1대당 1일평균
강원특별자치도 평창군,2024-03,9,175,62,113,19827,4909,14918,1대당 1일평균
강원특별자치도 정선군,2024-03,17,248,87,161,33090,6997,26093,1대당 1일평균
강원특별자치도 철원군,2024-03,13,185,77,108,28844,6511,22333,1대당 1일평균
강원특별자치도 화천군,2024-03,13,182,73,110,30391,5800,24591,1대당 1일평균
강원특별자치도 양구군,2024-03,14,204,90,114,24470,6857,17613,1대당 1일평균
강원특별자치도 인제군,2024-03,11,204,82,122,26862,5697,21165,1대당 1일평균
강원특별자치도 고성군,2024-03,9,199,71,128,36946,5985,30961,1대당 1일평균
강원특별자치도 양양군,2024-03,10,150,56,94,32159,4951,27208,1대당 1일평균
충청북도 청주시,2024-03,19,184,97,87,31997,13258,18739,1대당 1일평균
충청북도 충주시,2024-03,21,173,77,97,32309,9864,22446,1대당 1일평균
충청북도 제천시,2024-03,22,160,71,90,28671,9357,19314,1대당 1일평균
충청북도 보은군,2024-03,6,157,46,110,22735,4946,17789,1대당 1일평균
충청북도 옥천군,2024-03,15,154,52,101,32323,6200,26123,1대당 1일평균
충청북도 영동군,2024-03,13,165,57,108,30183,5537,24645,1대당 1일평균
충청북도 증평군,2024-03,13,175,58,117,33836,6699,27136,1대당 1일평균
충청북도 진천군,2024-03,20,250,106,145,35918,10135,25783,1대당 1일평균
충청북도 괴산군,2024-03,10,194,77,117,22617,7719,14898,1대당 1일평균
충청북도 음성군,2024-03,17,242,101,141,37206,9050,28156,1대당 1일평균
충청북도 단양군,2024-03,9,145,48,372,28425,4679,23747,1대당 1일평균
충청남도 천안시,2024-03,24,213,121,93,36469,16290,20179,1대당 1일평균
충청남도 공주시,2024-03,15,188,70,118,37607,7487,30119,1대당 1일평균
충청남도 보령시,2024-03,16,150,59,90,35877,6988,28889,1대당 1일평균
충청남도 아산시,2024-03,19,211,109,102,34649,12042,22607,1대당 1일평균
충청남도 서산시,2024-03,25,209,100,143,44594,11896,32698,1대당 1일평균
충청남도 논산시,2024-03,15,165,70,95,35057,7740,27317,1대당 1일평균
충청남도 계룡시,2024-03,17,193,85,108,34882,8779,26103,1대당 1일평균
충청남도 당진시,2024-03,17,227,85,142,35716,8593,27123,1대당 1일평균
충청남도 금산군,2024-03,11,196,51,145,39346,5683,33664,1대당 1일평균
충청남도 부여군,2024-03,9,144,53,91,34279,5285,28994,1대당 1일평균
충청남도 서천군,2024-03,11,178,61,117,26353,5523,20830,1대당 1일평균
충청남도 청양군,2024-03,6,145,37,108,29837,3317,26520,1대당 1일평균
충청남도 홍성군,2024-03,17,176,69,107,37493,7457,30035,1대당 1일평균
충청남도 예산군,2024-03,15,193,64,129,36858,6378,30481,1대당 1일평균
충청남도 태안군,2024-03,10,151,47,104,31357,4609,26748,1대당 1일평균
전북특별자치도 전주시,2024-03,22,173,91,85,32589,13610,18980,1대당 1일평균
전북특별자치도 군산시,2024-03,21,174,81,93,31726,10358,21368,1대당 1일평균
전북특별자치도 익산시,2024-03,21,179,81,99,34674,10378,24296,1대당 1일평균
전북특별자치도 정읍시,2024-03,17,159,57,120,31711,6881,24830,1대당 1일평균
전북특별자치도 남원시,2024-03,16,152,54,98,33147,6222,26924,1대당 1일평균
전북특별자치도 김제시,2024-03,10,153,46,107,27130,4938,22192,1대당 1일평균
전북특별자치도 완주군,2024-03,16,210,93,119,34543,10415,24129,1대당 1일평균
전북특별자치도 진안군,2024-03,7,207,60,147,26593,6559,20034,1대당 1일평균
전북특별자치도 무주군,2024-03,6,136,43,93,15769,3977,11792,1대당 1일평균
전북특별자치도 장수군,2024-03,4,248,50,198,22395,5198,17197,1대당 1일평균
전북특별자치도 임실군,2024-03,6,186,70,116,20999,6212,14787,1대당 1일평균
전북특별자치도 순창군,2024-03,,,,,,,,1대당 1일평균
전북특별자치도 고창군,2024-03,11,184,53,131,29546,4771,24776,1대당 1일평균
전북특별자치도 부안군,2024-03,8,147,34,112,28634,3843,24791,1대당 1일평균
전라남도 목포시,2024-03,21,174,76,98,31711,11226,20485,1대당 1일평균
전라남도 여수시,2024-03,22,186,94,92,33308,11869,21439,1대당 1일평균
전라남도 순천시,2024-03,25,205,105,109,37346,13186,24160,1대당 1일평균
전라남도 나주시,2024-03,12,228,77,151,29106,7238,21868,1대당 1일평균
전라남도 광양시,2024-03,20,190,96,98,36328,10699,25629,1대당 1일평균
전라남도 담양군,2024-03,8,155,52,103,26778,5219,21559,1대당 1일평균
전라남도 곡성군,2024-03,4,172,47,125,24892,4160,20732,1대당 1일평균
전라남도 구례군,2024-03,11,178,50,128,33522,4729,28793,1대당 1일평균
전라남도 고흥군,2024-03,5,184,39,145,23403,3634,19769,1대당 1일평균
전라남도 보성군,2024-03,8,191,57,134,19781,4935,14846,1대당 1일평균
전라남도 화순군,2024-03,15,149,59,90,35838,6590,29247,1대당 1일평균
전라남도 장흥군,2024-03,7,197,56,141,24441,4973,19468,1대당 1일평균
전라남도 강진군,2024-03,9,198,47,151,22553,4659,17895,1대당 1일평균
전라남도 해남군,2024-03,13,200,61,139,26712,5759,20953,1대당 1일평균
전라남도 영암군,2024-03,9,202,69,133,21524,5840,15684,1대당 1일평균
전라남도 무안군,2024-03,16,209,86,153,27966,9187,18779,1대당 1일평균
전라남도 함평군,2024-03,,,,,,,,1대당 1일평균
전라남도 영광군,2024-03,10,177,51,127,35765,5136,30629,1대당 1일평균
전라남도 장성군,2024-03,8,178,53,136,35041,4929,30112,1대당 1일평균
전라남도 완도군,2024-03,13,181,49,132,27051,4871,22180,1대당 1일평균
전라남도 진도군,2024-03,5,205,46,160,22833,4075,18758,1대당 1일평균
전라남도 신안군,2024-03,10,179,67,112,20089,7034,13055,1대당 1일평균
경상북도 포항시,2024-03,19,177,88,90,30804,11353,19451,1대당 1일평균
경상북도 경주시,2024-03,20,197,91,107,32231,10170,22061,1대당 1일평균
경상북도 김천시,2024-03,16,170,81,89,33954,8646,25308,1대당 1일평균
경상북도 안동시,2024-03,23,185,84,101,34407,10332,24075,1대당 1일평균
경상북도 구미시,2024-03,22,204,110,94,35954,13557,22397,1대당 1일평균
경상북도 영주시,2024-03,19,137,54,83,31044,7622,23422,1대당 1일평균
경상북도 영천시,2024-03,16,152,57,96,26227,6751,19476,1대당 1일평균
경상북도 상주시,2024-03,14,133,40,93,32849,5269,27580,1대당 1일평균
경상북도 문경시,2024-03,,,,,,,,1대당 1일평균
경상북도 경산시,2024-03,17,202,97,105,33796,11226,22569,1대당 1일평균
경상북도 의성군,2024-03,5,178,40,139,22415,3370,19045,1대당 1일평균
경상북도 청송군,2024-03,6,159,53,106,18784,4774,14009,1대당 1일평균
경상북도 영양군,2024-03,6,185,70,115,20478,6100,14378,1대당 1일평균
경상북도 영덕군,2024-03,9,129,44,85,13007,5082,7925,1대당 1일평균
경상북도 청도군,2024-03,6,131,42,89,18477,4180,14297,1대당 1일평균
경상북도 고령군,2024-03,8,235,87,148,32117,7026,25091,1대당 1일평균
경상북도 성주군,2024-03,9,226,83,143,22697,6026,16671,1대당 1일평균
경상북도 칠곡군,2024-03,17,194,85,108,31346,8688,22658,1대당 1일평균
경상북도 예천군,2024-03,9,179,48,133,24165,4191,19974,1대당 1일평균
경상북도 봉화군,2024-03,3,159,30,129,19130,2472,16658,1대당 1일평균
경상북도 울진군,2024-03,13,187,58,129,26888,4711,22177,1대당 1일평균
경상북도 울릉군,2024-03,8,127,26,101,21844,3864,17979,1대당 1일평균
경상남도 창원시,2024-03,19,195,96,104,32556,11816,20740,1대당 1일평균
경상남도 진주시,2024-03,31,260,131,130,45490,15208,30282,1대당 1일평균
경상남도 통영시,2024-03,21,199,84,131,34402,10255,24147,1대당 1일평균
경상남도 사천시,2024-03,20,180,73,137,35387,8290,27097,1대당 1일평균
경상남도 김해시,2024-03,21,203,101,139,35219,12749,22470,1대당 1일평균
경상남도 밀양시,2024-03,16,162,62,100,29104,7082,22022,1대당 1일평균
경상남도 거제시,2024-03,24,209,107,102,38569,12259,26311,1대당 1일평균
경상남도 양산시,2024-03,23,207,100,107,37845,11849,25997,1대당 1일평균
경상남도 의령군,2024-03,5,132,46,86,15341,3740,11601,1대당 1일평균
경상남도 함안군,2024-03,9,170,61,109,25472,6125,19348,1대당 1일평균
경상남도 창녕군,2024-03,6,167,45,121,24949,4387,20561,1대당 1일평균
경상남도 고성군,2024-03,10,160,53,107,25099,5607,19492,1대당 1일평균
경상남도 남해군,2024-03,10,195,64,131,32111,6607,25504,1대당 1일평균
경상남도 하동군,2024-03,5,198,53,146,19208,5522,13686,1대당 1일평균
경상남도 산청군,2024-03,9,181,71,109,16267,5956,10310,1대당 1일평균
경상남도 함양군,2024-03,6,148,31,118,21903,2863,19040,1대당 1일평균
경상남도 거창군,2024-03,15,167,53,114,25869,5910,19959,1대당 1일평균
경상남도 합천군,2024-03,4,183,43,140,20450,4086,16364,1대당 1일평균
제주특별자치도,2024-03,17,189,97,95,30084,11916,18168,1대당 1일평균
서울특별시,2024-04,15,215,128,20779,34021,16503,17517,1대당 1일평균
부산광역시,2024-04,16,174,94,80,31538,12676,18861,1대당 1일평균
대구광역시,2024-04,15,161,80,81,30387,11084,19303,1대당 1일평균
인천광역시,2024-04,15,197,110,88,33145,13418,19727,1대당 1일평균
광주광역시,2024-04,20,189,113,76,33131,15199,17932,1대당 1일평균
대전광역시,2024-04,19,178,100,89,33194,14186,19009,1대당 1일평균
울산광역시,2024-04,18,188,97,98,32206,11938,20267,1대당 1일평균
세종특별자치시,2024-04,19,258,127,131,35572,12933,22639,1대당 1일평균
경기도 수원시,2024-04,18,191,114,79,33829,15454,18375,1대당 1일평균
경기도 성남시,2024-04,17,209,114,95,33060,13278,19782,1대당 1일평균
경기도 의정부시,2024-04,20,209,109,130,36471,14302,22168,1대당 1일평균
경기도 안양시,2024-04,17,191,107,86,34557,13718,20839,1대당 1일평균
경기도 부천시,2024-04,15,169,88,89,31473,12380,19093,1대당 1일평균
경기도 광명시,2024-04,11,188,95,101,31742,11188,20554,1대당 1일평균
경기도 평택시,2024-04,20,199,110,116,34744,13391,21353,1대당 1일평균
경기도 동두천시,2024-04,19,171,75,95,35771,9331,26440,1대당 1일평균
경기도 안산시,2024-04,20,180,100,85,32656,13619,19037,1대당 1일평균
경기도 고양시,2024-04,15,190,114,76,33003,13085,19918,1대당 1일평균
경기도 과천시,2024-04,16,199,110,90,34033,13299,20734,1대당 1일평균
경기도 구리시,2024-04,16,200,108,104,33090,12573,20517,1대당 1일평균
경기도 남양주시,2024-04,17,210,115,96,34764,12921,21843,1대당 1일평균
경기도 오산시,2024-04,15,188,104,84,32099,13323,18775,1대당 1일평균
경기도 시흥시,2024-04,16,184,101,84,32551,12325,20226,1대당 1일평균
경기도 군포시,2024-04,15,175,94,81,32704,12044,20659,1대당 1일평균
경기도 의왕시,2024-04,15,177,100,78,31795,12445,19349,1대당 1일평균
경기도 하남시,2024-04,15,196,102,96,32242,12070,20171,1대당 1일평균
경기도 용인시,2024-04,15,216,120,123,32213,13376,18836,1대당 1일평균
경기도 파주시,2024-04,17,263,131,131,39128,13027,26101,1대당 1일평균
경기도 이천시,2024-04,17,215,104,115,36130,11531,24599,1대당 1일평균
경기도 안성시,2024-04,15,209,95,135,32367,10351,22016,1대당 1일평균
경기도 김포시,2024-04,15,222,124,101,33854,13702,20152,1대당 1일평균
경기도 화성시,2024-04,15,240,131,117,33763,14489,19273,1대당 1일평균
경기도 광주시,2024-04,15,214,113,101,33404,12436,20968,1대당 1일평균
경기도 양주시,2024-04,16,198,108,90,31424,12107,19317,1대당 1일평균
경기도 포천시,2024-04,15,222,94,183,33375,9639,23736,1대당 1일평균
경기도 여주시,2024-04,17,215,94,121,33182,10021,23160,1대당 1일평균
경기도 연천군,2024-04,17,266,114,299,29859,9594,20265,1대당 1일평균
경기도 가평군,2024-04,18,238,108,129,33423,9745,23679,1대당 1일평균
경기도 양평군,2024-04,16,223,93,130,32273,9330,22943,1대당 1일평균
강원특별자치도 춘천시,2024-04,26,164,84,95,32820,12894,19927,1대당 1일평균
강원특별자치도 원주시,2024-04,23,177,91,109,32491,11883,20608,1대당 1일평균
강원특별자치도 강릉시,2024-04,23,169,88,83,31905,11859,20045,1대당 1일평균
강원특별자치도 동해시,2024-04,20,149,69,80,31788,8269,23519,1대당 1일평균
강원특별자치도 태백시,2024-04,23,188,79,109,32335,8145,24190,1대당 1일평균
강원특별자치도 속초시,2024-04,24,158,72,86,31507,9816,21691,1대당 1일평균
강원특별자치도 삼척시,2024-04,25,159,69,90,35201,8511,26690,1대당 1일평균
강원특별자치도 홍천군,2024-04,21,186,76,111,36949,8055,28894,1대당 1일평균
강원특별자치도 횡성군,2024-04,14,209,70,138,34959,6712,28247,1대당 1일평균
강원특별자치도 영월군,2024-04,18,196,57,139,31258,6248,25010,1대당 1일평균
강원특별자치도 평창군,2024-04,8,178,60,118,18103,4824,13279,1대당 1일평균
강원특별자치도 정선군,2024-04,16,253,89,165,32843,6978,25866,1대당 1일평균
강원특별자치도 철원군,2024-04,13,186,78,108,28048,6562,21486,1대당 1일평균
강원특별자치도 화천군,2024-04,14,194,78,115,28916,6298,22618,1대당 1일평균
강원특별자치도 양구군,2024-04,15,222,97,124,24925,7332,17593,1대당 1일평균
강원특별자치도 인제군,2024-04,11,216,86,130,27039,6013,21027,1대당 1일평균
강원특별자치도 고성군,2024-04,10,213,77,136,36707,6581,30126,1대당 1일평균
강원특별자치도 양양군,2024-04,11,170,66,104,32602,5696,26906,1대당 1일평균
충청북도 청주시,2024-04,19,186,97,88,31978,13315,18663,1대당 1일평균
충청북도 충주시,2024-04,21,175,77,98,32121,10013,22108,1대당 1일평균
충청북도 제천시,2024-04,22,164,71,94,28660,9512,19148,1대당 1일평균
충청북도 보은군,2024-04,6,171,50,121,22736,5552,17184,1대당 1일평균
충청북도 옥천군,2024-04,15,165,56,110,32140,6596,25543,1대당 1일평균
충청북도 영동군,2024-04,13,177,61,117,30531,5898,24634,1대당 1일평균
충청북도 증평군,2024-04,13,175,57,118,33300,6537,26762,1대당 1일평균
충청북도 진천군,2024-04,19,245,103,142,35670,9982,25687,1대당 1일평균
충청북도 괴산군,2024-04,10,202,80,122,22618,8177,14440,1대당 1일평균
충청북도 음성군,2024-04,17,246,101,145,37257,9184,28074,1대당 1일평균
충청북도 단양군,2024-04,11,168,58,333,28847,5703,23144,1대당 1일평균
충청남도 천안시,2024-04,24,213,120,94,36295,16204,20091,1대당 1일평균
충청남도 공주시,2024-04,14,185,70,115,35173,7645,27528,1대당 1일평균
충청남도 보령시,2024-04,17,161,65,96,35840,7580,28260,1대당 1일평균
충청남도 아산시,2024-04,19,213,111,102,34336,12327,22009,1대당 1일평균
충청남도 서산시,2024-04,25,213,102,187,44876,12060,32816,1대당 1일평균
충청남도 논산시,2024-04,15,174,74,99,35279,7947,27332,1대당 1일평균
충청남도 계룡시,2024-04,19,204,91,113,34778,9546,25233,1대당 1일평균
충청남도 당진시,2024-04,17,232,88,144,35285,8797,26488,1대당 1일평균
충청남도 금산군,2024-04,10,178,56,122,33115,5889,27226,1대당 1일평균
충청남도 부여군,2024-04,9,154,57,98,34758,5662,29096,1대당 1일평균
충청남도 서천군,2024-04,11,202,69,133,26124,6342,19782,1대당 1일평균
충청남도 청양군,2024-04,6,150,37,113,29691,3362,26328,1대당 1일평균
충청남도 홍성군,2024-04,18,177,70,106,36731,7658,29073,1대당 1일평균
충청남도 예산군,2024-04,15,193,67,126,36219,6560,29659,1대당 1일평균
충청남도 태안군,2024-04,10,162,50,112,31527,4888,26639,1대당 1일평균
전북특별자치도 전주시,2024-04,22,173,90,84,32383,13662,18721,1대당 1일평균
전북특별자치도 군산시,2024-04,21,177,83,94,31626,10718,20909,1대당 1일평균
전북특별자치도 익산시,2024-04,20,183,82,101,34807,10436,24371,1대당 1일평균
전북특별자치도 정읍시,2024-04,17,164,60,104,31563,7126,24437,1대당 1일평균
전북특별자치도 남원시,2024-04,16,157,56,100,33222,6563,26659,1대당 1일평균
전북특별자치도 김제시,2024-04,13,160,50,110,26923,5742,21181,1대당 1일평균
전북특별자치도 완주군,2024-04,12,213,84,129,32177,8867,23310,1대당 1일평균
전북특별자치도 진안군,2024-04,9,242,71,171,27493,7140,20353,1대당 1일평균
전북특별자치도 무주군,2024-04,7,162,51,111,18453,4550,13903,1대당 1일평균
전북특별자치도 장수군,2024-04,4,252,52,200,22748,5082,17666,1대당 1일평균
전북특별자치도 임실군,2024-04,7,203,75,128,21890,6741,15149,1대당 1일평균
전북특별자치도 순창군,2024-04,8,192,65,127,28762,6886,21876,1대당 1일평균
전북특별자치도 고창군,2024-04,12,184,52,131,27226,4917,22309,1대당 1일평균
전북특별자치도 부안군,2024-04,9,176,51,125,27520,5199,22321,1대당 1일평균
전라남도 목포시,2024-04,22,178,79,99,31709,11653,20056,1대당 1일평균
전라남도 여수시,2024-04,25,203,106,97,34757,12870,21886,1대당 1일평균
전라남도 순천시,2024-04,25,207,106,132,37350,13461,23890,1대당 1일평균
전라남도 나주시,2024-04,12,236,81,155,29094,7574,21520,1대당 1일평균
전라남도 광양시,2024-04,20,192,96,99,36522,10790,25733,1대당 1일평균
전라남도 담양군,2024-04,8,166,57,109,26730,5644,21086,1대당 1일평균
전라남도 곡성군,2024-04,5,180,50,130,23507,4001,19506,1대당 1일평균
전라남도 구례군,2024-04,10,184,47,137,33126,4437,28690,1대당 1일평균
전라남도 고흥군,2024-04,6,194,43,152,22962,3722,19239,1대당 1일평균
전라남도 보성군,2024-04,9,210,65,145,21234,5656,15579,1대당 1일평균
전라남도 화순군,2024-04,15,158,63,96,35289,6961,28328,1대당 1일평균
전라남도 장흥군,2024-04,7,206,56,149,25074,5040,20035,1대당 1일평균
전라남도 강진군,2024-04,9,207,50,157,24562,4802,19760,1대당 1일평균
전라남도 해남군,2024-04,13,214,67,147,26843,6151,20691,1대당 1일평균
전라남도 영암군,2024-04,9,210,70,140,21768,6009,15759,1대당 1일평균
전라남도 무안군,2024-04,16,220,90,169,28731,9460,19271,1대당 1일평균
전라남도 함평군,2024-04,,,,,,,,1대당 1일평균
전라남도 영광군,2024-04,11,201,58,143,36663,5591,31073,1대당 1일평균
전라남도 장성군,2024-04,9,184,57,127,35840,5306,30534,1대당 1일평균
전라남도 완도군,2024-04,13,192,51,141,27568,5064,22504,1대당 1일평균
전라남도 진도군,2024-04,5,222,49,175,23114,4357,18757,1대당 1일평균
전라남도 신안군,2024-04,11,183,62,121,21615,6669,14945,1대당 1일평균
경상북도 포항시,2024-04,19,178,88,90,30773,11436,19337,1대당 1일평균
경상북도 경주시,2024-04,20,207,99,114,32491,10984,21507,1대당 1일평균
경상북도 김천시,2024-04,17,171,82,89,34415,8830,25585,1대당 1일평균
경상북도 안동시,2024-04,21,180,82,98,31626,9863,21763,1대당 1일평균
경상북도 구미시,2024-04,22,206,110,96,36260,13688,22572,1대당 1일평균
경상북도 영주시,2024-04,20,142,57,85,30287,7916,22371,1대당 1일평균
경상북도 영천시,2024-04,16,158,59,100,26675,7061,19614,1대당 1일평균
경상북도 상주시,2024-04,14,133,41,93,33011,5348,27663,1대당 1일평균
경상북도 문경시,2024-04,17,163,63,101,35146,7052,28095,1대당 1일평균
경상북도 경산시,2024-04,16,191,91,100,32298,10519,21779,1대당 1일평균
경상북도 의성군,2024-04,5,179,38,141,22074,3364,18710,1대당 1일평균
경상북도 청송군,2024-04,6,169,57,113,18878,5123,13755,1대당 1일평균
경상북도 영양군,2024-04,6,193,71,123,20804,6415,14389,1대당 1일평균
경상북도 영덕군,2024-04,8,157,51,106,14321,4646,9675,1대당 1일평균
경상북도 청도군,2024-04,6,136,44,91,18244,4533,13710,1대당 1일평균
경상북도 고령군,2024-04,8,248,90,157,32489,7283,25206,1대당 1일평균
경상북도 성주군,2024-04,9,220,72,148,22858,6943,15915,1대당 1일평균
경상북도 칠곡군,2024-04,18,200,92,108,31937,9271,22666,1대당 1일평균
경상북도 예천군,2024-04,8,184,46,138,23281,3998,19283,1대당 1일평균
경상북도 봉화군,2024-04,4,189,41,148,20062,3555,16507,1대당 1일평균
경상북도 울진군,2024-04,11,186,51,135,22579,4368,18211,1대당 1일평균
경상북도 울릉군,2024-04,10,181,34,147,26860,5174,21686,1대당 1일평균
경상남도 창원시,2024-04,19,195,96,110,32502,11827,20676,1대당 1일평균
경상남도 진주시,2024-04,23,196,99,99,35018,12100,22918,1대당 1일평균
경상남도 통영시,2024-04,22,202,88,127,34220,10720,23500,1대당 1일평균
경상남도 사천시,2024-04,21,185,76,150,35275,8613,26662,1대당 1일평균
경상남도 김해시,2024-04,21,198,99,129,34417,12614,21802,1대당 1일평균
경상남도 밀양시,2024-04,17,165,63,102,29488,7369,22120,1대당 1일평균
경상남도 거제시,2024-04,25,216,112,104,38919,12690,26229,1대당 1일평균
경상남도 양산시,2024-04,22,206,98,108,37752,11775,25978,1대당 1일평균
경상남도 의령군,2024-04,6,145,53,92,15893,4247,11646,1대당 1일평균
경상남도 함안군,2024-04,9,179,65,115,26172,6528,19644,1대당 1일평균
경상남도 창녕군,2024-04,6,177,48,129,25368,4673,20695,1대당 1일평균
경상남도 고성군,2024-04,10,166,55,111,25515,5745,19770,1대당 1일평균
경상남도 남해군,2024-04,7,163,50,113,23671,4821,18850,1대당 1일평균
경상남도 하동군,2024-04,5,200,49,152,19224,4734,14491,1대당 1일평균
경상남도 산청군,2024-04,9,198,79,119,18117,6638,11479,1대당 1일평균
경상남도 함양군,2024-04,7,167,35,131,21835,3302,18533,1대당 1일평균
경상남도 거창군,2024-04,16,177,56,120,25892,6326,19566,1대당 1일평균
경상남도 합천군,2024-04,4,197,45,152,21273,4372,16901,1대당 1일평균
제주특별자치도,2024-04,17,194,101,97,30266,12410,17855,1대당 1일평균
서울특별시,2024-05,15,213,128,22442,33803,16583,17219,1대당 1일평균
부산광역시,2024-05,16,175,96,78,31289,13128,18161,1대당 1일평균
대구광역시,2024-05,15,161,82,80,30168,11437,18730,1대당 1일평균
인천광역시,2024-05,15,196,110,87,32725,13463,19262,1대당 1일평균
광주광역시,2024-05,20,189,115,75,32668,15514,17155,1대당 1일평균
대전광역시,2024-05,20,180,102,88,33282,14584,18698,1대당 1일평균
울산광역시,2024-05,18,188,97,97,32260,11924,20336,1대당 1일평균
세종특별자치시,2024-05,19,253,125,129,35075,12685,22390,1대당 1일평균
경기도 수원시,2024-05,18,189,113,77,33457,15410,18046,1대당 1일평균
경기도 성남시,2024-05,17,207,113,94,32875,13380,19495,1대당 1일평균
경기도 의정부시,2024-05,20,209,110,111,36337,14398,21939,1대당 1일평균
경기도 안양시,2024-05,17,188,106,88,33905,13529,20376,1대당 1일평균
경기도 부천시,2024-05,15,168,88,85,31077,12370,18707,1대당 1일평균
경기도 광명시,2024-05,12,188,95,113,32753,11359,21394,1대당 1일평균
경기도 평택시,2024-05,20,198,109,95,34388,13310,21078,1대당 1일평균
경기도 동두천시,2024-05,19,170,76,95,35784,9481,26303,1대당 1일평균
경기도 안산시,2024-05,20,178,100,87,32159,13700,18459,1대당 1일평균
경기도 고양시,2024-05,15,189,114,75,32915,13214,19701,1대당 1일평균
경기도 과천시,2024-05,16,199,109,90,33820,13305,20515,1대당 1일평균
경기도 구리시,2024-05,16,198,108,109,33526,12584,20942,1대당 1일평균
경기도 남양주시,2024-05,17,210,115,95,34493,13010,21483,1대당 1일평균
경기도 오산시,2024-05,15,184,101,83,31899,13013,18886,1대당 1일평균
경기도 시흥시,2024-05,16,183,101,82,31893,12272,19621,1대당 1일평균
경기도 군포시,2024-05,15,176,95,81,32698,11949,20749,1대당 1일평균
경기도 의왕시,2024-05,15,175,98,80,32231,12421,19810,1대당 1일평균
경기도 하남시,2024-05,15,198,103,99,32710,12274,20436,1대당 1일평균
경기도 용인시,2024-05,15,217,120,117,33352,13423,19929,1대당 1일평균
경기도 파주시,2024-05,17,265,133,132,38811,13184,25628,1대당 1일평균
경기도 이천시,2024-05,17,214,103,122,35971,11548,24423,1대당 1일평균
경기도 안성시,2024-05,15,208,95,135,32214,10329,21886,1대당 1일평균
경기도 김포시,2024-05,15,223,124,104,34155,13495,20659,1대당 1일평균
경기도 화성시,2024-05,15,240,130,126,33766,14438,19328,1대당 1일평균
경기도 광주시,2024-05,15,209,111,98,32779,12259,20520,1대당 1일평균
경기도 양주시,2024-05,16,198,108,89,31811,12196,19615,1대당 1일평균
경기도 포천시,2024-05,16,228,97,167,34142,9900,24243,1대당 1일평균
경기도 여주시,2024-05,18,214,96,118,33614,10281,23333,1대당 1일평균
경기도 연천군,2024-05,18,283,123,354,30633,10272,20361,1대당 1일평균
경기도 가평군,2024-05,19,251,115,136,33419,10294,23124,1대당 1일평균
경기도 양평군,2024-05,16,222,93,128,33874,9272,24602,1대당 1일평균
강원특별자치도 춘천시,2024-05,26,166,86,85,32759,13090,19669,1대당 1일평균
강원특별자치도 원주시,2024-05,23,179,92,109,33651,12066,21585,1대당 1일평균
강원특별자치도 강릉시,2024-05,24,174,93,82,31620,12431,19189,1대당 1일평균
강원특별자치도 동해시,2024-05,21,152,72,81,32179,8600,23578,1대당 1일평균
강원특별자치도 태백시,2024-05,23,188,82,106,31306,8469,22836,1대당 1일평균
강원특별자치도 속초시,2024-05,25,163,77,86,31189,10537,20652,1대당 1일평균
강원특별자치도 삼척시,2024-05,26,161,72,90,34533,8837,25696,1대당 1일평균
강원특별자치도 홍천군,2024-05,22,188,77,110,37661,8280,29381,1대당 1일평균
강원특별자치도 횡성군,2024-05,15,217,75,142,34813,7200,27612,1대당 1일평균
강원특별자치도 영월군,2024-05,18,195,56,139,31048,6122,24926,1대당 1일평균
강원특별자치도 평창군,2024-05,9,194,69,125,19584,5457,14128,1대당 1일평균
강원특별자치도 정선군,2024-05,16,247,86,161,32168,6933,25235,1대당 1일평균
강원특별자치도 철원군,2024-05,14,182,79,103,29031,6748,22283,1대당 1일평균
강원특별자치도 화천군,2024-05,14,196,81,115,28738,6467,22271,1대당 1일평균
강원특별자치도 양구군,2024-05,15,226,100,126,25558,7612,17946,1대당 1일평균
강원특별자치도 인제군,2024-05,12,229,94,199,28754,6475,22279,1대당 1일평균
강원특별자치도 고성군,2024-05,10,220,81,140,36957,6896,30061,1대당 1일평균
강원특별자치도 양양군,2024-05,12,197,78,119,34101,6551,27550,1대당 1일평균
충청북도 청주시,2024-05,19,186,97,88,31806,13293,18513,1대당 1일평균
충청북도 충주시,2024-05,21,176,78,97,32151,10074,22077,1대당 1일평균
충청북도 제천시,2024-05,22,167,72,97,28289,9576,18714,1대당 1일평균
충청북도 보은군,2024-05,6,167,51,116,22342,5444,16898,1대당 1일평균
충청북도 옥천군,2024-05,16,169,58,110,32703,6814,25889,1대당 1일평균
충청북도 영동군,2024-05,13,177,59,117,30102,5742,24360,1대당 1일평균
충청북도 증평군,2024-05,13,181,58,127,34002,6675,27327,1대당 1일평균
충청북도 진천군,2024-05,19,244,103,143,36024,10028,25996,1대당 1일평균
충청북도 괴산군,2024-05,11,209,84,125,23576,8693,14884,1대당 1일평균
충청북도 음성군,2024-05,18,252,104,148,37660,9516,28144,1대당 1일평균
충청북도 단양군,2024-05,12,185,65,122,29849,6402,23447,1대당 1일평균
충청남도 천안시,2024-05,24,213,121,92,35955,16263,19692,1대당 1일평균
충청남도 공주시,2024-05,14,186,68,118,34890,7566,27325,1대당 1일평균
충청남도 보령시,2024-05,17,167,69,106,36505,7945,28560,1대당 1일평균
충청남도 아산시,2024-05,19,211,111,100,33537,12266,21271,1대당 1일평균
충청남도 서산시,2024-05,25,215,102,114,44288,12246,32041,1대당 1일평균
충청남도 논산시,2024-05,16,173,74,99,34485,8011,26474,1대당 1일평균
충청남도 계룡시,2024-05,19,204,92,112,34294,9635,24659,1대당 1일평균
충청남도 당진시,2024-05,17,229,87,142,35186,8788,26398,1대당 1일평균
충청남도 금산군,2024-05,9,163,51,112,31436,5396,26041,1대당 1일평균
충청남도 부여군,2024-05,9,149,56,93,34624,5702,28922,1대당 1일평균
충청남도 서천군,2024-05,11,186,62,124,25467,5813,19655,1대당 1일평균
충청남도 청양군,2024-05,6,141,35,106,27884,3121,24762,1대당 1일평균
충청남도 홍성군,2024-05,18,181,71,110,36944,7751,29193,1대당 1일평균
충청남도 예산군,2024-05,16,193,67,127,36530,6627,29903,1대당 1일평균
충청남도 태안군,2024-05,11,170,52,118,31459,5072,26387,1대당 1일평균
전북특별자치도 전주시,2024-05,22,174,93,81,32281,13957,18324,1대당 1일평균
전북특별자치도 군산시,2024-05,21,178,84,94,31666,10716,20950,1대당 1일평균
전북특별자치도 익산시,2024-05,21,179,85,94,34283,10810,23473,1대당 1일평균
전북특별자치도 정읍시,2024-05,16,163,60,104,30941,7046,23895,1대당 1일평균
전북특별자치도 남원시,2024-05,17,161,59,102,33956,7092,26864,1대당 1일평균
전북특별자치도 김제시,2024-05,13,159,50,110,26626,5785,20842,1대당 1일평균
전북특별자치도 완주군,2024-05,12,215,85,129,32396,9094,23301,1대당 1일평균
전북특별자치도 진안군,2024-05,8,239,70,169,27779,7202,20577,1대당 1일평균
전북특별자치도 무주군,2024-05,6,162,51,112,17958,4399,13559,1대당 1일평균
전북특별자치도 장수군,2024-05,4,261,52,209,22818,4782,18036,1대당 1일평균
전북특별자치도 임실군,2024-05,7,203,73,130,21700,6581,15119,1대당 1일평균
전북특별자치도 순창군,2024-05,8,184,65,123,29151,7301,21849,1대당 1일평균
전북특별자치도 고창군,2024-05,12,200,61,140,29110,5494,23616,1대당 1일평균
전북특별자치도 부안군,2024-05,10,185,59,126,28056,5771,22285,1대당 1일평균
전라남도 목포시,2024-05,22,178,81,98,31486,11869,19617,1대당 1일평균
전라남도 여수시,2024-05,23,193,101,92,33197,12512,20685,1대당 1일평균
전라남도 순천시,2024-05,25,207,106,105,37002,13456,23546,1대당 1일평균
전라남도 나주시,2024-05,12,231,80,151,29046,7496,21550,1대당 1일평균
전라남도 광양시,2024-05,21,192,97,108,36673,10918,25755,1대당 1일평균
전라남도 담양군,2024-05,9,172,60,113,27200,5937,21262,1대당 1일평균
전라남도 곡성군,2024-05,6,195,57,139,25035,4836,20199,1대당 1일평균
전라남도 구례군,2024-05,10,192,48,144,33005,4241,28764,1대당 1일평균
전라남도 고흥군,2024-05,7,183,48,135,23522,4823,18699,1대당 1일평균
전라남도 보성군,2024-05,10,221,70,151,22211,6019,16192,1대당 1일평균
전라남도 화순군,2024-05,15,156,63,93,34365,6902,27464,1대당 1일평균
전라남도 장흥군,2024-05,7,196,53,143,24858,4721,20138,1대당 1일평균
전라남도 강진군,2024-05,9,205,54,151,24634,5153,19481,1대당 1일평균
전라남도 해남군,2024-05,13,214,67,147,26191,6210,19981,1대당 1일평균
전라남도 영암군,2024-05,9,211,72,138,21858,6127,15731,1대당 1일평균
전라남도 무안군,2024-05,16,224,92,172,28414,9549,18865,1대당 1일평균
전라남도 함평군,2024-05,,,,,,,,1대당 1일평균
전라남도 영광군,2024-05,11,199,58,141,36014,5529,30485,1대당 1일평균
전라남도 장성군,2024-05,9,182,56,126,35688,5303,30385,1대당 1일평균
전라남도 완도군,2024-05,13,195,53,142,27211,5273,21938,1대당 1일평균
전라남도 진도군,2024-05,5,219,49,170,22742,4320,18422,1대당 1일평균
전라남도 신안군,2024-05,12,176,59,117,21823,6382,15441,1대당 1일평균
경상북도 포항시,2024-05,19,180,91,90,30686,11795,18891,1대당 1일평균
경상북도 경주시,2024-05,19,201,94,107,32213,10347,21866,1대당 1일평균
경상북도 김천시,2024-05,17,173,83,90,34706,8873,25833,1대당 1일평균
경상북도 안동시,2024-05,20,179,82,97,30865,9786,21079,1대당 1일평균
경상북도 구미시,2024-05,23,207,113,94,36079,13947,22132,1대당 1일평균
경상북도 영주시,2024-05,20,145,59,87,30118,8132,21986,1대당 1일평균
경상북도 영천시,2024-05,16,159,60,99,26767,7154,19612,1대당 1일평균
경상북도 상주시,2024-05,13,135,41,94,33279,5327,27952,1대당 1일평균
경상북도 문경시,2024-05,17,166,65,101,35431,7089,28342,1대당 1일평균
경상북도 경산시,2024-05,17,202,99,104,33375,11456,21919,1대당 1일평균
경상북도 의성군,2024-05,5,187,40,147,22636,3650,18986,1대당 1일평균
경상북도 청송군,2024-05,6,166,55,111,18930,5129,13801,1대당 1일평균
경상북도 영양군,2024-05,6,201,70,132,21410,6210,15200,1대당 1일평균
경상북도 영덕군,2024-05,8,158,52,106,14550,4909,9641,1대당 1일평균
경상북도 청도군,2024-05,6,131,40,91,18621,4268,14353,1대당 1일평균
경상북도 고령군,2024-05,9,260,97,162,31490,7863,23627,1대당 1일평균
경상북도 성주군,2024-05,9,232,77,155,24046,7355,16692,1대당 1일평균
경상북도 칠곡군,2024-05,18,197,91,106,32221,9412,22809,1대당 1일평균
경상북도 예천군,2024-05,9,190,49,143,24691,4256,20436,1대당 1일평균
경상북도 봉화군,2024-05,4,199,44,155,20836,4056,16780,1대당 1일평균
경상북도 울진군,2024-05,10,180,47,133,22059,4072,17987,1대당 1일평균
경상북도 울릉군,2024-05,11,183,37,146,27517,5774,21743,1대당 1일평균
경상남도 창원시,2024-05,19,194,94,109,32424,11602,20823,1대당 1일평균
경상남도 진주시,2024-05,23,193,99,95,34400,12181,22219,1대당 1일평균
경상남도 통영시,2024-05,22,200,88,136,33833,10707,23126,1대당 1일평균
경상남도 사천시,2024-05,21,184,76,112,35175,8656,26520,1대당 1일평균
경상남도 김해시,2024-05,21,197,100,120,34059,12664,21395,1대당 1일평균
경상남도 밀양시,2024-05,17,168,66,102,29674,7689,21985,1대당 1일평균
경상남도 거제시,2024-05,25,217,112,104,38960,12732,26229,1대당 1일평균
경상남도 양산시,2024-05,23,211,101,111,38136,11928,26208,1대당 1일평균
경상남도 의령군,2024-05,6,145,50,95,16254,4188,12066,1대당 1일평균
경상남도 함안군,2024-05,9,179,66,114,25800,6570,19229,1대당 1일평균
경상남도 창녕군,2024-05,7,176,48,127,25574,4676,20898,1대당 1일평균
경상남도 고성군,2024-05,10,166,54,112,25165,5806,19359,1대당 1일평균
경상남도 남해군,2024-05,7,160,50,110,23048,4619,18430,1대당 1일평균
경상남도 하동군,2024-05,5,197,47,151,18898,4398,14500,1대당 1일평균
경상남도 산청군,2024-05,9,204,79,125,18379,6574,11806,1대당 1일평균
경상남도 함양군,2024-05,7,174,39,135,22412,3625,18787,1대당 1일평균
경상남도 거창군,2024-05,15,176,56,120,25920,6173,19748,1대당 1일평균
경상남도 합천군,2024-05,4,211,47,163,22182,4252,17930,1대당 1일평균
제주특별자치도,2024-05,17,198,104,99,30585,12684,17901,1대당 1일평균
서울특별시,2024-06,15,215,129,21595,33967,16747,17220,1대당 1일평균
부산광역시,2024-06,16,175,97,78,31640,13226,18413,1대당 1일평균
대구광역시,2024-06,15,161,81,80,30467,11337,19130,1대당 1일평균
인천광역시,2024-06,15,200,112,88,33377,13549,19827,1대당 1일평균
광주광역시,2024-06,20,188,113,76,33438,15088,18350,1대당 1일평균
대전광역시,2024-06,19,176,99,85,33082,14124,18957,1대당 1일평균
울산광역시,2024-06,18,189,97,97,32360,11856,20504,1대당 1일평균
세종특별자치시,2024-06,18,251,122,130,35269,12348,22921,1대당 1일평균
경기도 수원시,2024-06,18,192,114,81,34308,15477,18831,1대당 1일평균
경기도 성남시,2024-06,17,209,114,95,33479,13436,20043,1대당 1일평균
경기도 의정부시,2024-06,20,209,111,114,36547,14450,22097,1대당 1일평균
경기도 안양시,2024-06,17,188,106,91,34600,13574,21026,1대당 1일평균
경기도 부천시,2024-06,15,170,90,86,31541,12519,19022,1대당 1일평균
경기도 광명시,2024-06,12,190,97,104,32855,11536,21320,1대당 1일평균
경기도 평택시,2024-06,20,201,111,96,35019,13370,21650,1대당 1일평균
경기도 동두천시,2024-06,19,173,77,97,36083,9543,26540,1대당 1일평균
경기도 안산시,2024-06,19,181,101,88,32866,13656,19210,1대당 1일평균
경기도 고양시,2024-06,15,191,114,77,33047,13129,19918,1대당 1일평균
경기도 과천시,2024-06,16,199,110,89,34208,13288,20920,1대당 1일평균
경기도 구리시,2024-06,16,202,109,114,34059,12750,21308,1대당 1일평균
경기도 남양주시,2024-06,18,213,117,96,35497,13212,22285,1대당 1일평균
경기도 오산시,2024-06,15,185,100,84,32156,12839,19317,1대당 1일평균
경기도 시흥시,2024-06,16,187,103,85,33054,12406,20648,1대당 1일평균
경기도 군포시,2024-06,15,176,96,81,32863,11999,20864,1대당 1일평균
경기도 의왕시,2024-06,15,177,99,80,32527,12476,20051,1대당 1일평균
경기도 하남시,2024-06,15,197,102,96,32291,12176,20115,1대당 1일평균
경기도 용인시,2024-06,14,215,120,111,33533,13332,20201,1대당 1일평균
경기도 파주시,2024-06,17,268,134,134,39199,13233,25966,1대당 1일평균
경기도 이천시,2024-06,17,214,103,112,36179,11481,24698,1대당 1일평균
경기도 안성시,2024-06,15,211,96,139,33074,10379,22695,1대당 1일평균
경기도 김포시,2024-06,15,225,125,120,34454,13401,21053,1대당 1일평균
경기도 화성시,2024-06,15,243,131,137,34207,14393,19813,1대당 1일평균
경기도 광주시,2024-06,15,212,112,101,33405,12256,21149,1대당 1일평균
경기도 양주시,2024-06,17,199,109,90,32156,12177,19979,1대당 1일평균
경기도 포천시,2024-06,16,228,99,130,34468,10020,24448,1대당 1일평균
경기도 여주시,2024-06,17,214,93,127,34405,9886,24518,1대당 1일평균
경기도 연천군,2024-06,17,275,119,256,30585,9979,20606,1대당 1일평균
경기도 가평군,2024-06,20,264,125,139,35117,11362,23756,1대당 1일평균
경기도 양평군,2024-06,16,223,94,129,34296,9290,25006,1대당 1일평균
강원특별자치도 춘천시,2024-06,26,166,85,82,32876,12973,19904,1대당 1일평균
강원특별자치도 원주시,2024-06,23,175,91,113,33610,11889,21721,1대당 1일평균
강원특별자치도 강릉시,2024-06,25,180,98,82,32706,13113,19593,1대당 1일평균
강원특별자치도 동해시,2024-06,21,153,72,81,32265,8637,23628,1대당 1일평균
강원특별자치도 태백시,2024-06,23,186,80,106,32021,8295,23726,1대당 1일평균
강원특별자치도 속초시,2024-06,27,170,84,87,32232,11473,20759,1대당 1일평균
강원특별자치도 삼척시,2024-06,25,159,69,90,35548,8431,27117,1대당 1일평균
강원특별자치도 홍천군,2024-06,22,194,81,113,38051,8489,29562,1대당 1일평균
강원특별자치도 횡성군,2024-06,15,219,76,144,34810,7113,27698,1대당 1일평균
강원특별자치도 영월군,2024-06,18,190,55,135,30772,5922,24850,1대당 1일평균
강원특별자치도 평창군,2024-06,11,248,94,153,23397,6953,16444,1대당 1일평균
강원특별자치도 정선군,2024-06,16,245,84,162,33595,6803,26791,1대당 1일평균
강원특별자치도 철원군,2024-06,14,189,82,106,29646,6761,22884,1대당 1일평균
강원특별자치도 화천군,2024-06,14,195,80,115,29386,6386,23001,1대당 1일평균
강원특별자치도 양구군,2024-06,15,229,100,129,26525,7452,19073,1대당 1일평균
강원특별자치도 인제군,2024-06,12,231,97,134,29451,6614,22836,1대당 1일평균
강원특별자치도 고성군,2024-06,11,234,89,145,38059,7767,30292,1대당 1일평균
강원특별자치도 양양군,2024-06,14,243,104,139,36781,8260,28522,1대당 1일평균
충청북도 청주시,2024-06,19,186,96,90,32194,13104,19091,1대당 1일평균
충청북도 충주시,2024-06,21,172,75,97,32146,9720,22426,1대당 1일평균
충청북도 제천시,2024-06,21,162,70,94,28030,9328,18702,1대당 1일평균
충청북도 보은군,2024-06,6,168,51,117,22849,5592,17257,1대당 1일평균
충청북도 옥천군,2024-06,16,166,57,109,32810,6656,26155,1대당 1일평균
충청북도 영동군,2024-06,13,172,56,116,30516,5470,25046,1대당 1일평균
충청북도 증평군,2024-06,13,178,56,123,33879,6556,27323,1대당 1일평균
충청북도 진천군,2024-06,19,245,101,146,36264,9834,26431,1대당 1일평균
충청북도 괴산군,2024-06,10,209,85,125,23601,8764,14836,1대당 1일평균
충청북도 음성군,2024-06,18,252,103,149,38510,9391,29120,1대당 1일평균
충청북도 단양군,2024-06,12,182,62,124,29562,6111,23451,1대당 1일평균
충청남도 천안시,2024-06,24,211,119,93,36320,16001,20319,1대당 1일평균
충청남도 공주시,2024-06,14,188,68,120,36066,7452,28614,1대당 1일평균
충청남도 보령시,2024-06,17,167,69,130,36903,7755,29148,1대당 1일평균
충청남도 아산시,2024-06,19,209,108,101,34719,11949,22770,1대당 1일평균
충청남도 서산시,2024-06,25,218,102,127,45054,12295,32759,1대당 1일평균
충청남도 논산시,2024-06,16,172,73,99,35645,7836,27809,1대당 1일평균
충청남도 계룡시,2024-06,19,208,92,116,34114,9668,24446,1대당 1일평균
충청남도 당진시,2024-06,18,230,88,142,35226,8921,26306,1대당 1일평균
충청남도 금산군,2024-06,9,159,48,111,31865,4975,26890,1대당 1일평균
충청남도 부여군,2024-06,9,147,53,94,34574,5396,29178,1대당 1일평균
충청남도 서천군,2024-06,11,194,68,127,27287,6237,21050,1대당 1일평균
충청남도 청양군,2024-06,5,139,33,106,28626,2915,25711,1대당 1일평균
충청남도 홍성군,2024-06,17,180,71,109,37542,7558,29984,1대당 1일평균
충청남도 예산군,2024-06,16,196,68,128,36679,6708,29971,1대당 1일평균
충청남도 태안군,2024-06,11,172,53,119,32083,5315,26768,1대당 1일평균
전북특별자치도 전주시,2024-06,21,172,89,83,32495,13336,19159,1대당 1일평균
전북특별자치도 군산시,2024-06,21,178,84,94,31699,10772,20927,1대당 1일평균
전북특별자치도 익산시,2024-06,21,175,82,92,34093,10421,23672,1대당 1일평균
전북특별자치도 정읍시,2024-06,16,161,58,104,31716,6839,24877,1대당 1일평균
전북특별자치도 남원시,2024-06,16,151,54,98,33406,6237,27169,1대당 1일평균
전북특별자치도 김제시,2024-06,13,159,50,109,26776,5829,20947,1대당 1일평균
전북특별자치도 완주군,2024-06,12,212,84,128,32431,8895,23536,1대당 1일평균
전북특별자치도 진안군,2024-06,8,228,66,163,27366,6795,20571,1대당 1일평균
전북특별자치도 무주군,2024-06,7,175,57,118,18978,4994,13984,1대당 1일평균
전북특별자치도 장수군,2024-06,4,250,55,195,22554,5212,17342,1대당 1일평균
전북특별자치도 임실군,2024-06,6,194,70,125,21179,6293,14886,1대당 1일평균
전북특별자치도 순창군,2024-06,7,182,62,123,27809,6111,21698,1대당 1일평균
전북특별자치도 고창군,2024-06,12,205,60,145,28444,5296,23148,1대당 1일평균
전북특별자치도 부안군,2024-06,10,177,57,120,28199,5623,22575,1대당 1일평균
전라남도 목포시,2024-06,22,176,79,97,31413,11541,19872,1대당 1일평균
전라남도 여수시,2024-06,23,192,100,91,33380,12473,20906,1대당 1일평균
전라남도 순천시,2024-06,25,207,104,103,37371,13107,24264,1대당 1일평균
전라남도 나주시,2024-06,12,226,77,149,28770,7112,21658,1대당 1일평균
전라남도 광양시,2024-06,21,194,98,112,36400,10997,25404,1대당 1일평균
전라남도 담양군,2024-06,8,169,58,111,26671,5647,21024,1대당 1일평균
전라남도 곡성군,2024-06,5,175,48,127,23696,3980,19716,1대당 1일평균
전라남도 구례군,2024-06,9,177,43,134,31081,3761,27320,1대당 1일평균
전라남도 고흥군,2024-06,7,181,48,133,22391,4596,17795,1대당 1일평균
전라남도 보성군,2024-06,9,214,70,144,21753,5806,15947,1대당 1일평균
전라남도 화순군,2024-06,15,157,62,95,35170,6821,28349,1대당 1일평균
전라남도 장흥군,2024-06,7,202,53,149,25017,4728,20289,1대당 1일평균
전라남도 강진군,2024-06,9,202,52,150,24748,4978,19770,1대당 1일평균
전라남도 해남군,2024-06,14,216,70,146,26854,6408,20445,1대당 1일평균
전라남도 영암군,2024-06,9,206,72,134,21525,6189,15336,1대당 1일평균
전라남도 무안군,2024-06,16,223,92,170,28634,9589,19046,1대당 1일평균
전라남도 함평군,2024-06,,,,,,,,1대당 1일평균
전라남도 영광군,2024-06,12,194,60,134,37410,5857,31553,1대당 1일평균
전라남도 장성군,2024-06,8,178,55,123,36074,5127,30947,1대당 1일평균
전라남도 완도군,2024-06,13,188,53,136,27322,5133,22189,1대당 1일평균
전라남도 진도군,2024-06,6,208,54,154,21678,4546,17133,1대당 1일평균
전라남도 신안군,2024-06,12,177,61,116,21437,6350,15088,1대당 1일평균
경상북도 포항시,2024-06,19,180,90,92,31166,11615,19551,1대당 1일평균
경상북도 경주시,2024-06,19,199,91,109,32432,9940,22492,1대당 1일평균
경상북도 김천시,2024-06,17,172,82,91,34672,8711,25961,1대당 1일평균
경상북도 안동시,2024-06,20,177,79,97,31135,9518,21618,1대당 1일평균
경상북도 구미시,2024-06,23,206,111,95,36366,13786,22580,1대당 1일평균
경상북도 영주시,2024-06,20,145,57,88,30412,7820,22593,1대당 1일평균
경상북도 영천시,2024-06,16,160,60,100,27155,7249,19906,1대당 1일평균
경상북도 상주시,2024-06,13,134,40,94,33608,5202,28407,1대당 1일평균
경상북도 문경시,2024-06,18,161,63,97,35920,7054,28866,1대당 1일평균
경상북도 경산시,2024-06,16,192,92,100,32938,10728,22210,1대당 1일평균
경상북도 의성군,2024-06,5,187,40,148,22519,3568,18951,1대당 1일평균
경상북도 청송군,2024-06,6,167,57,110,18903,5183,13720,1대당 1일평균
경상북도 영양군,2024-06,6,192,72,121,19947,6472,13475,1대당 1일평균
경상북도 영덕군,2024-06,9,163,53,110,15009,4824,10185,1대당 1일평균
경상북도 청도군,2024-06,6,136,43,93,19930,4597,15332,1대당 1일평균
경상북도 고령군,2024-06,9,276,102,174,35032,7943,27088,1대당 1일평균
경상북도 성주군,2024-06,9,236,79,157,24696,7409,17287,1대당 1일평균
경상북도 칠곡군,2024-06,18,202,92,110,32564,9349,23215,1대당 1일평균
경상북도 예천군,2024-06,8,180,44,136,23789,3901,19888,1대당 1일평균
경상북도 봉화군,2024-06,4,189,44,145,19902,3652,16249,1대당 1일평균
경상북도 울진군,2024-06,10,181,49,132,22696,4191,18505,1대당 1일평균
경상북도 울릉군,2024-06,11,172,39,134,27288,5730,21558,1대당 1일평균
경상남도 창원시,2024-06,19,193,94,110,32198,11531,20667,1대당 1일평균
경상남도 진주시,2024-06,23,192,97,95,34435,11890,22545,1대당 1일평균
경상남도 통영시,2024-06,22,201,88,127,34431,10721,23710,1대당 1일평균
경상남도 사천시,2024-06,21,182,74,109,34856,8482,26374,1대당 1일평균
경상남도 김해시,2024-06,21,198,101,122,34102,12683,21419,1대당 1일평균
경상남도 밀양시,2024-06,16,163,62,100,29178,7168,22009,1대당 1일평균
경상남도 거제시,2024-06,25,218,114,104,38830,12928,25902,1대당 1일평균
경상남도 양산시,2024-06,23,212,100,112,38612,11888,26723,1대당 1일평균
경상남도 의령군,2024-06,5,140,41,99,15506,3463,12042,1대당 1일평균
경상남도 함안군,2024-06,10,182,66,116,26203,6591,19612,1대당 1일평균
경상남도 창녕군,2024-06,6,172,48,124,25557,4669,20889,1대당 1일평균
경상남도 고성군,2024-06,10,163,54,109,25326,5872,19454,1대당 1일평균
경상남도 남해군,2024-06,7,157,47,110,22814,4400,18414,1대당 1일평균
경상남도 하동군,2024-06,5,182,43,139,18045,4267,13778,1대당 1일평균
경상남도 산청군,2024-06,8,191,75,116,17455,6374,11081,1대당 1일평균
경상남도 함양군,2024-06,8,171,38,133,23040,3691,19348,1대당 1일평균
경상남도 거창군,2024-06,15,173,55,118,25992,6043,19949,1대당 1일평균
경상남도 합천군,2024-06,5,193,46,146,20577,4076,16501,1대당 1일평균
제주특별자치도,2024-06,18,200,108,99,30599,12980,17620,1대당 1일평균
서울특별시,2024-07,15,210,125,22033,34123,16712,17411,1대당 1일평균
부산광역시,2024-07,16,172,96,76,32112,13341,18771,1대당 1일평균
대구광역시,2024-07,15,159,80,79,30898,11304,19594,1대당 1일평균
인천광역시,2024-07,15,196,110,87,33598,13541,20057,1대당 1일평균
광주광역시,2024-07,20,186,110,76,33912,15054,18858,1대당 1일평균
대전광역시,2024-07,19,173,96,84,33341,14145,19196,1대당 1일평균
울산광역시,2024-07,19,188,98,97,32907,12151,20756,1대당 1일평균
세종특별자치시,2024-07,18,248,121,127,35747,12458,23290,1대당 1일평균
경기도 수원시,2024-07,18,188,111,79,34356,15290,19066,1대당 1일평균
경기도 성남시,2024-07,17,204,112,93,33619,13403,20215,1대당 1일평균
경기도 의정부시,2024-07,20,204,108,112,36462,14574,21888,1대당 1일평균
경기도 안양시,2024-07,17,186,104,89,34910,13524,21386,1대당 1일평균
경기도 부천시,2024-07,15,166,87,84,31600,12567,19033,1대당 1일평균
경기도 광명시,2024-07,12,188,95,107,33015,11488,21527,1대당 1일평균
경기도 평택시,2024-07,20,195,107,91,34789,13057,21732,1대당 1일평균
경기도 동두천시,2024-07,19,170,76,100,35960,9455,26505,1대당 1일평균
경기도 안산시,2024-07,19,176,98,89,32958,13531,19427,1대당 1일평균
경기도 고양시,2024-07,15,187,112,75,32971,13159,19813,1대당 1일평균
경기도 과천시,2024-07,16,196,108,88,35003,13387,21616,1대당 1일평균
경기도 구리시,2024-07,16,200,104,125,33717,12494,21224,1대당 1일평균
경기도 남양주시,2024-07,16,191,103,89,33317,11953,21363,1대당 1일평균
경기도 오산시,2024-07,15,180,97,82,31986,12588,19399,1대당 1일평균
경기도 시흥시,2024-07,16,183,100,87,33090,12349,20741,1대당 1일평균
경기도 군포시,2024-07,15,175,94,81,33152,12004,21148,1대당 1일평균
경기도 의왕시,2024-07,15,173,96,81,32625,12333,20292,1대당 1일평균
경기도 하남시,2024-07,15,196,102,94,32994,12391,20603,1대당 1일평균
경기도 용인시,2024-07,14,214,118,110,34003,13255,20749,1대당 1일평균
경기도 파주시,2024-07,17,256,129,127,38654,12980,25674,1대당 1일평균
경기도 이천시,2024-07,18,212,103,110,36661,11633,25028,1대당 1일평균
경기도 안성시,2024-07,15,203,92,135,33262,10173,23089,1대당 1일평균
경기도 김포시,2024-07,15,221,121,115,34669,13232,21436,1대당 1일평균
경기도 화성시,2024-07,15,242,129,148,34700,14470,20229,1대당 1일평균
경기도 광주시,2024-07,15,206,108,98,33393,11975,21418,1대당 1일평균
경기도 양주시,2024-07,16,192,105,87,32212,11950,20262,1대당 1일평균
경기도 포천시,2024-07,15,217,95,122,34549,9783,24766,1대당 1일평균
경기도 여주시,2024-07,17,207,91,129,34299,9711,24588,1대당 1일평균
경기도 연천군,2024-07,18,284,121,285,31487,10454,21033,1대당 1일평균
경기도 가평군,2024-07,19,272,131,142,35327,11704,23623,1대당 1일평균
경기도 양평군,2024-07,16,217,91,130,34346,8985,25362,1대당 1일평균
강원특별자치도 춘천시,2024-07,24,160,80,82,32720,12256,20464,1대당 1일평균
강원특별자치도 원주시,2024-07,23,170,86,100,33793,11602,22191,1대당 1일평균
강원특별자치도 강릉시,2024-07,24,175,93,81,32788,12419,20369,1대당 1일평균
강원특별자치도 동해시,2024-07,21,146,71,75,32537,8547,23989,1대당 1일평균
강원특별자치도 태백시,2024-07,24,191,85,106,32425,8850,23574,1대당 1일평균
강원특별자치도 속초시,2024-07,27,167,83,84,32424,11616,20808,1대당 1일평균
강원특별자치도 삼척시,2024-07,24,156,68,88,35789,8392,27397,1대당 1일평균
강원특별자치도 홍천군,2024-07,23,196,82,114,38012,8665,29347,1대당 1일평균
강원특별자치도 횡성군,2024-07,15,206,72,143,34696,6819,27877,1대당 1일평균
강원특별자치도 영월군,2024-07,17,191,57,168,32354,6101,26253,1대당 1일평균
강원특별자치도 평창군,2024-07,10,206,74,132,21004,5779,15224,1대당 1일평균
강원특별자치도 정선군,2024-07,17,251,90,162,33986,7356,26630,1대당 1일평균
강원특별자치도 철원군,2024-07,13,173,73,100,28361,6082,22280,1대당 1일평균
강원특별자치도 화천군,2024-07,14,198,80,117,29944,6596,23348,1대당 1일평균
강원특별자치도 양구군,2024-07,16,221,99,122,27289,7626,19663,1대당 1일평균
강원특별자치도 인제군,2024-07,13,224,93,131,29161,6382,22779,1대당 1일평균
강원특별자치도 고성군,2024-07,11,241,85,156,38034,7319,30715,1대당 1일평균
강원특별자치도 양양군,2024-07,15,258,120,137,37488,9118,28370,1대당 1일평균
충청북도 청주시,2024-07,19,182,95,88,32462,13052,19410,1대당 1일평균
충청북도 충주시,2024-07,20,166,71,95,32247,9296,22951,1대당 1일평균
충청북도 제천시,2024-07,21,163,67,97,28618,9139,19479,1대당 1일평균
충청북도 보은군,2024-07,6,161,48,113,23575,5234,18342,1대당 1일평균
충청북도 옥천군,2024-07,16,163,55,108,33820,6658,27162,1대당 1일평균
충청북도 영동군,2024-07,13,165,55,110,31367,5325,26042,1대당 1일평균
충청북도 증평군,2024-07,14,178,59,121,35085,7000,28084,1대당 1일평균
충청북도 진천군,2024-07,19,248,105,143,36233,10180,26053,1대당 1일평균
충청북도 괴산군,2024-07,8,196,77,118,22385,7813,14572,1대당 1일평균
충청북도 음성군,2024-07,19,256,106,150,41459,9681,31779,1대당 1일평균
충청북도 단양군,2024-07,11,175,57,130,29563,5624,23939,1대당 1일평균
충청남도 천안시,2024-07,23,205,115,92,36328,15458,20870,1대당 1일평균
충청남도 공주시,2024-07,15,190,68,122,37471,7568,29903,1대당 1일평균
충청남도 보령시,2024-07,19,183,81,130,38851,8818,30033,1대당 1일평균
충청남도 아산시,2024-07,19,205,105,99,35089,11820,23269,1대당 1일평균
충청남도 서산시,2024-07,25,219,99,131,44582,12120,32462,1대당 1일평균
충청남도 논산시,2024-07,16,172,73,99,35690,8036,27654,1대당 1일평균
충청남도 계룡시,2024-07,20,211,95,116,34656,9945,24711,1대당 1일평균
충청남도 당진시,2024-07,16,198,77,120,35549,8362,27187,1대당 1일평균
충청남도 금산군,2024-07,10,160,50,110,32500,5382,27118,1대당 1일평균
충청남도 부여군,2024-07,9,143,52,92,34463,5357,29106,1대당 1일평균
충청남도 서천군,2024-07,12,186,65,120,30301,6153,24148,1대당 1일평균
충청남도 청양군,2024-07,5,133,32,101,28844,2799,26046,1대당 1일평균
충청남도 홍성군,2024-07,17,170,68,103,37596,7511,30085,1대당 1일평균
충청남도 예산군,2024-07,16,194,67,127,37246,6606,30641,1대당 1일평균
충청남도 태안군,2024-07,12,155,54,101,35282,5836,29446,1대당 1일평균
전북특별자치도 전주시,2024-07,21,168,86,82,32700,13181,19519,1대당 1일평균
전북특별자치도 군산시,2024-07,22,173,82,92,31981,10821,21160,1대당 1일평균
전북특별자치도 익산시,2024-07,20,168,79,90,33953,10140,23813,1대당 1일평균
전북특별자치도 정읍시,2024-07,16,159,57,103,32469,6823,25647,1대당 1일평균
전북특별자치도 남원시,2024-07,16,150,53,98,33944,6273,27671,1대당 1일평균
전북특별자치도 김제시,2024-07,14,159,50,109,27488,5872,21617,1대당 1일평균
전북특별자치도 완주군,2024-07,11,202,79,122,32567,8531,24036,1대당 1일평균
전북특별자치도 진안군,2024-07,9,224,71,153,29066,7587,21479,1대당 1일평균
전북특별자치도 무주군,2024-07,6,162,49,113,18719,4478,14240,1대당 1일평균
전북특별자치도 장수군,2024-07,4,250,51,200,21983,4772,17211,1대당 1일평균
전북특별자치도 임실군,2024-07,6,193,68,125,21738,6297,15441,1대당 1일평균
전북특별자치도 순창군,2024-07,7,177,59,125,27848,5737,22112,1대당 1일평균
전북특별자치도 고창군,2024-07,11,190,57,133,28115,4836,23279,1대당 1일평균
전북특별자치도 부안군,2024-07,9,171,52,119,31779,4952,26827,1대당 1일평균
전라남도 목포시,2024-07,22,173,78,96,31981,11609,20372,1대당 1일평균
전라남도 여수시,2024-07,24,193,102,91,34190,12868,21322,1대당 1일평균
전라남도 순천시,2024-07,25,200,102,98,37022,13055,23968,1대당 1일평균
전라남도 나주시,2024-07,12,218,74,144,29332,6994,22338,1대당 1일평균
전라남도 광양시,2024-07,21,192,98,116,36894,11141,25752,1대당 1일평균
전라남도 담양군,2024-07,8,164,58,106,27597,5762,21835,1대당 1일평균
전라남도 곡성군,2024-07,5,169,45,124,24929,3848,21081,1대당 1일평균
전라남도 구례군,2024-07,9,166,36,130,32008,3315,28693,1대당 1일평균
전라남도 고흥군,2024-07,7,175,45,130,24388,4382,20006,1대당 1일평균
전라남도 보성군,2024-07,9,211,66,145,22227,5721,16505,1대당 1일평균
전라남도 화순군,2024-07,16,158,62,96,35934,6878,29056,1대당 1일평균
전라남도 장흥군,2024-07,7,202,52,150,26174,4572,21602,1대당 1일평균
전라남도 강진군,2024-07,9,201,48,153,25518,4607,20911,1대당 1일평균
전라남도 해남군,2024-07,14,208,66,142,27136,6124,21012,1대당 1일평균
전라남도 영암군,2024-07,9,210,73,137,22425,6185,16240,1대당 1일평균
전라남도 무안군,2024-07,16,215,89,174,28949,9373,19576,1대당 1일평균
전라남도 함평군,2024-07,,,,,,,,1대당 1일평균
전라남도 영광군,2024-07,12,193,58,135,37766,5742,32024,1대당 1일평균
전라남도 장성군,2024-07,9,180,57,122,36289,5260,31030,1대당 1일평균
전라남도 완도군,2024-07,13,179,48,131,27939,4889,23049,1대당 1일평균
전라남도 진도군,2024-07,6,203,54,149,22293,4727,17566,1대당 1일평균
전라남도 신안군,2024-07,11,163,56,107,19740,5994,13746,1대당 1일평균
경상북도 포항시,2024-07,19,178,89,90,31659,11623,20037,1대당 1일평균
경상북도 경주시,2024-07,19,200,91,111,32975,10039,22936,1대당 1일평균
경상북도 김천시,2024-07,16,169,79,90,35127,8464,26663,1대당 1일평균
경상북도 안동시,2024-07,20,171,75,96,30902,9195,21707,1대당 1일평균
경상북도 구미시,2024-07,23,205,111,94,36630,13998,22632,1대당 1일평균
경상북도 영주시,2024-07,20,142,56,86,30617,7858,22760,1대당 1일평균
경상북도 영천시,2024-07,17,161,61,99,27639,7432,20208,1대당 1일평균
경상북도 상주시,2024-07,14,137,41,96,33918,5501,28418,1대당 1일평균
경상북도 문경시,2024-07,17,154,58,96,36095,6755,29340,1대당 1일평균
경상북도 경산시,2024-07,16,187,89,98,33528,10653,22875,1대당 1일평균
경상북도 의성군,2024-07,5,180,39,141,23587,3548,20039,1대당 1일평균
경상북도 청송군,2024-07,6,168,58,110,19604,5436,14168,1대당 1일평균
경상북도 영양군,2024-07,6,201,75,126,21181,6813,14368,1대당 1일평균
경상북도 영덕군,2024-07,9,159,53,105,14882,4747,10135,1대당 1일평균
경상북도 청도군,2024-07,7,138,44,95,21173,4748,16426,1대당 1일평균
경상북도 고령군,2024-07,8,253,91,161,36113,7533,28580,1대당 1일평균
경상북도 성주군,2024-07,9,227,77,150,24145,6976,17169,1대당 1일평균
경상북도 칠곡군,2024-07,18,202,90,112,32984,9308,23676,1대당 1일평균
경상북도 예천군,2024-07,8,186,47,140,25215,4040,21176,1대당 1일평균
경상북도 봉화군,2024-07,4,204,45,158,22651,4004,18648,1대당 1일평균
경상북도 울진군,2024-07,11,191,53,138,24878,4491,20387,1대당 1일평균
경상북도 울릉군,2024-07,10,136,33,103,25241,4888,20352,1대당 1일평균
경상남도 창원시,2024-07,19,193,93,108,32897,11590,21307,1대당 1일평균
경상남도 진주시,2024-07,23,188,95,93,34738,11873,22865,1대당 1일평균
경상남도 통영시,2024-07,22,199,86,113,34671,10590,24081,1대당 1일평균
경상남도 사천시,2024-07,21,183,76,109,35450,8807,26643,1대당 1일평균
경상남도 김해시,2024-07,22,202,103,130,34461,13132,21329,1대당 1일평균
경상남도 밀양시,2024-07,17,163,63,100,29749,7265,22484,1대당 1일평균
경상남도 거제시,2024-07,26,219,116,103,39172,13389,25783,1대당 1일평균
경상남도 양산시,2024-07,24,211,102,109,38719,12310,26409,1대당 1일평균
경상남도 의령군,2024-07,5,142,42,100,16468,3471,12997,1대당 1일평균
경상남도 함안군,2024-07,10,179,65,115,26943,6480,20462,1대당 1일평균
경상남도 창녕군,2024-07,7,168,46,122,25905,4475,21430,1대당 1일평균
경상남도 고성군,2024-07,10,163,54,109,26227,5838,20389,1대당 1일평균
경상남도 남해군,2024-07,6,149,44,105,24318,3956,20362,1대당 1일평균
경상남도 하동군,2024-07,5,174,41,133,17916,4058,13858,1대당 1일평균
경상남도 산청군,2024-07,9,187,75,112,17743,6231,11512,1대당 1일평균
경상남도 함양군,2024-07,10,181,39,142,27832,3968,23864,1대당 1일평균
경상남도 거창군,2024-07,15,167,54,114,26910,6091,20819,1대당 1일평균
경상남도 합천군,2024-07,5,189,45,144,21183,4517,16666,1대당 1일평균
제주특별자치도,2024-07,18,200,108,97,31352,13151,18201,1대당 1일평균
서울특별시,2024-08,15,213,127,22134,34412,16982,17430,1대당 1일평균
부산광역시,2024-08,17,176,100,75,32435,13954,18481,1대당 1일평균
대구광역시,2024-08,15,159,80,80,30944,11133,19811,1대당 1일평균
인천광역시,2024-08,16,201,114,88,33997,13917,20080,1대당 1일평균
광주광역시,2024-08,21,188,112,77,34124,15151,18973,1대당 1일평균
대전광역시,2024-08,20,176,98,82,33610,14392,19217,1대당 1일평균
울산광역시,2024-08,19,188,97,94,33000,12067,20933,1대당 1일평균
세종특별자치시,2024-08,18,243,118,125,35998,12202,23796,1대당 1일평균
경기도 수원시,2024-08,18,191,114,78,34739,15555,19184,1대당 1일평균
경기도 성남시,2024-08,17,206,113,95,33905,13496,20409,1대당 1일평균
경기도 의정부시,2024-08,21,209,110,114,36924,14793,22131,1대당 1일평균
경기도 안양시,2024-08,17,188,105,90,35221,13701,21520,1대당 1일평균
경기도 부천시,2024-08,16,171,90,85,32034,12919,19115,1대당 1일평균
경기도 광명시,2024-08,12,195,98,115,33748,11845,21903,1대당 1일평균
경기도 평택시,2024-08,21,201,111,92,35372,13587,21785,1대당 1일평균
경기도 동두천시,2024-08,20,177,79,99,36770,9905,26864,1대당 1일평균
경기도 안산시,2024-08,20,181,101,87,33137,13847,19290,1대당 1일평균
경기도 고양시,2024-08,15,190,114,76,33125,13307,19818,1대당 1일평균
경기도 과천시,2024-08,17,197,108,89,35420,13390,22029,1대당 1일평균
경기도 구리시,2024-08,16,206,105,135,34551,12511,22040,1대당 1일평균
경기도 남양주시,2024-08,17,206,112,96,35211,12888,22323,1대당 1일평균
경기도 오산시,2024-08,15,185,100,85,32459,12874,19585,1대당 1일평균
경기도 시흥시,2024-08,17,187,103,85,33569,12587,20982,1대당 1일평균
경기도 군포시,2024-08,16,176,95,81,33188,12116,21072,1대당 1일평균
경기도 의왕시,2024-08,16,178,100,80,33237,12719,20518,1대당 1일평균
경기도 하남시,2024-08,16,195,101,94,32908,12348,20560,1대당 1일평균
경기도 용인시,2024-08,15,218,121,109,34112,13549,20563,1대당 1일평균
경기도 파주시,2024-08,17,259,130,129,39004,13118,25887,1대당 1일평균
경기도 이천시,2024-08,18,216,105,113,37089,11892,25197,1대당 1일평균
경기도 안성시,2024-08,15,208,95,139,34078,10336,23742,1대당 1일평균
경기도 김포시,2024-08,15,229,126,108,35847,13659,22188,1대당 1일평균
경기도 화성시,2024-08,15,245,131,158,34681,14560,20120,1대당 1일평균
경기도 광주시,2024-08,15,211,111,100,33997,12378,21619,1대당 1일평균
경기도 양주시,2024-08,17,199,109,92,33078,12354,20725,1대당 1일평균
경기도 포천시,2024-08,16,225,99,127,35440,10145,25295,1대당 1일평균
경기도 여주시,2024-08,17,208,91,132,35137,9804,25333,1대당 1일평균
경기도 연천군,2024-08,19,294,127,334,32691,11030,21661,1대당 1일평균
경기도 가평군,2024-08,21,296,151,145,36764,13826,22938,1대당 1일평균
경기도 양평군,2024-08,17,228,97,144,36064,9667,26397,1대당 1일평균
강원특별자치도 춘천시,2024-08,23,160,76,85,33241,11600,21641,1대당 1일평균
강원특별자치도 원주시,2024-08,22,168,83,95,34672,10956,23715,1대당 1일평균
강원특별자치도 강릉시,2024-08,25,183,100,82,33882,13382,20500,1대당 1일평균
강원특별자치도 동해시,2024-08,20,143,70,73,33306,8306,25000,1대당 1일평균
강원특별자치도 태백시,2024-08,22,186,81,106,32505,8417,24087,1대당 1일평균
강원특별자치도 속초시,2024-08,27,173,89,85,33426,12612,20814,1대당 1일평균
강원특별자치도 삼척시,2024-08,22,153,66,87,35706,7902,27804,1대당 1일평균
강원특별자치도 홍천군,2024-08,22,200,83,117,38318,8687,29631,1대당 1일평균
강원특별자치도 횡성군,2024-08,16,216,85,245,39586,7868,31719,1대당 1일평균
강원특별자치도 영월군,2024-08,17,198,61,189,34028,6377,27651,1대당 1일평균
강원특별자치도 평창군,2024-08,12,239,92,147,24673,7263,17410,1대당 1일평균
강원특별자치도 정선군,2024-08,19,259,91,168,34234,7783,26451,1대당 1일평균
강원특별자치도 철원군,2024-08,14,185,80,105,29939,6707,23232,1대당 1일평균
강원특별자치도 화천군,2024-08,15,211,87,124,30900,7064,23836,1대당 1일평균
강원특별자치도 양구군,2024-08,17,231,102,129,30026,7931,22096,1대당 1일평균
강원특별자치도 인제군,2024-08,13,254,104,150,31135,7047,24088,1대당 1일평균
강원특별자치도 고성군,2024-08,12,257,98,159,38187,8468,29719,1대당 1일평균
강원특별자치도 양양군,2024-08,20,323,168,156,40823,12135,28688,1대당 1일평균
충청북도 청주시,2024-08,19,183,94,89,32626,12929,19698,1대당 1일평균
충청북도 충주시,2024-08,20,163,71,92,32269,9143,23126,1대당 1일평균
충청북도 제천시,2024-08,21,167,68,105,28967,9201,19766,1대당 1일평균
충청북도 보은군,2024-08,7,167,51,116,25500,5374,20127,1대당 1일평균
충청북도 옥천군,2024-08,17,164,57,107,34329,6892,27437,1대당 1일평균
충청북도 영동군,2024-08,13,169,57,113,32521,5416,27104,1대당 1일평균
충청북도 증평군,2024-08,14,182,58,126,35518,6814,28704,1대당 1일평균
충청북도 진천군,2024-08,20,251,110,142,36556,10554,26001,1대당 1일평균
충청북도 괴산군,2024-08,9,208,83,125,24099,8388,15711,1대당 1일평균
충청북도 음성군,2024-08,18,247,104,143,38934,9547,29387,1대당 1일평균
충청북도 단양군,2024-08,12,185,64,147,31130,6486,24644,1대당 1일평균
충청남도 천안시,2024-08,24,207,117,92,36423,15793,20630,1대당 1일평균
충청남도 공주시,2024-08,15,196,72,124,37837,7845,29992,1대당 1일평균
충청남도 보령시,2024-08,20,177,81,96,38156,9041,29115,1대당 1일평균
충청남도 아산시,2024-08,19,207,107,100,35152,11942,23210,1대당 1일평균
충청남도 서산시,2024-08,25,226,97,179,43924,11981,31944,1대당 1일평균
충청남도 논산시,2024-08,16,169,72,98,35656,7856,27801,1대당 1일평균
충청남도 계룡시,2024-08,20,207,92,115,35343,9758,25585,1대당 1일평균
충청남도 당진시,2024-08,18,193,81,111,36994,8855,28139,1대당 1일평균
충청남도 금산군,2024-08,10,163,50,112,32502,5238,27264,1대당 1일평균
충청남도 부여군,2024-08,9,141,50,91,34040,5136,28904,1대당 1일평균
충청남도 서천군,2024-08,12,195,65,131,33466,5996,27470,1대당 1일평균
충청남도 청양군,2024-08,6,133,36,97,29181,3173,26009,1대당 1일평균
충청남도 홍성군,2024-08,17,167,66,101,37445,7209,30236,1대당 1일평균
충청남도 예산군,2024-08,16,191,66,125,36833,6570,30263,1대당 1일평균
충청남도 태안군,2024-08,13,159,57,103,35968,6137,29830,1대당 1일평균
전북특별자치도 전주시,2024-08,22,170,87,83,33302,13342,19960,1대당 1일평균
전북특별자치도 군산시,2024-08,22,175,84,92,32107,10933,21175,1대당 1일평균
전북특별자치도 익산시,2024-08,21,173,81,92,34717,10459,24258,1대당 1일평균
전북특별자치도 정읍시,2024-08,17,160,57,102,33077,6942,26134,1대당 1일평균
전북특별자치도 남원시,2024-08,16,152,54,98,33703,6369,27334,1대당 1일평균
전북특별자치도 김제시,2024-08,14,154,49,106,28111,5854,22257,1대당 1일평균
전북특별자치도 완주군,2024-08,12,206,81,127,33244,8717,24527,1대당 1일평균
전북특별자치도 진안군,2024-08,9,217,75,142,29514,7951,21563,1대당 1일평균
전북특별자치도 무주군,2024-08,7,175,53,122,20197,4734,15463,1대당 1일평균
전북특별자치도 장수군,2024-08,4,242,53,190,21849,5020,16829,1대당 1일평균
전북특별자치도 임실군,2024-08,6,196,70,126,21847,6229,15618,1대당 1일평균
전북특별자치도 순창군,2024-08,7,179,60,125,28401,5669,22732,1대당 1일평균
전북특별자치도 고창군,2024-08,11,197,52,145,30184,4994,25190,1대당 1일평균
전북특별자치도 부안군,2024-08,9,174,52,122,32276,4929,27347,1대당 1일평균
전라남도 목포시,2024-08,22,174,78,96,32382,11678,20704,1대당 1일평균
전라남도 여수시,2024-08,25,197,108,89,34580,13654,20926,1대당 1일평균
전라남도 순천시,2024-08,25,201,102,100,37484,12993,24490,1대당 1일평균
전라남도 나주시,2024-08,12,216,76,140,29708,7215,22494,1대당 1일평균
전라남도 광양시,2024-08,21,191,98,108,36811,11070,25742,1대당 1일평균
전라남도 담양군,2024-08,9,172,63,109,28456,6185,22270,1대당 1일평균
전라남도 곡성군,2024-08,5,178,41,137,26548,3685,22863,1대당 1일평균
전라남도 구례군,2024-08,10,178,43,135,33426,3800,29626,1대당 1일평균
전라남도 고흥군,2024-08,6,195,55,141,23888,5061,18827,1대당 1일평균
전라남도 보성군,2024-08,9,218,70,148,22800,5911,16889,1대당 1일평균
전라남도 화순군,2024-08,16,155,62,93,35519,6928,28591,1대당 1일평균
전라남도 장흥군,2024-08,7,202,53,149,26884,4730,22154,1대당 1일평균
전라남도 강진군,2024-08,9,205,51,154,27020,4861,22159,1대당 1일평균
전라남도 해남군,2024-08,14,211,67,144,27695,6321,21374,1대당 1일평균
전라남도 영암군,2024-08,10,208,74,134,22501,6210,16291,1대당 1일평균
전라남도 무안군,2024-08,16,213,90,181,28931,9278,19653,1대당 1일평균
전라남도 함평군,2024-08,,,,,,,,1대당 1일평균
전라남도 영광군,2024-08,12,192,61,131,37319,5857,31461,1대당 1일평균
전라남도 장성군,2024-08,9,180,59,121,35304,5412,29892,1대당 1일평균
전라남도 완도군,2024-08,13,183,49,134,28446,4957,23489,1대당 1일평균
전라남도 진도군,2024-08,6,203,55,147,22239,4693,17546,1대당 1일평균
전라남도 신안군,2024-08,11,172,59,112,21816,6567,15249,1대당 1일평균
경상북도 포항시,2024-08,20,181,91,91,31998,11865,20133,1대당 1일평균
경상북도 경주시,2024-08,20,208,98,111,33628,10841,22787,1대당 1일평균
경상북도 김천시,2024-08,16,167,78,90,35279,8356,26923,1대당 1일평균
경상북도 안동시,2024-08,20,171,76,95,31122,9267,21855,1대당 1일평균
경상북도 구미시,2024-08,23,205,111,95,36864,13818,23046,1대당 1일평균
경상북도 영주시,2024-08,20,143,56,87,30996,7775,23220,1대당 1일평균
경상북도 영천시,2024-08,17,163,63,100,27960,7537,20423,1대당 1일평균
경상북도 상주시,2024-08,14,133,40,93,33468,5385,28083,1대당 1일평균
경상북도 문경시,2024-08,17,155,59,95,35984,6777,29207,1대당 1일평균
경상북도 경산시,2024-08,17,188,90,97,34225,10877,23348,1대당 1일평균
경상북도 의성군,2024-08,5,180,40,139,23760,3539,20221,1대당 1일평균
경상북도 청송군,2024-08,6,171,54,117,19756,5044,14713,1대당 1일평균
경상북도 영양군,2024-08,7,199,81,117,22056,7475,14582,1대당 1일평균
경상북도 영덕군,2024-08,9,167,57,110,15661,4997,10664,1대당 1일평균
경상북도 청도군,2024-08,6,137,43,94,21356,4442,16914,1대당 1일평균
경상북도 고령군,2024-08,8,254,88,167,26695,7159,19536,1대당 1일평균
경상북도 성주군,2024-08,9,235,80,155,25320,7014,18307,1대당 1일평균
경상북도 칠곡군,2024-08,18,205,92,114,33244,9448,23797,1대당 1일평균
경상북도 예천군,2024-08,9,183,45,139,25492,3918,21574,1대당 1일평균
경상북도 봉화군,2024-08,4,202,47,155,23771,4029,19742,1대당 1일평균
경상북도 울진군,2024-08,12,191,64,127,25273,5361,19911,1대당 1일평균
경상북도 울릉군,2024-08,13,185,47,139,31526,6675,24851,1대당 1일평균
경상남도 창원시,2024-08,19,195,93,110,32938,11555,21383,1대당 1일평균
경상남도 진주시,2024-08,23,188,94,93,35062,11810,23252,1대당 1일평균
경상남도 통영시,2024-08,24,203,90,113,35091,11232,23859,1대당 1일평균
경상남도 사천시,2024-08,22,182,76,106,35654,8889,26765,1대당 1일평균
경상남도 김해시,2024-08,22,205,104,124,34359,13208,21152,1대당 1일평균
경상남도 밀양시,2024-08,17,166,65,101,30111,7531,22580,1대당 1일평균
경상남도 거제시,2024-08,26,221,117,105,39104,13410,25694,1대당 1일평균
경상남도 양산시,2024-08,25,218,111,107,39648,13105,26543,1대당 1일평균
경상남도 의령군,2024-08,6,146,45,101,17431,3899,13532,1대당 1일평균
경상남도 함안군,2024-08,9,175,61,114,27263,6055,21208,1대당 1일평균
경상남도 창녕군,2024-08,7,167,45,122,26533,4415,22118,1대당 1일평균
경상남도 고성군,2024-08,11,166,54,112,28232,6028,22204,1대당 1일평균
경상남도 남해군,2024-08,7,159,47,111,26882,4339,22542,1대당 1일평균
경상남도 하동군,2024-08,5,175,41,134,18476,4079,14397,1대당 1일평균
경상남도 산청군,2024-08,9,205,80,125,19311,6725,12586,1대당 1일평균
경상남도 함양군,2024-08,8,171,39,132,26125,4060,22065,1대당 1일평균
경상남도 거창군,2024-08,15,168,55,113,27530,6141,21389,1대당 1일평균
경상남도 합천군,2024-08,4,189,44,144,23158,4127,19031,1대당 1일평균
제주특별자치도,2024-08,18,209,117,96,31931,13924,18007,1대당 1일평균
서울특별시,2024-09,15,215,128,21767,33966,17107,16859,1대당 1일평균
부산광역시,2024-09,17,176,101,74,31885,14017,17868,1대당 1일평균
대구광역시,2024-09,16,163,85,78,30547,12030,18517,1대당 1일평균
인천광역시,2024-09,16,201,116,86,33375,14325,19050,1대당 1일평균
광주광역시,2024-09,21,191,117,74,33785,16133,17652,1대당 1일평균
대전광역시,2024-09,20,178,101,81,33242,14828,18414,1대당 1일평균
울산광역시,2024-09,19,190,101,92,32570,12638,19933,1대당 1일평균
세종특별자치시,2024-09,18,242,119,123,34671,12328,22342,1대당 1일평균
경기도 수원시,2024-09,18,191,114,79,34025,15762,18263,1대당 1일평균
경기도 성남시,2024-09,17,204,113,91,32998,13709,19289,1대당 1일평균
경기도 의정부시,2024-09,21,210,111,109,36412,15077,21335,1대당 1일평균
경기도 안양시,2024-09,17,190,108,86,34574,14190,20384,1대당 1일평균
경기도 부천시,2024-09,15,171,92,79,31237,13088,18149,1대당 1일평균
경기도 광명시,2024-09,12,197,99,119,32961,12006,20955,1대당 1일평균
경기도 평택시,2024-09,20,200,111,91,34790,13613,21177,1대당 1일평균
경기도 동두천시,2024-09,20,177,81,97,36082,10081,26002,1대당 1일평균
경기도 안산시,2024-09,20,182,103,83,32517,14301,18215,1대당 1일평균
경기도 고양시,2024-09,15,190,114,75,32633,13368,19265,1대당 1일평균
경기도 과천시,2024-09,17,199,111,88,34750,13858,20892,1대당 1일평균
경기도 구리시,2024-09,16,209,107,131,34406,12675,21731,1대당 1일평균
경기도 남양주시,2024-09,18,212,117,97,34904,13346,21558,1대당 1일평균
경기도 오산시,2024-09,15,187,103,84,32035,13275,18759,1대당 1일평균
경기도 시흥시,2024-09,17,187,104,83,32736,12880,19856,1대당 1일평균
경기도 군포시,2024-09,15,176,97,79,32542,12519,20023,1대당 1일평균
경기도 의왕시,2024-09,15,176,100,77,32160,12842,19318,1대당 1일평균
경기도 하남시,2024-09,15,191,100,91,31427,12064,19363,1대당 1일평균
경기도 용인시,2024-09,14,218,120,111,33669,13740,19929,1대당 1일평균
경기도 파주시,2024-09,17,261,135,126,38432,13572,24860,1대당 1일평균
경기도 이천시,2024-09,18,218,107,111,36163,12104,24059,1대당 1일평균
경기도 안성시,2024-09,16,215,99,125,33360,10793,22567,1대당 1일평균
경기도 김포시,2024-09,15,227,123,118,35343,13275,22067,1대당 1일평균
경기도 화성시,2024-09,15,248,133,166,34083,14808,19275,1대당 1일평균
경기도 광주시,2024-09,15,210,112,98,33031,12664,20367,1대당 1일평균
경기도 양주시,2024-09,17,205,113,105,32724,12913,19811,1대당 1일평균
경기도 포천시,2024-09,16,240,104,142,34772,10601,24172,1대당 1일평균
경기도 여주시,2024-09,18,218,99,133,34778,10700,24078,1대당 1일평균
경기도 연천군,2024-09,18,305,134,171,31980,11520,20459,1대당 1일평균
경기도 가평군,2024-09,19,245,118,127,33229,10616,22614,1대당 1일평균
경기도 양평군,2024-09,17,227,96,142,34679,9514,25164,1대당 1일평균
강원특별자치도 춘천시,2024-09,24,160,79,84,32590,12263,20327,1대당 1일평균
강원특별자치도 원주시,2024-09,22,174,88,103,34120,11639,22480,1대당 1일평균
강원특별자치도 강릉시,2024-09,23,168,87,81,31659,11786,19874,1대당 1일평균
강원특별자치도 동해시,2024-09,20,137,67,70,31788,8135,23654,1대당 1일평균
강원특별자치도 태백시,2024-09,22,181,79,103,31413,8178,23235,1대당 1일평균
강원특별자치도 속초시,2024-09,24,160,75,85,30993,10328,20666,1대당 1일평균
강원특별자치도 삼척시,2024-09,23,153,66,87,34957,8087,26870,1대당 1일평균
강원특별자치도 홍천군,2024-09,21,190,78,112,36788,8220,28568,1대당 1일평균
강원특별자치도 횡성군,2024-09,16,235,88,238,36153,8246,27907,1대당 1일평균
강원특별자치도 영월군,2024-09,16,220,58,209,32425,6111,26314,1대당 1일평균
강원특별자치도 평창군,2024-09,10,215,79,136,21767,6159,15608,1대당 1일평균
강원특별자치도 정선군,2024-09,17,239,82,156,33166,6927,26239,1대당 1일평균
강원특별자치도 철원군,2024-09,14,194,84,110,29014,7019,21995,1대당 1일평균
강원특별자치도 화천군,2024-09,14,203,81,122,29214,6614,22600,1대당 1일평균
강원특별자치도 양구군,2024-09,16,230,103,127,27048,7980,19068,1대당 1일평균
강원특별자치도 인제군,2024-09,12,235,100,135,27993,6807,21187,1대당 1일평균
강원특별자치도 고성군,2024-09,11,240,86,154,35520,7082,28438,1대당 1일평균
강원특별자치도 양양군,2024-09,13,205,85,119,32055,6786,25269,1대당 1일평균
충청북도 청주시,2024-09,19,186,99,88,32351,13653,18698,1대당 1일평균
충청북도 충주시,2024-09,21,169,77,92,32097,9893,22204,1대당 1일평균
충청북도 제천시,2024-09,23,178,75,112,28671,10171,18500,1대당 1일평균
충청북도 보은군,2024-09,7,169,50,118,24046,5307,18740,1대당 1일평균
충청북도 옥천군,2024-09,17,175,62,113,33345,7389,25956,1대당 1일평균
충청북도 영동군,2024-09,14,180,61,119,31789,5781,26008,1대당 1일평균
충청북도 증평군,2024-09,14,190,62,133,34729,7206,27522,1대당 1일평균
충청북도 진천군,2024-09,20,257,116,144,37001,11076,25925,1대당 1일평균
충청북도 괴산군,2024-09,11,213,86,127,24031,8822,15209,1대당 1일평균
충청북도 음성군,2024-09,19,265,113,152,39086,10345,28741,1대당 1일평균
충청북도 단양군,2024-09,11,184,61,140,28764,5968,22795,1대당 1일평균
충청남도 천안시,2024-09,24,211,121,91,35738,16444,19293,1대당 1일평균
충청남도 공주시,2024-09,17,201,80,122,37831,9052,28779,1대당 1일평균
충청남도 보령시,2024-09,18,168,73,95,36555,8419,28136,1대당 1일평균
충청남도 아산시,2024-09,20,213,112,101,34712,12548,22164,1대당 1일평균
충청남도 서산시,2024-09,26,229,105,230,44219,12863,31356,1대당 1일평균
충청남도 논산시,2024-09,17,180,78,101,35087,8593,26494,1대당 1일평균
충청남도 계룡시,2024-09,20,217,98,119,35296,10302,24994,1대당 1일평균
충청남도 당진시,2024-09,19,196,88,108,37326,9597,27729,1대당 1일평균
충청남도 금산군,2024-09,11,176,58,118,32216,6025,26190,1대당 1일평균
충청남도 부여군,2024-09,10,154,55,99,34309,5624,28685,1대당 1일평균
충청남도 서천군,2024-09,13,209,74,136,31864,6818,25046,1대당 1일평균
충청남도 청양군,2024-09,6,137,35,102,29078,3223,25855,1대당 1일평균
충청남도 홍성군,2024-09,19,178,74,104,37491,8020,29471,1대당 1일평균
충청남도 예산군,2024-09,17,202,72,130,37159,7226,29933,1대당 1일평균
충청남도 태안군,2024-09,12,164,57,107,34727,6116,28610,1대당 1일평균
전북특별자치도 전주시,2024-09,22,173,92,80,33049,14298,18751,1대당 1일평균
전북특별자치도 군산시,2024-09,22,179,88,91,31792,11518,20274,1대당 1일평균
전북특별자치도 익산시,2024-09,22,175,86,89,33445,11281,22164,1대당 1일평균
전북특별자치도 정읍시,2024-09,18,169,64,105,32593,7684,24909,1대당 1일평균
전북특별자치도 남원시,2024-09,17,160,59,102,33759,6859,26899,1대당 1일평균
전북특별자치도 김제시,2024-09,14,164,54,110,27933,6359,21574,1대당 1일평균
전북특별자치도 완주군,2024-09,12,215,87,128,33046,9468,23578,1대당 1일평균
전북특별자치도 진안군,2024-09,9,239,74,166,28218,7663,20556,1대당 1일평균
전북특별자치도 무주군,2024-09,7,183,59,124,20365,5477,14888,1대당 1일평균
전북특별자치도 장수군,2024-09,4,247,53,194,22204,5262,16942,1대당 1일평균
전북특별자치도 임실군,2024-09,7,208,78,130,22466,7318,15149,1대당 1일평균
전북특별자치도 순창군,2024-09,8,199,70,136,28955,6555,22400,1대당 1일평균
전북특별자치도 고창군,2024-09,12,198,63,135,29499,5934,23565,1대당 1일평균
전북특별자치도 부안군,2024-09,10,181,57,124,31251,5354,25897,1대당 1일평균
전라남도 목포시,2024-09,23,176,81,95,32171,12197,19974,1대당 1일평균
전라남도 여수시,2024-09,23,188,100,88,33347,12765,20581,1대당 1일평균
전라남도 순천시,2024-09,26,207,107,100,37367,13895,23472,1대당 1일평균
전라남도 나주시,2024-09,13,223,81,142,28998,7667,21332,1대당 1일평균
전라남도 광양시,2024-09,21,191,99,94,35751,11048,24703,1대당 1일평균
전라남도 담양군,2024-09,9,172,63,109,28381,6255,22126,1대당 1일평균
전라남도 곡성군,2024-09,5,185,44,141,25247,3876,21371,1대당 1일평균
전라남도 구례군,2024-09,9,176,43,133,31500,4042,27458,1대당 1일평균
전라남도 고흥군,2024-09,7,211,57,154,24462,4943,19519,1대당 1일평균
전라남도 보성군,2024-09,10,228,75,153,23827,6444,17383,1대당 1일평균
전라남도 화순군,2024-09,17,165,68,97,34924,7605,27319,1대당 1일평균
전라남도 장흥군,2024-09,8,217,60,157,26624,5129,21495,1대당 1일평균
전라남도 강진군,2024-09,10,215,55,160,26420,5126,21294,1대당 1일평균
전라남도 해남군,2024-09,15,227,75,152,27954,6910,21044,1대당 1일평균
전라남도 영암군,2024-09,10,214,75,139,22771,6446,16324,1대당 1일평균
전라남도 무안군,2024-09,17,227,92,156,29818,9533,20285,1대당 1일평균
전라남도 함평군,2024-09,,,,,,,,1대당 1일평균
전라남도 영광군,2024-09,12,196,59,137,36707,5776,30932,1대당 1일평균
전라남도 장성군,2024-09,9,186,60,126,34756,5579,29177,1대당 1일평균
전라남도 완도군,2024-09,14,192,54,138,28320,5357,22962,1대당 1일평균
전라남도 진도군,2024-09,7,218,60,158,23427,5144,18283,1대당 1일평균
전라남도 신안군,2024-09,12,173,62,112,21655,6726,14929,1대당 1일평균
경상북도 포항시,2024-09,20,180,92,90,31266,12097,19169,1대당 1일평균
경상북도 경주시,2024-09,20,202,94,108,32221,10479,21742,1대당 1일평균
경상북도 김천시,2024-09,18,177,87,91,34880,9402,25478,1대당 1일평균
경상북도 안동시,2024-09,21,182,85,97,31236,10267,20969,1대당 1일평균
경상북도 구미시,2024-09,24,212,116,96,37024,14571,22452,1대당 1일평균
경상북도 영주시,2024-09,22,153,63,90,30701,8753,21947,1대당 1일평균
경상북도 영천시,2024-09,18,169,67,102,26797,8031,18766,1대당 1일평균
경상북도 상주시,2024-09,15,142,44,99,32869,5798,27072,1대당 1일평균
경상북도 문경시,2024-09,18,165,66,99,35761,7519,28242,1대당 1일평균
경상북도 경산시,2024-09,18,205,103,102,34051,12156,21895,1대당 1일평균
경상북도 의성군,2024-09,5,194,43,155,23583,3781,19803,1대당 1일평균
경상북도 청송군,2024-09,6,185,58,127,19726,5177,14549,1대당 1일평균
경상북도 영양군,2024-09,7,215,84,131,21466,7386,14080,1대당 1일평균
경상북도 영덕군,2024-09,9,177,62,116,16074,5431,10642,1대당 1일평균
경상북도 청도군,2024-09,7,150,45,106,19655,4567,15089,1대당 1일평균
경상북도 고령군,2024-09,8,270,91,179,27304,7596,19708,1대당 1일평균
경상북도 성주군,2024-09,9,239,80,159,24842,6921,17920,1대당 1일평균
경상북도 칠곡군,2024-09,18,210,97,113,32457,9889,22567,1대당 1일평균
경상북도 예천군,2024-09,9,191,52,140,25233,4512,20721,1대당 1일평균
경상북도 봉화군,2024-09,4,203,50,153,22446,4122,18324,1대당 1일평균
경상북도 울진군,2024-09,11,195,59,136,23735,4918,18817,1대당 1일평균
경상북도 울릉군,2024-09,10,147,36,111,26097,5388,20709,1대당 1일평균
경상남도 창원시,2024-09,20,201,99,110,32493,12295,20198,1대당 1일평균
경상남도 진주시,2024-09,24,195,102,93,34662,12843,21819,1대당 1일평균
경상남도 통영시,2024-09,24,205,94,113,34337,11604,22733,1대당 1일평균
경상남도 사천시,2024-09,23,187,79,108,35830,9276,26554,1대당 1일평균
경상남도 김해시,2024-09,22,203,105,98,33766,13493,20273,1대당 1일평균
경상남도 밀양시,2024-09,17,165,65,100,28915,7582,21333,1대당 1일평균
경상남도 거제시,2024-09,25,221,118,107,38302,13385,24917,1대당 1일평균
경상남도 양산시,2024-09,26,225,120,106,39209,13907,25302,1대당 1일평균
경상남도 의령군,2024-09,6,163,52,112,18776,4341,14435,1대당 1일평균
경상남도 함안군,2024-09,11,197,72,125,29855,6836,23019,1대당 1일평균
경상남도 창녕군,2024-09,7,179,50,129,26368,4833,21535,1대당 1일평균
경상남도 고성군,2024-09,11,174,58,115,27889,6314,21575,1대당 1일평균
경상남도 남해군,2024-09,7,161,50,111,25465,4614,20850,1대당 1일평균
경상남도 하동군,2024-09,5,182,41,141,18593,3901,14691,1대당 1일평균
경상남도 산청군,2024-09,9,210,82,128,19790,6818,12971,1대당 1일평균
경상남도 함양군,2024-09,8,169,39,130,25533,4066,21467,1대당 1일평균
경상남도 거창군,2024-09,17,181,62,120,27642,7034,20608,1대당 1일평균
경상남도 합천군,2024-09,4,185,45,149,22772,4061,18711,1대당 1일평균
제주특별자치도,2024-09,17,196,105,93,30812,12877,17935,1대당 1일평균
서울특별시,2024-10,15,219,129,20889,33767,16827,16940,1대당 1일평균
부산광역시,2024-10,16,175,99,75,31322,13519,17803,1대당 1일평균
대구광역시,2024-10,15,159,81,78,29900,11344,18555,1대당 1일평균
인천광역시,2024-10,15,198,111,88,32903,13581,19322,1대당 1일평균
광주광역시,2024-10,20,188,113,75,33057,15320,17737,1대당 1일평균
대전광역시,2024-10,19,177,98,84,32813,14180,18632,1대당 1일평균
울산광역시,2024-10,18,186,98,89,31955,12258,19697,1대당 1일평균
세종특별자치시,2024-10,17,240,116,124,34511,11926,22585,1대당 1일평균
경기도 수원시,2024-10,17,190,112,80,33529,15404,18125,1대당 1일평균
경기도 성남시,2024-10,17,207,114,94,32844,13466,19378,1대당 1일평균
경기도 의정부시,2024-10,20,209,108,113,36110,14266,21844,1대당 1일평균
경기도 안양시,2024-10,17,192,107,86,34928,13820,21109,1대당 1일평균
경기도 부천시,2024-10,15,170,89,81,30828,12501,18328,1대당 1일평균
경기도 광명시,2024-10,11,199,97,124,32441,11527,20914,1대당 1일평균
경기도 평택시,2024-10,20,196,108,90,34268,13298,20971,1대당 1일평균
경기도 동두천시,2024-10,20,165,73,92,36803,9278,27525,1대당 1일평균
경기도 안산시,2024-10,19,181,100,84,32286,13619,18667,1대당 1일평균
경기도 고양시,2024-10,15,191,115,76,32447,13225,19222,1대당 1일평균
경기도 과천시,2024-10,16,196,108,88,34172,13237,20935,1대당 1일평균
경기도 구리시,2024-10,16,211,106,146,34450,12333,22117,1대당 1일평균
경기도 남양주시,2024-10,17,210,114,97,34487,12839,21648,1대당 1일평균
경기도 오산시,2024-10,15,184,102,82,31488,13080,18409,1대당 1일평균
경기도 시흥시,2024-10,16,183,100,84,32146,12204,19941,1대당 1일평균
경기도 군포시,2024-10,15,174,94,80,32337,12014,20323,1대당 1일평균
경기도 의왕시,2024-10,15,179,100,80,32510,12587,19923,1대당 1일평균
경기도 하남시,2024-10,15,191,99,92,31188,11943,19245,1대당 1일평균
경기도 용인시,2024-10,14,218,119,115,33367,13414,19953,1대당 1일평균
경기도 파주시,2024-10,17,256,136,120,37569,13448,24121,1대당 1일평균
경기도 이천시,2024-10,17,215,105,110,35318,11808,23510,1대당 1일평균
경기도 안성시,2024-10,15,209,94,120,32039,10321,21718,1대당 1일평균
경기도 김포시,2024-10,14,225,121,118,34672,12948,21725,1대당 1일평균
경기도 화성시,2024-10,15,243,130,169,33416,14472,18944,1대당 1일평균
경기도 광주시,2024-10,15,208,110,98,32644,12259,20385,1대당 1일평균
경기도 양주시,2024-10,17,202,109,104,32122,12438,19684,1대당 1일평균
경기도 포천시,2024-10,15,223,95,134,33415,9807,23608,1대당 1일평균
경기도 여주시,2024-10,18,213,96,129,33460,10460,23000,1대당 1일평균
경기도 연천군,2024-10,18,298,129,169,31858,11221,20637,1대당 1일평균
경기도 가평군,2024-10,20,239,114,125,32274,10764,21511,1대당 1일평균
경기도 양평군,2024-10,17,227,95,152,34521,9457,25063,1대당 1일평균
강원특별자치도 춘천시,2024-10,23,161,78,87,31941,11916,20025,1대당 1일평균
강원특별자치도 원주시,2024-10,22,172,85,112,33543,11288,22255,1대당 1일평균
강원특별자치도 강릉시,2024-10,22,166,85,82,31463,11369,20094,1대당 1일평균
강원특별자치도 동해시,2024-10,18,133,63,70,31444,7509,23936,1대당 1일평균
강원특별자치도 태백시,2024-10,21,177,74,103,30727,7705,23022,1대당 1일평균
강원특별자치도 속초시,2024-10,23,163,76,88,31423,10312,21111,1대당 1일평균
강원특별자치도 삼척시,2024-10,22,149,64,86,34174,7822,26351,1대당 1일평균
강원특별자치도 홍천군,2024-10,21,186,76,109,36336,8083,28253,1대당 1일평균
강원특별자치도 횡성군,2024-10,15,233,85,237,34486,8053,26433,1대당 1일평균
강원특별자치도 영월군,2024-10,16,214,59,225,31520,6181,25339,1대당 1일평균
강원특별자치도 평창군,2024-10,11,226,82,143,22725,6482,16243,1대당 1일평균
강원특별자치도 정선군,2024-10,16,241,83,158,32955,6913,26042,1대당 1일평균
강원특별자치도 철원군,2024-10,15,192,87,105,29067,7471,21595,1대당 1일평균
강원특별자치도 화천군,2024-10,13,196,79,117,27729,6490,21238,1대당 1일평균
강원특별자치도 양구군,2024-10,16,245,108,137,27081,8246,18836,1대당 1일평균
강원특별자치도 인제군,2024-10,12,243,102,141,29066,6992,22075,1대당 1일평균
강원특별자치도 고성군,2024-10,10,236,84,152,35022,6957,28065,1대당 1일평균
강원특별자치도 양양군,2024-10,12,205,73,132,33416,6121,27295,1대당 1일평균
충청북도 청주시,2024-10,19,185,97,89,32007,13151,18856,1대당 1일평균
충청북도 충주시,2024-10,20,166,74,92,31741,9449,22291,1대당 1일평균
충청북도 제천시,2024-10,22,176,72,122,28114,9693,18421,1대당 1일평균
충청북도 보은군,2024-10,7,176,53,123,23792,5518,18274,1대당 1일평균
충청북도 옥천군,2024-10,16,171,60,111,31675,7092,24583,1대당 1일평균
충청북도 영동군,2024-10,14,176,59,117,30577,5636,24940,1대당 1일평균
충청북도 증평군,2024-10,13,190,59,131,33740,6806,26934,1대당 1일평균
충청북도 진천군,2024-10,20,250,111,140,36733,10598,26135,1대당 1일평균
충청북도 괴산군,2024-10,10,208,81,127,23099,8130,14970,1대당 1일평균
충청북도 음성군,2024-10,18,246,103,150,37331,9528,27803,1대당 1일평균
충청북도 단양군,2024-10,12,197,67,148,29059,6879,22180,1대당 1일평균
충청남도 천안시,2024-10,23,208,118,92,35368,15900,19469,1대당 1일평균
충청남도 공주시,2024-10,16,196,78,118,36111,8670,27442,1대당 1일평균
충청남도 보령시,2024-10,17,161,69,92,35809,7899,27910,1대당 1일평균
충청남도 아산시,2024-10,19,207,108,99,33991,12070,21921,1대당 1일평균
충청남도 서산시,2024-10,24,231,99,294,43937,12146,31791,1대당 1일평균
충청남도 논산시,2024-10,16,173,73,100,34620,7995,26625,1대당 1일평균
충청남도 계룡시,2024-10,20,215,98,117,34028,10445,23583,1대당 1일평균
충청남도 당진시,2024-10,18,191,85,106,36532,9114,27418,1대당 1일평균
충청남도 금산군,2024-10,11,171,57,115,31047,5887,25160,1대당 1일평균
충청남도 부여군,2024-10,9,152,54,98,33979,5440,28538,1대당 1일평균
충청남도 서천군,2024-10,11,194,68,125,27564,6292,21272,1대당 1일평균
충청남도 청양군,2024-10,6,137,34,102,27565,3136,24429,1대당 1일평균
충청남도 홍성군,2024-10,18,167,69,98,35562,7655,27907,1대당 1일평균
충청남도 예산군,2024-10,17,199,70,129,37652,7167,30486,1대당 1일평균
충청남도 태안군,2024-10,12,162,57,105,34251,5934,28317,1대당 1일평균
전북특별자치도 전주시,2024-10,22,172,90,81,32502,13894,18608,1대당 1일평균
전북특별자치도 군산시,2024-10,21,177,85,92,31088,10949,20140,1대당 1일평균
전북특별자치도 익산시,2024-10,20,159,77,82,31274,10540,20734,1대당 1일평균
전북특별자치도 정읍시,2024-10,17,165,60,105,31352,7300,24052,1대당 1일평균
전북특별자치도 남원시,2024-10,16,153,56,97,32369,6513,25856,1대당 1일평균
전북특별자치도 김제시,2024-10,13,161,51,113,26844,5920,20924,1대당 1일평균
전북특별자치도 완주군,2024-10,12,212,86,126,32473,9324,23148,1대당 1일평균
전북특별자치도 진안군,2024-10,9,238,76,162,28555,7724,20831,1대당 1일평균
전북특별자치도 무주군,2024-10,6,171,53,117,18683,4962,13721,1대당 1일평균
전북특별자치도 장수군,2024-10,4,246,52,194,21140,4983,16157,1대당 1일평균
전북특별자치도 임실군,2024-10,7,193,72,121,21110,6853,14257,1대당 1일평균
전북특별자치도 순창군,2024-10,8,202,69,149,28190,6353,21837,1대당 1일평균
전북특별자치도 고창군,2024-10,13,205,62,143,29631,5687,23944,1대당 1일평균
전북특별자치도 부안군,2024-10,9,170,53,117,28768,4906,23862,1대당 1일평균
전라남도 목포시,2024-10,22,174,78,96,31407,11585,19822,1대당 1일평균
전라남도 여수시,2024-10,23,188,98,90,32612,12244,20369,1대당 1일평균
전라남도 순천시,2024-10,24,198,100,98,36465,12954,23511,1대당 1일평균
전라남도 나주시,2024-10,12,215,79,137,28315,7434,20881,1대당 1일평균
전라남도 광양시,2024-10,20,183,94,90,35408,10422,24986,1대당 1일평균
전라남도 담양군,2024-10,8,159,56,103,26071,5475,20596,1대당 1일평균
전라남도 곡성군,2024-10,4,171,38,134,22934,3353,19581,1대당 1일평균
전라남도 구례군,2024-10,7,153,33,120,26119,3332,22787,1대당 1일평균
전라남도 고흥군,2024-10,6,198,48,150,24488,4408,20080,1대당 1일평균
전라남도 보성군,2024-10,9,218,71,147,22220,6153,16067,1대당 1일평균
전라남도 화순군,2024-10,15,158,63,95,34612,6946,27666,1대당 1일평균
전라남도 장흥군,2024-10,7,200,53,147,24651,4505,20146,1대당 1일평균
전라남도 강진군,2024-10,10,215,57,159,24711,5160,19551,1대당 1일평균
전라남도 해남군,2024-10,14,227,73,154,27011,6560,20451,1대당 1일평균
전라남도 영암군,2024-10,9,202,70,132,21151,5952,15199,1대당 1일평균
전라남도 무안군,2024-10,15,202,79,182,27337,8362,18975,1대당 1일평균
전라남도 함평군,2024-10,,,,,,,,1대당 1일평균
전라남도 영광군,2024-10,11,180,52,128,35980,5208,30772,1대당 1일평균
전라남도 장성군,2024-10,9,175,55,120,34416,5258,29158,1대당 1일평균
전라남도 완도군,2024-10,12,185,49,136,26211,4815,21396,1대당 1일평균
전라남도 진도군,2024-10,7,221,63,158,22513,5274,17238,1대당 1일평균
전라남도 신안군,2024-10,11,164,57,106,19851,6324,13527,1대당 1일평균
경상북도 포항시,2024-10,19,176,88,89,30535,11516,19019,1대당 1일평균
경상북도 경주시,2024-10,20,209,102,114,32061,11258,20804,1대당 1일평균
경상북도 김천시,2024-10,17,174,83,91,34204,8956,25249,1대당 1일평균
경상북도 안동시,2024-10,20,177,81,96,30662,9873,20789,1대당 1일평균
경상북도 구미시,2024-10,23,206,112,94,36620,13887,22733,1대당 1일평균
경상북도 영주시,2024-10,20,147,59,88,29570,8126,21444,1대당 1일평균
경상북도 영천시,2024-10,16,159,62,98,25587,7428,18160,1대당 1일평균
경상북도 상주시,2024-10,14,141,43,99,32155,5676,26479,1대당 1일평균
경상북도 문경시,2024-10,17,160,63,97,34988,7036,27951,1대당 1일평균
경상북도 경산시,2024-10,16,194,95,98,33160,11222,21938,1대당 1일평균
경상북도 의성군,2024-10,5,184,38,146,22323,3382,18941,1대당 1일평균
경상북도 청송군,2024-10,6,188,59,130,20183,5086,15096,1대당 1일평균
경상북도 영양군,2024-10,7,202,79,129,20655,6928,13727,1대당 1일평균
경상북도 영덕군,2024-10,9,176,58,118,15844,5198,10646,1대당 1일평균
경상북도 청도군,2024-10,7,146,45,101,20469,4833,15637,1대당 1일평균
경상북도 고령군,2024-10,7,246,81,165,24473,6641,17832,1대당 1일평균
경상북도 성주군,2024-10,9,216,72,144,22644,6478,16166,1대당 1일평균
경상북도 칠곡군,2024-10,17,201,91,110,31184,9273,21911,1대당 1일평균
경상북도 예천군,2024-10,9,193,52,142,23772,4534,19239,1대당 1일평균
경상북도 봉화군,2024-10,4,205,51,154,22098,4203,17895,1대당 1일평균
경상북도 울진군,2024-10,10,189,58,131,22920,4709,18211,1대당 1일평균
경상북도 울릉군,2024-10,10,143,35,109,23394,5018,18376,1대당 1일평균
경상남도 창원시,2024-10,19,197,95,113,31870,11776,20094,1대당 1일평균
경상남도 진주시,2024-10,24,193,101,92,34006,12737,21269,1대당 1일평균
경상남도 통영시,2024-10,22,199,89,110,33627,10942,22685,1대당 1일평균
경상남도 사천시,2024-10,21,179,75,106,34773,8734,26039,1대당 1일평균
경상남도 김해시,2024-10,21,198,100,98,33070,12798,20272,1대당 1일평균
경상남도 밀양시,2024-10,16,159,62,97,28272,7295,20977,1대당 1일평균
경상남도 거제시,2024-10,24,215,114,102,37959,12838,25121,1대당 1일평균
경상남도 양산시,2024-10,22,192,101,91,35386,11896,23490,1대당 1일평균
경상남도 의령군,2024-10,6,146,45,101,17012,3730,13283,1대당 1일평균
경상남도 함안군,2024-10,9,174,66,109,26183,6441,19743,1대당 1일평균
경상남도 창녕군,2024-10,7,171,48,123,24364,4600,19764,1대당 1일평균
경상남도 고성군,2024-10,11,169,56,113,25753,6164,19589,1대당 1일평균
경상남도 남해군,2024-10,7,155,47,108,23211,4448,18763,1대당 1일평균
경상남도 하동군,2024-10,5,177,40,137,17663,3762,13901,1대당 1일평균
경상남도 산청군,2024-10,9,212,80,132,19577,6860,12716,1대당 1일평균
경상남도 함양군,2024-10,7,164,38,126,24096,3965,20131,1대당 1일평균
경상남도 거창군,2024-10,15,171,56,115,25478,6283,19195,1대당 1일평균
경상남도 합천군,2024-10,4,181,42,138,22014,3702,18312,1대당 1일평균
제주특별자치도,2024-10,17,196,103,98,30401,12478,17923,1대당 1일평균
서울특별시,2024-11,15,222,131,17845,34516,17261,17255,1대당 1일평균
부산광역시,2024-11,16,176,99,77,31718,13488,18229,1대당 1일평균
대구광역시,2024-11,15,161,82,80,30562,11579,18984,1대당 1일평균
인천광역시,2024-11,15,199,113,88,33533,13939,19594,1대당 1일평균
광주광역시,2024-11,20,190,114,76,33649,15631,18018,1대당 1일평균
대전광역시,2024-11,19,181,101,88,33358,14752,18606,1대당 1일평균
울산광역시,2024-11,19,192,100,92,32752,12381,20371,1대당 1일평균
세종특별자치시,2024-11,18,252,121,130,34956,12282,22674,1대당 1일평균
경기도 수원시,2024-11,17,190,113,81,33924,15806,18118,1대당 1일평균
경기도 성남시,2024-11,17,206,113,94,33104,13681,19423,1대당 1일평균
경기도 의정부시,2024-11,20,213,110,113,36474,14843,21632,1대당 1일평균
경기도 안양시,2024-11,17,193,109,85,35363,14444,20919,1대당 1일평균
경기도 부천시,2024-11,15,171,90,81,31350,12871,18478,1대당 1일평균
경기도 광명시,2024-11,12,204,99,129,33031,12016,21015,1대당 1일평균
경기도 평택시,2024-11,20,197,110,90,34622,13732,20890,1대당 1일평균
경기도 동두천시,2024-11,20,172,76,96,37835,9480,28356,1대당 1일평균
경기도 안산시,2024-11,19,179,100,83,32276,14076,18200,1대당 1일평균
경기도 고양시,2024-11,15,200,120,80,33861,13942,19918,1대당 1일평균
경기도 과천시,2024-11,16,196,109,88,34427,13703,20724,1대당 1일평균
경기도 구리시,2024-11,16,220,111,159,35024,12941,22083,1대당 1일평균
경기도 남양주시,2024-11,17,216,118,100,35510,13345,22165,1대당 1일평균
경기도 오산시,2024-11,15,184,103,81,31734,13535,18199,1대당 1일평균
경기도 시흥시,2024-11,16,182,100,82,32385,12548,19837,1대당 1일평균
경기도 군포시,2024-11,15,178,98,80,32870,12749,20121,1대당 1일평균
경기도 의왕시,2024-11,15,178,101,77,32357,13051,19306,1대당 1일평균
경기도 하남시,2024-11,15,193,100,93,32202,12113,20089,1대당 1일평균
경기도 용인시,2024-11,14,216,118,122,33244,13512,19732,1대당 1일평균
경기도 파주시,2024-11,17,259,138,121,37954,13865,24088,1대당 1일평균
경기도 이천시,2024-11,18,221,108,113,35560,12366,23193,1대당 1일평균
경기도 안성시,2024-11,15,206,93,120,32160,10528,21632,1대당 1일평균
경기도 김포시,2024-11,14,231,119,129,35150,12802,22349,1대당 1일평균
경기도 화성시,2024-11,15,244,130,156,33909,14825,19084,1대당 1일평균
경기도 광주시,2024-11,15,209,112,97,32891,12727,20165,1대당 1일평균
경기도 양주시,2024-11,17,208,113,110,32613,12930,19683,1대당 1일평균
경기도 포천시,2024-11,15,229,99,136,34100,10238,23862,1대당 1일평균
경기도 여주시,2024-11,17,212,95,128,33892,10354,23537,1대당 1일평균
경기도 연천군,2024-11,18,301,129,172,32148,10821,21327,1대당 1일평균
경기도 가평군,2024-11,20,241,115,127,31901,10654,21247,1대당 1일평균
경기도 양평군,2024-11,17,225,94,181,35363,9422,25941,1대당 1일평균
강원특별자치도 춘천시,2024-11,24,163,79,93,32433,12139,20294,1대당 1일평균
강원특별자치도 원주시,2024-11,22,175,86,120,33702,11498,22205,1대당 1일평균
강원특별자치도 강릉시,2024-11,22,164,82,82,31768,10940,20828,1대당 1일평균
강원특별자치도 동해시,2024-11,18,133,62,71,31949,7402,24547,1대당 1일평균
강원특별자치도 태백시,2024-11,22,181,76,105,31526,7881,23645,1대당 1일평균
강원특별자치도 속초시,2024-11,23,160,72,89,31296,9847,21449,1대당 1일평균
강원특별자치도 삼척시,2024-11,23,153,65,88,34690,7983,26707,1대당 1일평균
강원특별자치도 홍천군,2024-11,21,188,77,111,36892,8183,28710,1대당 1일평균
강원특별자치도 횡성군,2024-11,15,221,80,252,35121,7493,27629,1대당 1일평균
강원특별자치도 영월군,2024-11,16,213,55,258,32441,5749,26692,1대당 1일평균
강원특별자치도 평창군,2024-11,10,198,71,126,21282,5576,15707,1대당 1일평균
강원특별자치도 정선군,2024-11,17,237,81,156,33754,6820,26934,1대당 1일평균
강원특별자치도 철원군,2024-11,14,190,82,109,28948,6795,22154,1대당 1일평균
강원특별자치도 화천군,2024-11,14,209,85,123,29266,6874,22392,1대당 1일평균
강원특별자치도 양구군,2024-11,16,241,106,135,27330,8013,19316,1대당 1일평균
강원특별자치도 인제군,2024-11,12,221,93,128,27845,6366,21479,1대당 1일평균
강원특별자치도 고성군,2024-11,10,232,82,150,35986,6690,29296,1대당 1일평균
강원특별자치도 양양군,2024-11,11,172,64,108,32305,5429,26877,1대당 1일평균
충청북도 청주시,2024-11,19,188,100,88,32506,13688,18818,1대당 1일평균
충청북도 충주시,2024-11,21,167,75,91,31866,9727,22140,1대당 1일평균
충청북도 제천시,2024-11,22,180,73,133,28568,9934,18634,1대당 1일평균
충청북도 보은군,2024-11,6,175,53,122,24783,5414,19368,1대당 1일평균
충청북도 옥천군,2024-11,17,174,61,112,31902,7258,24644,1대당 1일평균
충청북도 영동군,2024-11,14,178,60,119,31338,5657,25681,1대당 1일평균
충청북도 증평군,2024-11,14,187,59,128,34765,6885,27880,1대당 1일평균
충청북도 진천군,2024-11,20,252,111,142,37779,10720,27059,1대당 1일평균
충청북도 괴산군,2024-11,11,216,85,131,24381,8645,15735,1대당 1일평균
충청북도 음성군,2024-11,18,252,105,147,37662,9747,27915,1대당 1일평균
충청북도 단양군,2024-11,13,196,65,147,29081,6620,22461,1대당 1일평균
충청남도 천안시,2024-11,24,210,120,93,35863,16405,19458,1대당 1일평균
충청남도 공주시,2024-11,17,203,82,121,37227,8964,28263,1대당 1일평균
충청남도 보령시,2024-11,18,163,69,94,35742,7982,27761,1대당 1일평균
충청남도 아산시,2024-11,19,210,111,99,34135,12552,21583,1대당 1일평균
충청남도 서산시,2024-11,22,222,87,329,39514,11050,28465,1대당 1일평균
충청남도 논산시,2024-11,16,176,76,100,35050,8307,26742,1대당 1일평균
충청남도 계룡시,2024-11,20,207,93,114,34718,9961,24756,1대당 1일평균
충청남도 당진시,2024-11,19,195,88,109,36397,9557,26840,1대당 1일평균
충청남도 금산군,2024-11,10,171,55,116,31537,5802,25735,1대당 1일평균
충청남도 부여군,2024-11,9,154,55,99,34028,5441,28587,1대당 1일평균
충청남도 서천군,2024-11,11,188,66,123,28362,6145,22216,1대당 1일평균
충청남도 청양군,2024-11,6,136,34,103,27622,3033,24589,1대당 1일평균
충청남도 홍성군,2024-11,18,172,73,100,35846,8170,27676,1대당 1일평균
충청남도 예산군,2024-11,16,201,70,131,36774,7039,29735,1대당 1일평균
충청남도 태안군,2024-11,12,158,57,101,33892,5963,27929,1대당 1일평균
전북특별자치도 전주시,2024-11,22,175,92,84,32982,14197,18784,1대당 1일평균
전북특별자치도 군산시,2024-11,22,179,86,93,31492,11153,20339,1대당 1일평균
전북특별자치도 익산시,2024-11,20,159,77,82,31241,10589,20652,1대당 1일평균
전북특별자치도 정읍시,2024-11,17,173,65,108,31982,7882,24100,1대당 1일평균
전북특별자치도 남원시,2024-11,16,153,56,97,32970,6603,26367,1대당 1일평균
전북특별자치도 김제시,2024-11,13,161,51,111,27173,5901,21271,1대당 1일평균
전북특별자치도 완주군,2024-11,13,216,89,127,33576,9716,23861,1대당 1일평균
전북특별자치도 진안군,2024-11,10,241,79,162,29275,7632,21644,1대당 1일평균
전북특별자치도 무주군,2024-11,7,173,56,117,19265,5146,14119,1대당 1일평균
전북특별자치도 장수군,2024-11,4,256,52,204,22238,4841,17397,1대당 1일평균
전북특별자치도 임실군,2024-11,7,204,79,125,22211,7233,14978,1대당 1일평균
전북특별자치도 순창군,2024-11,8,201,71,139,28751,6637,22114,1대당 1일평균
전북특별자치도 고창군,2024-11,13,203,59,144,31577,5437,26139,1대당 1일평균
전북특별자치도 부안군,2024-11,8,169,52,116,29083,4901,24182,1대당 1일평균
전라남도 목포시,2024-11,22,177,79,98,31864,11753,20111,1대당 1일평균
전라남도 여수시,2024-11,23,190,98,92,33194,12351,20843,1대당 1일평균
전라남도 순천시,2024-11,25,202,103,98,36593,13331,23262,1대당 1일평균
전라남도 나주시,2024-11,13,222,82,141,29366,7613,21753,1대당 1일평균
전라남도 광양시,2024-11,20,190,96,94,35932,10716,25216,1대당 1일평균
전라남도 담양군,2024-11,8,167,58,109,26297,5793,20503,1대당 1일평균
전라남도 곡성군,2024-11,5,171,41,130,23736,3682,20053,1대당 1일평균
전라남도 구례군,2024-11,7,159,34,125,26794,3290,23504,1대당 1일평균
전라남도 고흥군,2024-11,7,200,55,145,24629,4819,19810,1대당 1일평균
전라남도 보성군,2024-11,9,222,74,147,23056,6230,16826,1대당 1일평균
전라남도 화순군,2024-11,15,157,61,96,34500,6804,27696,1대당 1일평균
전라남도 장흥군,2024-11,7,210,55,155,25680,4683,20997,1대당 1일평균
전라남도 강진군,2024-11,10,216,58,158,24756,5029,19727,1대당 1일평균
전라남도 해남군,2024-11,14,231,74,157,27659,6742,20917,1대당 1일평균
전라남도 영암군,2024-11,9,205,72,134,22021,6079,15942,1대당 1일평균
전라남도 무안군,2024-11,14,203,76,164,27449,8262,19187,1대당 1일평균
전라남도 함평군,2024-11,,,,,,,,1대당 1일평균
전라남도 영광군,2024-11,11,181,51,130,36329,5129,31200,1대당 1일평균
전라남도 장성군,2024-11,9,179,56,124,34616,5201,29415,1대당 1일평균
전라남도 완도군,2024-11,13,186,49,138,27247,4881,22366,1대당 1일평균
전라남도 진도군,2024-11,7,231,67,164,23024,5382,17641,1대당 1일평균
전라남도 신안군,2024-11,11,166,57,110,19846,6355,13491,1대당 1일평균
경상북도 포항시,2024-11,19,179,90,89,31012,11742,19270,1대당 1일평균
경상북도 경주시,2024-11,20,209,100,126,32371,11037,21334,1대당 1일평균
경상북도 김천시,2024-11,17,174,83,91,34467,8920,25547,1대당 1일평균
경상북도 안동시,2024-11,20,179,79,100,30677,9406,21271,1대당 1일평균
경상북도 구미시,2024-11,23,208,112,97,37361,13891,23470,1대당 1일평균
경상북도 영주시,2024-11,21,149,60,89,29917,8396,21521,1대당 1일평균
경상북도 영천시,2024-11,17,159,62,97,26320,7567,18752,1대당 1일평균
경상북도 상주시,2024-11,15,149,44,105,32293,5747,26546,1대당 1일평균
경상북도 문경시,2024-11,17,160,62,99,34948,6901,28047,1대당 1일평균
경상북도 경산시,2024-11,17,202,100,103,34297,11677,22620,1대당 1일평균
경상북도 의성군,2024-11,5,187,38,148,22986,3418,19568,1대당 1일평균
경상북도 청송군,2024-11,7,187,59,128,20837,5330,15507,1대당 1일평균
경상북도 영양군,2024-11,7,212,85,127,22642,7563,15079,1대당 1일평균
경상북도 영덕군,2024-11,10,176,60,116,15861,5202,10659,1대당 1일평균
경상북도 청도군,2024-11,7,149,46,102,22288,4632,17656,1대당 1일평균
경상북도 고령군,2024-11,7,248,81,168,25142,6759,18383,1대당 1일평균
경상북도 성주군,2024-11,9,223,75,149,23663,6625,17038,1대당 1일평균
경상북도 칠곡군,2024-11,17,204,91,114,31697,9289,22408,1대당 1일평균
경상북도 예천군,2024-11,9,181,50,132,24225,4449,19776,1대당 1일평균
경상북도 봉화군,2024-11,4,194,45,149,22686,3699,18987,1대당 1일평균
경상북도 울진군,2024-11,11,192,58,135,23491,4800,18691,1대당 1일평균
경상북도 울릉군,2024-11,9,120,28,92,20916,4065,16852,1대당 1일평균
경상남도 창원시,2024-11,19,201,96,116,32270,11937,20332,1대당 1일평균
경상남도 진주시,2024-11,23,193,100,93,34305,12398,21907,1대당 1일평균
경상남도 통영시,2024-11,22,202,90,112,34030,11137,22893,1대당 1일평균
경상남도 사천시,2024-11,21,180,75,106,35079,8597,26482,1대당 1일평균
경상남도 김해시,2024-11,21,202,102,100,33795,12855,20940,1대당 1일평균
경상남도 밀양시,2024-11,16,162,64,98,28525,7513,21013,1대당 1일평균
경상남도 거제시,2024-11,25,219,116,103,38462,13034,25428,1대당 1일평균
경상남도 양산시,2024-11,22,195,102,93,35897,11916,23981,1대당 1일평균
경상남도 의령군,2024-11,6,154,48,105,17160,3876,13284,1대당 1일평균
경상남도 함안군,2024-11,10,180,69,110,26989,6783,20206,1대당 1일평균
경상남도 창녕군,2024-11,7,175,48,127,25248,4615,20633,1대당 1일평균
경상남도 고성군,2024-11,10,161,53,108,25584,5771,19813,1대당 1일평균
경상남도 남해군,2024-11,7,159,48,111,24240,4342,19897,1대당 1일평균
경상남도 하동군,2024-11,5,180,41,138,18064,3860,14205,1대당 1일평균
경상남도 산청군,2024-11,10,206,83,123,18835,6987,11848,1대당 1일평균
경상남도 함양군,2024-11,7,159,35,124,24251,3531,20720,1대당 1일평균
경상남도 거창군,2024-11,15,174,56,118,26552,6241,20311,1대당 1일평균
경상남도 합천군,2024-11,4,181,41,139,22271,3678,18594,1대당 1일평균
제주특별자치도,2024-11,17,190,97,96,30213,11988,18225,1대당 1일평균
서울특별시,2024-12,15,224,133,20286,34269,17049,17220,1대당 1일평균
부산광역시,2024-12,16,176,99,77,31569,13361,18208,1대당 1일평균
대구광역시,2024-12,16,162,84,78,30594,11726,18868,1대당 1일평균
인천광역시,2024-12,16,201,115,88,33469,14147,19323,1대당 1일평균
광주광역시,2024-12,20,189,114,74,33253,15444,17809,1대당 1일평균
대전광역시,2024-12,20,180,101,89,33025,14559,18466,1대당 1일평균
울산광역시,2024-12,19,194,104,90,32621,12788,19834,1대당 1일평균
세종특별자치시,2024-12,18,245,118,127,34888,11806,23082,1대당 1일평균
경기도 수원시,2024-12,17,192,115,81,34223,15737,18486,1대당 1일평균
경기도 성남시,2024-12,17,201,112,90,32636,13470,19166,1대당 1일평균
경기도 의정부시,2024-12,21,217,113,114,36303,15067,21236,1대당 1일평균
경기도 안양시,2024-12,18,199,114,85,35413,14852,20562,1대당 1일평균
경기도 부천시,2024-12,15,172,92,80,31287,12927,18359,1대당 1일평균
경기도 광명시,2024-12,12,203,101,128,32936,12008,20927,1대당 1일평균
경기도 평택시,2024-12,20,197,108,95,34710,13375,21335,1대당 1일평균
경기도 동두천시,2024-12,21,181,83,98,37471,10237,27234,1대당 1일평균
경기도 안산시,2024-12,20,182,102,82,32275,14299,17976,1대당 1일평균
경기도 고양시,2024-12,16,208,125,84,34677,14390,20287,1대당 1일평균
경기도 과천시,2024-12,17,201,114,87,34144,14010,20135,1대당 1일평균
경기도 구리시,2024-12,16,220,112,168,34934,12948,21986,1대당 1일평균
경기도 남양주시,2024-12,17,210,114,97,34352,12902,21450,1대당 1일평균
경기도 오산시,2024-12,15,187,104,83,31938,13377,18561,1대당 1일평균
경기도 시흥시,2024-12,16,183,101,82,32460,12525,19935,1대당 1일평균
경기도 군포시,2024-12,16,183,103,80,32966,13142,19824,1대당 1일평균
경기도 의왕시,2024-12,16,183,105,78,32328,13394,18934,1대당 1일평균
경기도 하남시,2024-12,15,192,101,91,32156,12193,19963,1대당 1일평균
경기도 용인시,2024-12,14,216,117,133,33713,13312,20401,1대당 1일평균
경기도 파주시,2024-12,17,254,135,119,37660,13650,24010,1대당 1일평균
경기도 이천시,2024-12,18,223,111,113,35758,12407,23351,1대당 1일평균
경기도 안성시,2024-12,15,202,92,117,32800,10301,22498,1대당 1일평균
경기도 김포시,2024-12,14,228,118,129,35219,12542,22677,1대당 1일평균
경기도 화성시,2024-12,15,244,130,151,34360,14627,19733,1대당 1일평균
경기도 광주시,2024-12,15,210,112,98,33007,12388,20619,1대당 1일평균
경기도 양주시,2024-12,17,206,111,110,32724,12630,20094,1대당 1일평균
경기도 포천시,2024-12,15,221,95,132,34129,9912,24217,1대당 1일평균
경기도 여주시,2024-12,17,202,90,123,34474,9715,24759,1대당 1일평균
경기도 연천군,2024-12,17,286,124,163,31266,10456,20809,1대당 1일평균
경기도 가평군,2024-12,17,222,103,119,31572,9077,22495,1대당 1일평균
경기도 양평군,2024-12,16,220,92,183,35471,9098,26374,1대당 1일평균
강원특별자치도 춘천시,2024-12,24,161,78,95,32087,11892,20195,1대당 1일평균
강원특별자치도 원주시,2024-12,22,175,86,123,33623,11446,22177,1대당 1일평균
강원특별자치도 강릉시,2024-12,22,163,83,80,31732,11162,20570,1대당 1일평균
강원특별자치도 동해시,2024-12,19,133,63,70,31825,7619,24206,1대당 1일평균
강원특별자치도 태백시,2024-12,22,182,77,105,32060,7953,24107,1대당 1일평균
강원특별자치도 속초시,2024-12,23,157,72,86,31295,9859,21436,1대당 1일평균
강원특별자치도 삼척시,2024-12,23,150,63,87,34458,7830,26627,1대당 1일평균
강원특별자치도 홍천군,2024-12,21,192,79,113,37503,8292,29211,1대당 1일평균
강원특별자치도 횡성군,2024-12,15,212,78,242,36065,7268,28797,1대당 1일평균
강원특별자치도 영월군,2024-12,16,210,52,237,33011,5493,27518,1대당 1일평균
강원특별자치도 평창군,2024-12,10,213,77,136,24169,6067,18102,1대당 1일평균
강원특별자치도 정선군,2024-12,17,252,101,151,34809,7704,27105,1대당 1일평균
강원특별자치도 철원군,2024-12,13,177,74,103,28234,6142,22092,1대당 1일평균
강원특별자치도 화천군,2024-12,14,193,80,112,29534,6442,23092,1대당 1일평균
강원특별자치도 양구군,2024-12,16,233,106,127,28067,7823,20245,1대당 1일평균
강원특별자치도 인제군,2024-12,12,222,95,127,28011,6472,21539,1대당 1일평균
강원특별자치도 고성군,2024-12,10,228,81,147,36659,6564,30095,1대당 1일평균
강원특별자치도 양양군,2024-12,11,156,59,97,32535,5022,27513,1대당 1일평균
충청북도 청주시,2024-12,20,186,102,84,32389,13847,18543,1대당 1일평균
충청북도 충주시,2024-12,21,163,74,89,31686,9519,22167,1대당 1일평균
충청북도 제천시,2024-12,22,176,70,133,28677,9448,19230,1대당 1일평균
충청북도 보은군,2024-12,6,157,46,111,24506,4718,19788,1대당 1일평균
충청북도 옥천군,2024-12,17,170,61,109,32397,7231,25166,1대당 1일평균
충청북도 영동군,2024-12,13,170,55,115,31601,5178,26423,1대당 1일평균
충청북도 증평군,2024-12,14,185,59,128,34921,6837,28083,1대당 1일평균
충청북도 진천군,2024-12,20,254,112,143,38450,10717,27732,1대당 1일평균
충청북도 괴산군,2024-12,10,199,78,121,23977,7726,16251,1대당 1일평균
충청북도 음성군,2024-12,18,249,104,146,38115,9402,28713,1대당 1일평균
충청북도 단양군,2024-12,10,186,56,151,28859,5307,23552,1대당 1일평균
충청남도 천안시,2024-12,24,205,118,88,35261,15996,19265,1대당 1일평균
충청남도 공주시,2024-12,17,199,78,122,38518,8530,29987,1대당 1일평균
충청남도 보령시,2024-12,18,157,66,91,35178,7757,27421,1대당 1일평균
충청남도 아산시,2024-12,19,206,110,96,33791,12240,21551,1대당 1일평균
충청남도 서산시,2024-12,21,207,80,270,36383,10329,26054,1대당 1일평균
충청남도 논산시,2024-12,16,173,75,98,34607,8261,26347,1대당 1일평균
충청남도 계룡시,2024-12,20,206,92,113,34472,9983,24489,1대당 1일평균
충청남도 당진시,2024-12,19,193,89,104,36567,9602,26965,1대당 1일평균
충청남도 금산군,2024-12,10,169,58,111,31406,5962,25444,1대당 1일평균
충청남도 부여군,2024-12,10,155,55,99,34325,5552,28772,1대당 1일평균
충청남도 서천군,2024-12,11,171,59,112,28255,5538,22717,1대당 1일평균
충청남도 청양군,2024-12,6,138,35,103,28264,3059,25205,1대당 1일평균
충청남도 홍성군,2024-12,18,166,70,96,35431,7899,27533,1대당 1일평균
충청남도 예산군,2024-12,16,199,69,130,37208,6909,30300,1대당 1일평균
충청남도 태안군,2024-12,12,143,50,93,33900,5443,28457,1대당 1일평균
전북특별자치도 전주시,2024-12,22,172,92,82,32489,14022,18467,1대당 1일평균
전북특별자치도 군산시,2024-12,22,174,85,89,31352,11116,20236,1대당 1일평균
전북특별자치도 익산시,2024-12,19,155,76,79,30764,10320,20445,1대당 1일평균
전북특별자치도 정읍시,2024-12,17,160,60,100,31486,7416,24070,1대당 1일평균
전북특별자치도 남원시,2024-12,16,145,53,92,32908,6320,26589,1대당 1일평균
전북특별자치도 김제시,2024-12,14,159,50,108,27377,5821,21556,1대당 1일평균
전북특별자치도 완주군,2024-12,13,211,87,124,32745,9373,23372,1대당 1일평균
전북특별자치도 진안군,2024-12,11,227,78,149,28897,7442,21455,1대당 1일평균
전북특별자치도 무주군,2024-12,7,187,67,123,21017,5791,15226,1대당 1일평균
전북특별자치도 장수군,2024-12,4,249,54,195,21729,4817,16912,1대당 1일평균
전북특별자치도 임실군,2024-12,6,178,66,111,20577,6188,14388,1대당 1일평균
전북특별자치도 순창군,2024-12,8,184,64,123,27117,5971,21146,1대당 1일평균
전북특별자치도 고창군,2024-12,12,188,51,136,30591,4702,25889,1대당 1일평균
전북특별자치도 부안군,2024-12,9,164,51,113,29996,4773,25223,1대당 1일평균
전라남도 목포시,2024-12,22,175,80,95,31558,11807,19751,1대당 1일평균
전라남도 여수시,2024-12,23,187,98,90,33194,12202,20992,1대당 1일평균
전라남도 순천시,2024-12,25,199,102,97,36516,13168,23348,1대당 1일평균
전라남도 나주시,2024-12,13,216,81,135,28493,7476,21016,1대당 1일평균
전라남도 광양시,2024-12,21,189,98,91,35806,10847,24960,1대당 1일평균
전라남도 담양군,2024-12,8,159,56,103,26386,5412,20975,1대당 1일평균
전라남도 곡성군,2024-12,5,166,47,121,23526,3885,19642,1대당 1일평균
전라남도 구례군,2024-12,6,152,31,121,26136,2926,23210,1대당 1일평균
전라남도 고흥군,2024-12,6,181,45,136,23971,4436,19535,1대당 1일평균
전라남도 보성군,2024-12,9,211,69,142,22725,5786,16938,1대당 1일평균
전라남도 화순군,2024-12,15,151,60,91,34354,6731,27623,1대당 1일평균
전라남도 장흥군,2024-12,7,206,54,153,26150,4515,21635,1대당 1일평균
전라남도 강진군,2024-12,9,215,54,162,25595,4665,20930,1대당 1일평균
전라남도 해남군,2024-12,14,226,69,157,27947,6400,21547,1대당 1일평균
전라남도 영암군,2024-12,9,203,66,137,22190,5607,16583,1대당 1일평균
전라남도 무안군,2024-12,15,206,81,158,28123,8503,19620,1대당 1일평균
전라남도 함평군,2024-12,,,,,,,,1대당 1일평균
전라남도 영광군,2024-12,11,180,51,129,35687,5172,30516,1대당 1일평균
전라남도 장성군,2024-12,10,177,58,147,34954,5420,29534,1대당 1일평균
전라남도 완도군,2024-12,13,183,48,135,27649,4777,22872,1대당 1일평균
전라남도 진도군,2024-12,7,220,60,159,23310,5000,18310,1대당 1일평균
전라남도 신안군,2024-12,11,156,55,100,19067,6102,12965,1대당 1일평균
경상북도 포항시,2024-12,19,178,90,88,31181,11821,19360,1대당 1일평균
경상북도 경주시,2024-12,21,200,94,118,31864,10465,21398,1대당 1일평균
경상북도 김천시,2024-12,17,169,81,88,34211,8655,25556,1대당 1일평균
경상북도 안동시,2024-12,20,166,75,90,31311,9325,21986,1대당 1일평균
경상북도 구미시,2024-12,24,209,115,94,37106,14128,22978,1대당 1일평균
경상북도 영주시,2024-12,21,146,60,86,30269,8372,21897,1대당 1일평균
경상북도 영천시,2024-12,17,158,61,100,27112,7290,19822,1대당 1일평균
경상북도 상주시,2024-12,15,143,42,101,32388,5666,26722,1대당 1일평균
경상북도 문경시,2024-12,18,162,63,99,35452,7111,28341,1대당 1일평균
경상북도 경산시,2024-12,17,199,97,102,34119,11328,22791,1대당 1일평균
경상북도 의성군,2024-12,5,182,37,144,23670,3285,20385,1대당 1일평균
경상북도 청송군,2024-12,6,168,50,119,19105,4241,14863,1대당 1일평균
경상북도 영양군,2024-12,7,199,82,118,21340,7263,14077,1대당 1일평균
경상북도 영덕군,2024-12,10,171,57,114,16005,5115,10890,1대당 1일평균
경상북도 청도군,2024-12,7,138,45,93,22722,4358,18364,1대당 1일평균
경상북도 고령군,2024-12,8,259,86,173,26272,6886,19386,1대당 1일평균
경상북도 성주군,2024-12,9,231,76,155,24541,6730,17810,1대당 1일평균
경상북도 칠곡군,2024-12,17,201,88,113,32249,9029,23219,1대당 1일평균
경상북도 예천군,2024-12,10,191,52,139,25439,4569,20870,1대당 1일평균
경상북도 봉화군,2024-12,4,202,49,153,23736,3782,19954,1대당 1일평균
경상북도 울진군,2024-12,11,184,56,128,23686,4647,19039,1대당 1일평균
경상북도 울릉군,2024-12,8,103,25,78,20780,3632,17148,1대당 1일평균
경상남도 창원시,2024-12,20,204,100,117,32159,12216,19943,1대당 1일평균
경상남도 진주시,2024-12,24,192,101,91,34166,12362,21803,1대당 1일평균
경상남도 통영시,2024-12,23,200,90,110,33971,10951,23020,1대당 1일평균
경상남도 사천시,2024-12,22,191,81,109,36185,9076,27108,1대당 1일평균
경상남도 김해시,2024-12,21,203,103,100,33281,12904,20376,1대당 1일평균
경상남도 밀양시,2024-12,17,160,64,96,28394,7333,21062,1대당 1일평균
경상남도 거제시,2024-12,25,221,119,102,37846,13321,24525,1대당 1일평균
경상남도 양산시,2024-12,22,196,102,93,35753,11931,23823,1대당 1일평균
경상남도 의령군,2024-12,6,140,44,97,16681,3543,13137,1대당 1일평균
경상남도 함안군,2024-12,10,181,70,111,28003,6891,21112,1대당 1일평균
경상남도 창녕군,2024-12,7,174,49,142,26002,4603,21398,1대당 1일평균
경상남도 고성군,2024-12,11,163,54,108,26419,5760,20660,1대당 1일평균
경상남도 남해군,2024-12,7,162,49,113,25135,4270,20865,1대당 1일평균
경상남도 하동군,2024-12,5,175,37,138,17956,3541,14415,1대당 1일평균
경상남도 산청군,2024-12,10,204,85,119,18997,7145,11852,1대당 1일평균
경상남도 함양군,2024-12,7,160,35,124,24706,3679,21027,1대당 1일평균
경상남도 거창군,2024-12,16,170,56,114,27179,6290,20889,1대당 1일평균
경상남도 합천군,2024-12,4,176,43,133,21947,3763,18184,1대당 1일평균
제주특별자치도,2024-12,18,191,102,92,30128,12539,17589,1대당 1일평균
