지자체명,연월,영업대수,영엽횟수(회),운행거리(km),영업거리(km),공차거리(km),운행시간(초),영업시간(초),공차시간(초),합계
서울특별시,2024-01,1182941,17189494,239502895.1,143633732.6,132932338.3,39731760634,18227672806,21504087828,합계
부산광역시,2024-01,418461,6288326,69292980.3,36090964.6,33203102.3,12934428044,4803570765,8130857279,합계
대구광역시,2024-01,221133,3176343,33963301.1,16483104.5,17559847.4,6636499539,2270577648,4365921891,합계
인천광역시,2024-01,300795,4447392,56096008.1,30638765.2,25665413.7,9861297440,3766351649,6094945791,합계
광주광역시,2024-01,141530,2693693,25120510,14697948.6,10552125.3,4605933335,1958058074,2647875261,합계
대전광역시,2024-01,137239,2556400,23324305.9,12909540.9,12528653,4498852825,1818777250,2680075575,합계
울산광역시,2024-01,130125,2312537,23694664.1,12073038.3,12467711.6,4143666262,1471429366,2672236896,합계
세종특별자치시,2024-01,8605,156357,2100307,1023832.7,1076474.2,308942610,105740348,203202262,합계
경기도 수원시,2024-01,94462,1602350,17305262.3,10068011.3,7363257.6,3168712718,1356650293,1812062425,합계
경기도 성남시,2024-01,50237,835956,10246193,5519992.9,4726200,1685530386,642973999,1042556387,합계
경기도 의정부시,2024-01,28747,570584,5648874.6,2925923.2,4059587.7,1028376083,392465739,635910344,합계
경기도 안양시,2024-01,45024,765880,8490871,4695378.9,3795492,1563370808,590189899,973180909,합계
경기도 부천시,2024-01,53802,806875,8798875.7,4570998.7,4475857.2,1699333520,639880969,1059452551,합계
경기도 광명시,2024-01,21144,236908,3682633.1,1848014.7,2064949.2,661439483,220522944,440916539,합계
경기도 평택시,2024-01,31688,631540,6052973,3274694.7,4141668.2,1088747072,405459301,683287771,합계
경기도 동두천시,2024-01,8666,172646,1428085,638533.7,789551.2,303507918,80095901,223412017,합계
경기도 안산시,2024-01,55847,1075602,9626517.1,5304105,4573038.9,1805833668,722405505,1083428163,합계
경기도 고양시,2024-01,54198,779122,9871450.7,5876883.9,4004389,1785573523,678202293,1107371230,합계
경기도 과천시,2024-01,6502,107473,1275628,695215.6,580412.3,222077586,84068878,138008708,합계
경기도 구리시,2024-01,17335,279451,3378179,1824703.3,1561246.6,573705426,213704820,360000606,합계
경기도 남양주시,2024-01,24959,419480,4967736.3,2682032.5,2302138.4,854449773,305328479,549121294,합계
경기도 오산시,2024-01,16754,248622,2994736.9,1622392.4,1378570.5,531330899,205731741,325599158,합계
경기도 시흥시,2024-01,30137,467877,5319881,2840328.4,2479552.5,969491479,343433519,626057960,합계
경기도 군포시,2024-01,14082,208443,2362100,1260223,1101876.9,441975112,159663528,282311584,합계
경기도 의왕시,2024-01,1816,26222,301592.2,169060.2,141592.7,54598028,20316120,34281908,합계
경기도 하남시,2024-01,7879,119587,1467653.9,760975.5,740722.4,251699193,91162814,160536379,합계
경기도 용인시,2024-01,40943,574951,8306374.9,4570871.6,4144449.3,1304890915,505561701,799329214,합계
경기도 파주시,2024-01,18431,305496,4536126.5,2278394.5,2259548.4,707256897,228535140,478721757,합계
경기도 이천시,2024-01,10065,176162,2160068,1033143.5,1126924.4,374675368,114985913,259689455,합계
경기도 안성시,2024-01,9628,135564,1870872.8,831760,1152832.9,304452616,88132158,216320458,합계
경기도 김포시,2024-01,14150,215769,3006928.4,1673007.2,1708788.7,476599956,187296570,289303386,합계
경기도 화성시,2024-01,28653,416992,6477151.1,3538615.4,2991464.5,955445935,390929479,564516456,합계
경기도 광주시,2024-01,9820,146151,2066538,1083942.2,982595.7,326573909,116623868,209950041,합계
경기도 양주시,2024-01,7348,112981,1346948.3,735932.5,646518.4,228467802,83184856,145282946,합계
경기도 포천시,2024-01,6683,96609,1336601.2,576091.2,1046870.7,224754980,60124500,164630480,합계
경기도 여주시,2024-01,4265,66926,815339,349011.6,466327.3,142059913,37816166,104243747,합계
경기도 연천군,2024-01,1598,25737,394854.5,168972,509478.9,48407026,14861599,33545427,합계
경기도 가평군,2024-01,3918,62729,820498,366507.9,453990,125561347,33191880,92369467,합계
경기도 양평군,2024-01,4864,75735,984570,415463,569106.9,144007240,41179107,102828133,합계
강원특별자치도 춘천시,2024-01,30900,715208,4724031.1,2278290,2605905.9,969565457,343895545,625669912,합계
강원특별자치도 원주시,2024-01,19512,448803,3330946.7,1718496.6,1956378.3,645006579,223767209,421239370,합계
강원특별자치도 강릉시,2024-01,26068,590148,4347988.5,2197303.2,2211448.7,817153883,291935165,525218718,합계
강원특별자치도 동해시,2024-01,10408,200791,1478605,676844.3,801760.6,326281377,80176483,246104894,합계
강원특별자치도 태백시,2024-01,5729,130812,1079669.6,460901.3,709162.6,188556191,48211568,140344623,합계
강원특별자치도 속초시,2024-01,12304,288877,1911969,862886.1,1049082.8,381204652,117402667,263801985,합계
강원특별자치도 삼척시,2024-01,5578,119825,788753,328354.9,463749,193730755,41069564,152661191,합계
강원특별자치도 홍천군,2024-01,3631,72998,671183,264822.6,406360.3,132039498,27973678,104065820,합계
강원특별자치도 횡성군,2024-01,1171,15441,224292,76299.6,147992.3,41415939,7222401,34193538,합계
강원특별자치도 영월군,2024-01,1978,33010,342413,93701.2,248711.7,61226972,10138983,51087989,합계
강원특별자치도 평창군,2024-01,2704,36760,704582,290539.5,414042.4,76904400,22804835,54099565,합계
강원특별자치도 정선군,2024-01,4862,88572,1274078,447933,826144.9,165252630,37860020,127392610,합계
강원특별자치도 철원군,2024-01,2414,31823,442514,185174.2,257339.7,70146815,15762510,54384305,합계
강원특별자치도 화천군,2024-01,1316,18610,247546,100563.5,146982.4,42115322,8489177,33626145,합계
강원특별자치도 양구군,2024-01,839,10904,155341,68322.2,87018.7,20632572,5289865,15342707,합계
강원특별자치도 인제군,2024-01,1208,12833,243396,98385.7,145010.2,33088686,6770240,26318446,합계
강원특별자치도 고성군,2024-01,1577,15658,328298,121385.8,206912.1,59566505,9972336,49594169,합계
강원특별자치도 양양군,2024-01,2107,20960,319662,121294.4,198367.5,67575520,10457002,57118518,합계
충청북도 청주시,2024-01,83874,1498609,14678323.4,7552141.9,7127642,2618520449,1027901523,1590618926,합계
충청북도 충주시,2024-01,23760,458091,3768738,1578581.8,2190156.1,741621885,207958426,533663459,합계
충청북도 제천시,2024-01,10879,211427,1622929,658784.2,964144.7,309494149,89145871,220348278,합계
충청북도 보은군,2024-01,1776,9583,256841,74573,182267.9,41652562,8020113,33632449,합계
충청북도 옥천군,2024-01,3539,51593,494192,171610.4,322581.5,114722853,20641067,94081786,합계
충청북도 영동군,2024-01,2876,33495,433622,147737.2,285884.7,88494137,14604487,73889650,합계
충청북도 증평군,2024-01,2789,35150,460732.8,154895.4,307361.5,92021447,17919140,74102307,합계
충청북도 진천군,2024-01,2815,54431,682891,298085.9,384805,101286671,28859589,72427082,합계
충청북도 괴산군,2024-01,1355,10121,229778,86587.5,143190.4,28654494,8386425,20268069,합계
충청북도 음성군,2024-01,5675,95617,1289041,529992.2,759048.7,209105023,49130275,159974748,합계
충청북도 단양군,2024-01,1782,16572,257706.6,90714.5,511035.4,50447303,8785400,41661903,합계
충청남도 천안시,2024-01,49346,1104558,9756212.7,5422097.7,4404060.2,1751593366,740973988,1010619378,합계
충청남도 공주시,2024-01,1317,16673,221731,78416.2,143314.7,46768316,8346821,38421495,합계
충청남도 보령시,2024-01,7413,122046,1106679,450746.5,655932.4,257893626,53322771,204570855,합계
충청남도 아산시,2024-01,23719,418175,4619915,2337062.4,2282852.5,796783280,261342988,535440292,합계
충청남도 서산시,2024-01,2416,60334,486428.9,231501.1,295979.8,106407061,27805775,78601286,합계
충청남도 논산시,2024-01,8194,121301,1310535,542480.7,768054.2,281994746,60349020,221645726,합계
충청남도 계룡시,2024-01,1548,30032,322741,140721.5,182019.4,55583383,15030232,40553151,합계
충청남도 당진시,2024-01,2689,47395,611098,232631.9,378466,96593672,23861563,72732109,합계
충청남도 금산군,2024-01,31,292,5010,1197,3812.9,1187992,133254,1054738,합계
충청남도 부여군,2024-01,354,2957,53808,15221.5,38586.4,13474064,1501297,11972767,합계
충청남도 서천군,2024-01,387,3571,65711,21605.2,44105.7,9963826,2004659,7959167,합계
충청남도 청양군,2024-01,1421,7533,198800,51476.7,147323.2,42474135,4592145,37881990,합계
충청남도 홍성군,2024-01,2741,45186,463159,180421.9,282737,100990626,19697516,81293110,합계
충청남도 예산군,2024-01,1386,19612,254239,83118.3,171120.6,50698424,8406628,42291796,합계
충청남도 태안군,2024-01,1470,14557,207296,59319.6,147976.3,45490460,6258470,39231990,합계
전북특별자치도 전주시,2024-01,62332,1276535,10255342.7,5175876.5,5187382.4,1975069246,771888387,1203180859,합계
전북특별자치도 군산시,2024-01,28508,563951,4690051.5,2135373.6,2561435.3,888566015,279494018,609071997,합계
전북특별자치도 익산시,2024-01,6255,120630,1074429,470898.1,603530.8,214517869,60066081,154451788,합계
전북특별자치도 정읍시,2024-01,10636,170766,1606666.7,571583.6,1210863.3,335385308,71387199,263998109,합계
전북특별자치도 남원시,2024-01,6334,92970,881299.7,301948.5,581638.4,206316310,35666798,170649512,합계
전북특별자치도 김제시,2024-01,3502,33779,503270,144705.6,358564.3,90313338,15943544,74369794,합계
전북특별자치도 완주군,2024-01,1150,16783,215760,92653.4,123106.5,37369661,10711513,26658148,합계
전북특별자치도 진안군,2024-01,727,4466,121264,38429.4,82834.5,18733089,4540516,14192573,합계
전북특별자치도 무주군,2024-01,439,3247,74695,24040.4,50654.5,9253367,2185846,7067521,합계
전북특별자치도 장수군,2024-01,465,1607,100945,18166.6,82778.4,9824979,1708705,8116274,합계
전북특별자치도 임실군,2024-01,772,3767,120834,40053.7,80780.2,14981122,3603577,11377545,합계
전북특별자치도 순창군,2024-01,,,,,,,,,합계
전북특별자치도 고창군,2024-01,255,2660,43508,10754.5,32753.4,7642809,1107663,6535146,합계
전북특별자치도 부안군,2024-01,81,783,13099,3564.5,9534.4,2601575,399080,2202495,합계
전라남도 목포시,2024-01,30658,632999,5159444.6,2267866,2904177.9,951928039,331425680,620502359,합계
전라남도 여수시,2024-01,32519,714477,5988078,2968430.9,3019647,1084409112,368169877,716239235,합계
전라남도 순천시,2024-01,9701,236485,1945125,963179.6,981945.3,361042077,120477446,240564631,합계
전라남도 나주시,2024-01,4728,53501,1030771,349304.5,681466.4,136178635,33254376,102924259,합계
전라남도 광양시,2024-01,8228,167124,1514934,765865.6,749068.3,295145763,85460683,209685080,합계
전라남도 담양군,2024-01,2047,15068,301947,101629.9,200317,53002977,9830953,43172024,합계
전라남도 곡성군,2024-01,312,1206,44695,11339.8,33355.1,7392228,1033295,6358933,합계
전라남도 구례군,2024-01,439,4184,68180,18810.3,49369.6,13972118,1696936,12275182,합계
전라남도 고흥군,2024-01,565,3407,97556,22564,74991.9,13842009,2598050,11243959,합계
전라남도 보성군,2024-01,1853,14878,327280,102563,224716.9,36087950,8745170,27342780,합계
전라남도 화순군,2024-01,3017,45740,434691,174281.1,260409.8,106951680,19629930,87321750,합계
전라남도 장흥군,2024-01,691,5312,138961,42530.9,96430,17516946,3790081,13726865,합계
전라남도 강진군,2024-01,25,99,4084,850.7,3233.2,500837,58110,442727,합계
전라남도 해남군,2024-01,2626,33720,528166,166375.6,361790.3,71213418,15298927,55914491,합계
전라남도 영암군,2024-01,869,6928,156110,51946.9,104163,17440002,4415964,13024038,합계
전라남도 무안군,2024-01,3005,46780,614953.3,254179.7,421538.2,83973740,26798974,57174766,합계
전라남도 함평군,2024-01,,,,,,,,,합계
전라남도 영광군,2024-01,2555,27630,447085,143187.5,303897.4,88278734,13901825,74376909,합계
전라남도 장성군,2024-01,2151,17206,369873.9,107465.9,300107,73574561,9947343,63627218,합계
전라남도 완도군,2024-01,2324,28731,398147,109452.1,288694.8,62540374,10984123,51556251,합계
전라남도 진도군,2024-01,1588,7618,323278.9,74602.2,250139.7,36208880,6783430,29425450,합계
전라남도 신안군,2024-01,1181,11913,201255,76295.2,124959.7,22919930,8033868,14886062,합계
경상북도 포항시,2024-01,49419,930349,8545711,4220574.3,4325136.6,1503465772,545994538,957471234,합계
경상북도 경주시,2024-01,26141,481587,4893509.1,2164306.7,2753206.2,821671831,237409378,584262453,합계
경상북도 김천시,2024-01,8840,133409,1427803,654330.3,773472.6,297268369,69116256,228152113,합계
경상북도 안동시,2024-01,2853,60933,505366,220737,284628.9,97494960,27123860,70371100,합계
경상북도 구미시,2024-01,5778,131197,1168130,635002.1,533127.8,209500082,78924734,130575348,합계
경상북도 영주시,2024-01,8674,157491,1133521,434001.7,699519.2,262374468,60781563,201592905,합계
경상북도 영천시,2024-01,6626,103022,998688,366861.7,631826.2,180492401,43744210,136748191,합계
경상북도 상주시,2024-01,6926,95120,875715.1,268690.3,609448.6,225590250,36328793,189261457,합계
경상북도 문경시,2024-01,,,,,,,,,합계
경상북도 경산시,2024-01,3502,50834,604886,277209.2,327676.7,109608852,32323706,77285146,합계
경상북도 의성군,2024-01,1713,8375,287133,65825.1,221307.8,39087412,5546951,33540461,합계
경상북도 청송군,2024-01,995,5796,154583,50465.8,104117.1,17730589,4357339,13373250,합계
경상북도 영양군,2024-01,838,4588,144099,54641.1,89457.8,15699290,4868211,10831079,합계
경상북도 영덕군,2024-01,659,5898,99813,34097.6,65715.3,9488328,3127800,6360528,합계
경상북도 청도군,2024-01,597,3264,74129,22970.8,51158.1,11389358,2294980,9094378,합계
경상북도 고령군,2024-01,106,920,24225,9418.2,14806.7,3661178,770884,2890294,합계
경상북도 성주군,2024-01,30,258,6240,2202,4037.9,612750,181058,431692,합계
경상북도 칠곡군,2024-01,4833,73324,884293,352714.8,531578.1,151546294,36165470,115380824,합계
경상북도 예천군,2024-01,1331,11997,244844,64985,179858.9,34201831,5581668,28620163,합계
경상북도 봉화군,2024-01,328,1070,51097,10708.1,40388.8,6682065,781752,5900313,합계
경상북도 울진군,2024-01,383,4790,71257,23707,47549.9,10196058,1866656,8329402,합계
경상북도 울릉군,2024-01,330,3219,50427,10744.4,39682.5,7629278,1636846,5992432,합계
경상남도 창원시,2024-01,94285,1720483,17522434.8,8441475.4,9224156.5,3022615684,1041287970,1981327714,합계
경상남도 진주시,2024-01,10418,298514,2603424,1272216.8,1331207.1,463518022,146271078,317246944,합계
경상남도 통영시,2024-01,14146,299850,2761885.1,1146159.5,1722730.4,480179417,140615829,339563588,합계
경상남도 사천시,2024-01,10936,217667,1907794.6,767148,1620814.9,379168420,87463188,291705232,합계
경상남도 김해시,2024-01,23872,491710,4562174.3,2263195.8,2859220.1,813691870,284458596,529233274,합계
경상남도 밀양시,2024-01,7666,118919,1166749.1,435307.8,736053.1,219438257,50172247,169266010,합계
경상남도 거제시,2024-01,15534,369365,3216122,1622760.1,1593361.8,594405068,184088476,410316592,합계
경상남도 양산시,2024-01,6966,153706,1404797,655636.1,749160.8,265246000,77751342,187494658,합계
경상남도 의령군,2024-01,567,2684,71340,24555.6,46784.3,8520737,1999911,6520826,합계
경상남도 함안군,2024-01,3192,28318,517316,185447.1,331868.8,81550719,18118506,63432213,합계
경상남도 창녕군,2024-01,3087,18324,475002,119301.3,355700.6,78125243,11205155,66920088,합계
경상남도 고성군,2024-01,2571,24466,401025,129845.7,271179.2,66423652,13949179,52474473,합계
경상남도 남해군,2024-01,507,5253,89834,29314.7,60519.2,15282543,2647728,12634815,합계
경상남도 하동군,2024-01,640,2778,107755,23861.8,83893.1,10644364,2015735,8628629,합계
경상남도 산청군,2024-01,1524,12882,259235,107387.6,151847.3,23623392,9058336,14565056,합계
경상남도 함양군,2024-01,1975,12387,279493,57789,221703.9,43735111,5551356,38183755,합계
경상남도 거창군,2024-01,4003,58951,613653,201830.8,411822.1,102569176,22514141,80055035,합계
경상남도 합천군,2024-01,1829,8057,317262,77185.9,240076,37109529,7010848,30098681,합계
제주특별자치도,2024-01,103694,1762646,19270565.3,10100742.8,9654748.1,3071540852,1242660632,1828880220,합계
서울특별시,2024-02,1136499,16827451,233290211.6,142091314.8,133911867.1,37103894891,18402313452,18701581439,합계
부산광역시,2024-02,392098,6332801,67054967,36711196.5,30343770.4,12242182050,4959513208,7282668842,합계
대구광역시,2024-02,214155,3318430,34274430,17486936.9,16870245,6488352235,2420019309,4068332926,합계
인천광역시,2024-02,280581,4325311,53889297.1,30315612.5,23818597.4,9227056992,3748945357,5478111635,합계
광주광역시,2024-02,137521,2783574,25431557.6,15350171.2,10210305.7,4561959639,2053755607,2508204032,합계
대전광역시,2024-02,127155,2474506,22116776.2,12574410.6,11835337.3,4171798058,1787545880,2384252178,합계
울산광역시,2024-02,121288,2272740,22703528,11983997.5,11477400.4,3864668991,1472468017,2392200974,합계
세종특별자치시,2024-02,8062,148529,2005580,989762.3,1015817.6,285197844,101412444,183785400,합계
경기도 수원시,2024-02,86758,1522418,16247572.5,9638148,6696392.9,2912538814,1305977759,1606561055,합계
경기도 성남시,2024-02,46138,790543,9566420,5222082.9,4344337,1549027432,610006441,939020991,합계
경기도 의정부시,2024-02,27232,553946,5508852.8,2910103.6,3797727.3,978878929,388660264,590218665,합계
경기도 안양시,2024-02,41562,734847,8027202.2,4524718,3512809.9,1450254172,574158390,876095782,합계
경기도 부천시,2024-02,51179,789996,8584475.2,4537125.3,4287193.6,1612481726,640531227,971950499,합계
경기도 광명시,2024-02,19888,230414,3579688.1,1827825.4,1945911.5,624434070,220146217,404287853,합계
경기도 평택시,2024-02,29752,620380,5901886.9,3250821.8,3780538.1,1028841096,398901480,629939616,합계
경기도 동두천시,2024-02,8126,164563,1400234,638206.7,762027.2,283272988,78635062,204637926,합계
경기도 안산시,2024-02,53008,1055158,9388875.2,5254928.2,4394717.7,1721752206,718425121,1003327085,합계
경기도 고양시,2024-02,49620,733380,9299906.1,5652535.9,3694984,1632101357,654817006,977284351,합계
경기도 과천시,2024-02,6079,100747,1194740,653080.2,541659.7,203694637,79509211,124185426,합계
경기도 구리시,2024-02,15992,263374,3194744.9,1749058.2,1508774.7,528160016,204520914,323639102,합계
경기도 남양주시,2024-02,23489,413349,4852543.3,2673787.5,2203078.4,810658813,303561840,507096973,합계
경기도 오산시,2024-02,15444,237631,2861095.4,1599401.9,1276477,489122500,201855492,287267008,합계
경기도 시흥시,2024-02,27697,448926,5055540,2743441.9,2312098,894823483,334709020,560114463,합계
경기도 군포시,2024-02,12931,198587,2249877,1218580.1,1031296.8,408277423,154645834,253631589,합계
경기도 의왕시,2024-02,1632,24543,282037,158059.8,123977.1,49677120,19439392,30237728,합계
경기도 하남시,2024-02,7294,111163,1378968,721178.6,708255.3,230220983,86117689,144103294,합계
경기도 용인시,2024-02,37807,548347,7915972.9,4425375.9,3901702,1213603395,490950067,722653328,합계
경기도 파주시,2024-02,17154,292602,4385246,2235323.9,2149922,655394826,222600525,432794301,합계
경기도 이천시,2024-02,9843,174545,2133092.4,1034124.4,1124248.5,356698688,114534074,242164614,합계
경기도 안성시,2024-02,8993,132840,1824141.2,836518,1097697.9,283709680,89713807,193995873,합계
경기도 김포시,2024-02,13383,214966,2978782.4,1696973.3,1589941.6,456768663,190467096,266301567,합계
경기도 화성시,2024-02,26624,397208,6251359.5,3461114.2,2878359.7,888994575,378763978,510230597,합계
경기도 광주시,2024-02,9164,141216,1981600,1059378.7,922221.2,304506504,113822432,190684072,합계
경기도 양주시,2024-02,6889,110464,1325530,733552.3,591977.6,215172255,81802493,133369762,합계
경기도 포천시,2024-02,6271,95358,1352916.2,590838.4,1104838.5,212932272,60089614,152842658,합계
경기도 여주시,2024-02,4004,65585,792620,342475.4,450144.5,134453635,36807326,97646309,합계
경기도 연천군,2024-02,1499,24998,404269.9,176715.4,437197.5,45332539,14774803,30557736,합계
경기도 가평군,2024-02,3606,62092,816314,369384.6,446929.3,118360855,32673321,85687534,합계
경기도 양평군,2024-02,4535,72025,942373,397335.4,545037.5,132381628,38640535,93741093,합계
강원특별자치도 춘천시,2024-02,29307,724828,4612565.9,2332569.4,2427854.5,929551229,352355172,577196057,합계
강원특별자치도 원주시,2024-02,34014,776378,5715474.4,2960722.2,3352440.7,1081520353,389503446,692016907,합계
강원특별자치도 강릉시,2024-02,24057,577873,4106780.5,2204172.7,1931950.2,746989493,296802603,450186890,합계
강원특별자치도 동해시,2024-02,9425,203667,1419044,698123.9,720920,295682547,84616037,211066510,합계
강원특별자치도 태백시,2024-02,5219,131235,982578.1,458805.8,537506.1,170713566,50616204,120097362,합계
강원특별자치도 속초시,2024-02,11220,281903,1754231,838397.3,915833.6,349812368,118076480,231735888,합계
강원특별자치도 삼척시,2024-02,4985,120540,743422,332502.1,410919.8,171096280,42348652,128747628,합계
강원특별자치도 홍천군,2024-02,3334,72818,638398,266992.5,371405.4,121452335,27586357,93865978,합계
강원특별자치도 횡성군,2024-02,1102,14293,213760,72068.3,141691.6,37902850,6643710,31259140,합계
강원특별자치도 영월군,2024-02,1851,32712,337387,96451.3,240935.6,58541904,10282679,48259225,합계
강원특별자치도 평창군,2024-02,2539,33006,648563,268462.5,380100.4,70448653,21449293,48999360,합계
강원특별자치도 정선군,2024-02,4470,85293,1171194,418640.5,752553.4,147677317,35957185,111720132,합계
강원특별자치도 철원군,2024-02,2265,30188,423738,177846.7,245891.2,64278827,14916481,49362346,합계
강원특별자치도 화천군,2024-02,1267,16742,230846,92030.8,138815.1,37953040,7565565,30387475,합계
강원특별자치도 양구군,2024-02,849,11033,160796,71493,89302.9,20160230,5446885,14713345,합계
강원특별자치도 인제군,2024-02,1120,12009,232413,93445.7,138967.2,31470732,6545118,24925614,합계
강원특별자치도 고성군,2024-02,1470,15414,312504,119249.5,193254.4,55636656,10359270,45277386,합계
강원특별자치도 양양군,2024-02,1870,21498,308790,122564.9,186225,61666095,10987133,50678962,합계
충청북도 청주시,2024-02,77692,1461437,14097754.6,7469983.4,6631044.5,2452714935,1014642416,1438072519,합계
충청북도 충주시,2024-02,21857,442440,3564238,1547334.3,2016903.6,681566711,202847690,478719021,합계
충청북도 제천시,2024-02,10363,218287,1580082.7,688350.1,901212.8,292468163,92752497,199715666,합계
충청북도 보은군,2024-02,1679,9668,258746,78635.2,180110.7,38865083,8148842,30716241,합계
충청북도 옥천군,2024-02,3291,50117,483206,172551.4,310654.5,106520028,20684822,85835206,합계
충청북도 영동군,2024-02,2618,32566,418863,140872,277990.9,78977327,14227792,64749535,합계
충청북도 증평군,2024-02,2664,35021,457302,154660.5,304313.4,89469672,17871070,71598602,합계
충청북도 진천군,2024-02,2664,51827,679949,289706.7,391772.2,96031417,27575883,68455534,합계
충청북도 괴산군,2024-02,1266,10256,227489,90274.5,137214.4,27001900,8732967,18268933,합계
충청북도 음성군,2024-02,5284,92172,1279715,540739,738975.9,194749968,48767793,145982175,합계
충청북도 단양군,2024-02,1726,16395,250814.3,89406.6,666765.3,49449201,8549667,40899534,합계
충청남도 천안시,2024-02,46048,1080510,9504693.2,5368953,4219916.9,1646748616,718375532,928373084,합계
충청남도 공주시,2024-02,1276,17813,229168,84721.9,144446,46394133,8964367,37429766,합계
충청남도 보령시,2024-02,6954,118618,1070503,442665.6,627837.3,244795223,51906613,192888610,합계
충청남도 아산시,2024-02,22506,411734,4600120,2350487.6,2249632.3,766225080,258886960,507338120,합계
충청남도 서산시,2024-02,2287,59927,468438.2,229185.6,253652.3,100525468,27621069,72904399,합계
충청남도 논산시,2024-02,7869,120548,1321653,555759.9,765893,274449686,61234149,213215537,합계
충청남도 계룡시,2024-02,1485,29169,311378,139965,171412.9,52146343,14442391,37703952,합계
충청남도 당진시,2024-02,2492,42629,571054,216482.3,354571.6,87597536,21860115,65737421,합계
충청남도 금산군,2024-02,21,198,3881,881.9,2999,797504,100676,696828,합계
충청남도 부여군,2024-02,2924,26568,402804,143366.1,259437.8,99196294,14673662,84522632,합계
충청남도 서천군,2024-02,341,3457,57871,19795.7,38075.2,8979386,1836057,7143329,합계
충청남도 청양군,2024-02,1313,7088,190925,51520.2,139404.7,39178614,4414392,34764222,합계
충청남도 홍성군,2024-02,2582,45006,458921,184029.5,274891.4,96057641,19826304,76231337,합계
충청남도 예산군,2024-02,1256,18551,243353,80315.6,163037.3,46156511,7863631,38292880,합계
충청남도 태안군,2024-02,1446,15022,211352,65687,145664.9,44897410,6683752,38213658,합계
전북특별자치도 전주시,2024-02,57526,1271131,9769727.9,5197990.7,4805093.2,1849520420,782290687,1067229733,합계
전북특별자치도 군산시,2024-02,26390,562009,4538194,2147734.1,2390459.8,829375441,280127600,549247841,합계
전북특별자치도 익산시,2024-02,5846,121937,1044303,483370.3,560932.6,201457666,61365765,140091901,합계
전북특별자치도 정읍시,2024-02,9972,166456,1583475.5,576492.8,1212745.1,317053212,69418875,247634337,합계
전북특별자치도 남원시,2024-02,5916,94694,875197.3,317532.7,571860.2,194176099,37035801,157140298,합계
전북특별자치도 김제시,2024-02,3342,34842,509886,154447.9,355438,88951632,16805196,72146436,합계
전북특별자치도 완주군,2024-02,1040,16254,206261,92689.3,113571.6,33722916,10711319,23011597,합계
전북특별자치도 진안군,2024-02,709,4648,119878,39391,80486.9,18154320,4300254,13854066,합계
전북특별자치도 무주군,2024-02,400,3006,62128,21652.2,40475.7,7498186,1937297,5560889,합계
전북특별자치도 장수군,2024-02,464,1604,105388,19531.2,85856.7,9821601,1803557,8018044,합계
전북특별자치도 임실군,2024-02,712,3952,120833,42780.9,78052,14234185,3837938,10396247,합계
전북특별자치도 순창군,2024-02,,,,,,,,,합계
전북특별자치도 고창군,2024-02,245,2706,42644,11875.3,30768.6,7266347,1167568,6098779,합계
전북특별자치도 부안군,2024-02,81,958,13740,4301.9,9438,2792686,416769,2375917,합계
전라남도 목포시,2024-02,28594,620210,4942732,2234420.9,2708311,894214668,326772990,567441678,합계
전라남도 여수시,2024-02,30158,712929,5756864,3009123.6,2747740.3,1006297237,374765074,631532163,합계
전라남도 순천시,2024-02,9120,235544,1893895.6,969565.8,937478.1,340992936,121917476,219075460,합계
전라남도 나주시,2024-02,4776,56456,1076689,375546.2,701142.7,137271426,35170270,102101156,합계
전라남도 광양시,2024-02,7572,157170,1428600,736890.2,691709.7,269639274,82148616,187490658,합계
전라남도 담양군,2024-02,1951,15512,303826,107132.6,196693.3,51778980,10431383,41347597,합계
전라남도 곡성군,2024-02,292,1276,46465,13204.8,33260.1,7009778,1225942,5783836,합계
전라남도 구례군,2024-02,428,4197,71018,18843.5,52174.4,13252464,1826100,11426364,합계
전라남도 고흥군,2024-02,500,3011,94211,22101.7,72109.2,12889909,2792739,10097170,합계
전라남도 보성군,2024-02,1716,14796,322166,103889.2,218276.7,34237964,8874198,25363766,합계
전라남도 화순군,2024-02,2903,45622,434050,180205.7,253844.2,102394459,20092505,82301954,합계
전라남도 장흥군,2024-02,636,4850,133135,39647.2,93487.7,16143351,3466020,12677331,합계
전라남도 강진군,2024-02,43,245,7918,1538,6379.9,982403,121298,861105,합계
전라남도 해남군,2024-02,3064,40583,632663,197514.3,435148.6,83662275,18335811,65326464,합계
전라남도 영암군,2024-02,878,7404,168633,57044.9,111588,18213440,4876430,13337010,합계
전라남도 무안군,2024-02,2789,45791,577796.9,248943.7,431626.2,76808166,26153948,50654218,합계
전라남도 함평군,2024-02,,,,,,,,,합계
전라남도 영광군,2024-02,2357,25097,414659,130272.4,284386.5,81084285,12810823,68273462,합계
전라남도 장성군,2024-02,2019,16895,371843.7,110842.4,264066.5,69737645,10078257,59659388,합계
전라남도 완도군,2024-02,2178,28536,407789,112220.8,295568.1,59469240,11042879,48426361,합계
전라남도 진도군,2024-02,1526,7605,324582,77709.5,246872.4,35598670,6625902,28972768,합계
전라남도 신안군,2024-02,1085,11468,191914,76530,115383.9,21850101,8147606,13702495,합계
경상북도 포항시,2024-02,45497,915676,8102325.3,4202737.7,3917403.2,1394382664,547386425,846996239,합계
경상북도 경주시,2024-02,24214,489212,4831978.8,2262833.1,2608276.8,771182350,248516284,522666066,합계
경상북도 김천시,2024-02,8377,134472,1390911.4,659752.9,733488,281818499,70525593,211292906,합계
경상북도 안동시,2024-02,2510,55050,450772,201711.6,249060.3,84385536,24838365,59547171,합계
경상북도 구미시,2024-02,5507,126754,1123948,616741.9,507206,197295899,76758875,120537024,합계
경상북도 영주시,2024-02,8118,157248,1097850,442082.4,655767.5,246972294,61464785,185507509,합계
경상북도 영천시,2024-02,6159,103100,972127,374256.2,597870.7,165500472,44369107,121131365,합계
경상북도 상주시,2024-02,6699,98552,882826,284218.4,598607.5,219817835,37920317,181897518,합계
경상북도 문경시,2024-02,,,,,,,,,합계
경상북도 경산시,2024-02,3743,60434,716309,340479.7,375829.2,123061924,39790097,83271827,합계
경상북도 의성군,2024-02,1664,8292,287187,66137.9,221049,37886712,5738916,32147796,합계
경상북도 청송군,2024-02,917,5514,149762,50090.3,99671.6,17408520,4574273,12834247,합계
경상북도 영양군,2024-02,761,4378,131573,54104.6,77468.3,14913716,4798977,10114739,합계
경상북도 영덕군,2024-02,77,456,11519,3163.8,8355.1,1062206,303490,758716,합계
경상북도 청도군,2024-02,593,3608,82098,27883.5,54214.4,11390749,2856282,8534467,합계
경상북도 고령군,2024-02,103,976,27034,10190.9,16843,3638086,802781,2835305,합계
경상북도 성주군,2024-02,107,1036,26379,9121,17257.9,2416847,712371,1704476,합계
경상북도 칠곡군,2024-02,4626,80691,931431,408260.3,523170.6,147612146,41371234,106240912,합계
경상북도 예천군,2024-02,1266,11565,244153.1,65974.4,179502.5,32917942,5651891,27266051,합계
경상북도 봉화군,2024-02,334,1061,53818,11345.3,42472.6,6653459,829821,5823638,합계
경상북도 울진군,2024-02,278,4075,53382,19327.4,34054.5,7776193,1593722,6182471,합계
경상북도 울릉군,2024-02,618,4483,71088,16058.7,55029.2,12673230,2158093,10515137,합계
경상남도 창원시,2024-02,87834,1682409,17006561.1,8404223,8706126.9,2837933151,1037834990,1800098161,합계
경상남도 진주시,2024-02,9620,300053,2522442,1296768.7,1225673.2,430783633,150382475,280401158,합계
경상남도 통영시,2024-02,13108,308043,2718140.6,1209556,1647917.9,450863424,147725142,303138282,합계
경상남도 사천시,2024-02,10179,219887,1893344.8,792113.1,1529779.8,354615517,90212210,264403307,합계
경상남도 김해시,2024-02,22989,496136,4648172.9,2360631.2,3240086.7,791475936,295538113,495937823,합계
경상남도 밀양시,2024-02,7164,118499,1171435,454198,735120.9,206155916,52242892,153913024,합계
경상남도 거제시,2024-02,14286,360441,3108631,1619223.7,1489407.2,547333087,183309476,364023611,합계
경상남도 양산시,2024-02,6584,155751,1404614,682600.7,722013.2,247271965,80578716,166693249,합계
경상남도 의령군,2024-02,520,2874,70395,24289.8,46105.1,8227031,2046905,6180126,합계
경상남도 함안군,2024-02,2974,31733,548997,217639.7,331357.2,78811415,21582735,57228680,합계
경상남도 창녕군,2024-02,2899,18883,479747,128832.9,350914,75633425,12140050,63493375,합계
경상남도 고성군,2024-02,2368,25519,406560,139757.4,266802.5,62967921,14926699,48041222,합계
경상남도 남해군,2024-02,483,5076,87924,27934.4,59989.5,14407681,2490433,11917248,합계
경상남도 하동군,2024-02,27,88,5158,629.5,4528.4,509499,82385,427114,합계
경상남도 산청군,2024-02,1395,11781,250768,101466.4,149301.5,22847881,8411004,14436877,합계
경상남도 함양군,2024-02,1881,13303,294948,66786.5,228161.4,43076004,6175284,36900720,합계
경상남도 거창군,2024-02,3779,60049,618173,212671.3,405501.6,98226576,23606884,74619692,합계
경상남도 합천군,2024-02,1700,7455,310755,73601.9,237153,35161218,6905524,28255694,합계
제주특별자치도,2024-02,97751,1721344,18647155.5,9975679.1,9170474.8,2916829645,1222156882,1694672763,합계
서울특별시,2024-03,1251234,18660394,261807861.6,157733135.9,22231474587,40854710173,20179489764,20675220409,합계
부산광역시,2024-03,419452,6686291,72013940.6,38791257.9,33242928,13194714035,5244157853,7950556182,합계
대구광역시,2024-03,231419,3499165,36902611.3,18444239.9,18546647,7041832947,2565651079,4476181868,합계
인천광역시,2024-03,308179,4734425,60145427.9,33584829.2,26794141.7,10180824774,4087114516,6093710258,합계
광주광역시,2024-03,150347,3011382,27920533.6,16606028,11394448.9,5030957260,2228864610,2802092650,합계
대전광역시,2024-03,137445,2692633,24314859.4,13730407.7,12105120.2,4562148695,1943893684,2618255011,합계
울산광역시,2024-03,130916,2393393,24498841.2,12645123.7,12772083.2,4203022915,1549524681,2653498234,합계
세종특별자치시,2024-03,9535,183933,2435524,1201552.7,1233971.2,341418061,123114178,218303883,합계
경기도 수원시,2024-03,95736,1706061,18335253.3,10902002.7,7641552.2,3255679263,1463687204,1791992059,합계
경기도 성남시,2024-03,50822,870980,10716685,5855678.5,4861006.4,1692464151,674683500,1017780651,합계
경기도 의정부시,2024-03,29633,601131,6106223,3205202.6,4323977.3,1081822966,422996282,658826684,합계
경기도 안양시,2024-03,46118,826950,9046752.3,5147756.1,3909866.8,1628319159,647829485,980489674,합계
경기도 부천시,2024-03,59572,906604,10038618,5240352.7,5076628.2,1877745615,729292199,1148453416,합계
경기도 광명시,2024-03,21719,251637,3936385.9,1991506.3,2018596.6,682145221,237289689,444855532,합계
경기도 평택시,2024-03,32686,682332,6531962.6,3612010.6,4435320.3,1137888867,439933987,697954880,합계
경기도 동두천시,2024-03,8830,173372,1495380,666054.5,829325.4,314342223,81930404,232411819,합계
경기도 안산시,2024-03,57863,1156580,10395803.9,5811461.1,5064758.8,1898256347,788183818,1110072529,합계
경기도 고양시,2024-03,53567,783850,10049833.1,6028220.2,4023432.7,1773491705,692370974,1081120731,합계
경기도 과천시,2024-03,6844,112942,1360780,743645.9,617134,232394985,89566041,142828944,합계
경기도 구리시,2024-03,17748,289043,3567567.8,1942193.8,1652790.1,586360879,224535815,361825064,합계
경기도 남양주시,2024-03,25908,452385,5426790.8,2970610.3,2499043.6,903550939,333050383,570500556,합계
경기도 오산시,2024-03,16495,257050,3105001,1726434.3,1378566.6,530983454,219275221,311708233,합계
경기도 시흥시,2024-03,31337,510733,5733176,3133681.6,2599494.3,1019201184,381095601,638105583,합계
경기도 군포시,2024-03,14214,217188,2483115,1338581.5,1144533.4,458998183,169558280,289439903,합계
경기도 의왕시,2024-03,1849,27637,322078.2,183777.9,141434,56374455,21913584,34460871,합계
경기도 하남시,2024-03,7970,119520,1512153.5,787527.3,763034.6,255090295,93343742,161746553,합계
경기도 용인시,2024-03,41022,606194,8793759,4907643.8,4371095.1,1331012731,541622356,789390375,합계
경기도 파주시,2024-03,18644,317355,4798450,2403760.8,2394689.1,722557352,238041248,484516104,합계
경기도 이천시,2024-03,11304,195881,2381308.3,1143707.9,1328703,403125388,127041254,276084134,합계
경기도 안성시,2024-03,9559,144275,1965708.8,896327.5,1227062.4,303252988,96607480,206645508,합계
경기도 김포시,2024-03,14412,231035,3222794.1,1836991.1,1576982.8,496494426,205227438,291266988,합계
경기도 화성시,2024-03,29075,439324,6946733.3,3829161.6,3302572.3,984592941,419968553,564624388,합계
경기도 광주시,2024-03,9895,149527,2103729,1107533.5,996195.4,329248406,119645284,209603122,합계
경기도 양주시,2024-03,7395,122159,1457456,806658.5,650797.4,233562672,90221559,143341113,합계
경기도 포천시,2024-03,6780,103328,1468508.3,626637.5,1173050.4,229840347,63856661,165983686,합계
경기도 여주시,2024-03,4766,80070,984369,423605.9,560763,160687287,45238527,115448760,합계
경기도 연천군,2024-03,1632,26813,414618.1,178941.4,544255.5,48798433,15101424,33697009,합계
경기도 가평군,2024-03,3993,63443,851636,381034.8,470601.1,129138292,33290100,95848192,합계
경기도 양평군,2024-03,4812,74953,985773,407793.3,577979.6,142268199,40133000,102135199,합계
강원특별자치도 춘천시,2024-03,31745,815151,5136989.5,2629262.2,2983891.7,1023036742,405079007,617957735,합계
강원특별자치도 원주시,2024-03,37373,866862,6490004.4,3369748.6,4035122.3,1203980681,438320288,765660393,합계
강원특별자치도 강릉시,2024-03,28011,643867,4631731.1,2349478,2312045.9,891361533,316644229,574717304,합계
강원특별자치도 동해시,2024-03,9965,199153,1448093,672796.7,775296.2,317779177,80660001,237119176,합계
강원특별자치도 태백시,2024-03,5721,127416,1047197,434131.6,613065.3,184795574,45059744,139735830,합계
강원특별자치도 속초시,2024-03,12458,283411,1893004,834052.2,1058951.7,389901775,115787577,274114198,합계
강원특별자치도 삼척시,2024-03,5524,132356,834679,357608.5,477070.4,191676106,45044797,146631309,합계
강원특별자치도 홍천군,2024-03,3560,73214,643190,261383.7,381806.2,129729711,27371428,102358283,합계
강원특별자치도 횡성군,2024-03,1166,15338,226045,74949.4,151095.5,40172774,7004789,33167985,합계
강원특별자치도 영월군,2024-03,1915,33386,354283,98612.3,255670.6,60124842,10643570,49481272,합계
강원특별자치도 평창군,2024-03,2553,21910,446384,158298,288085.9,50617896,12531564,38086332,합계
강원특별자치도 정선군,2024-03,4723,78328,1171021,410339.1,760681.8,156286187,33049087,123237100,합계
강원특별자치도 철원군,2024-03,2404,31122,445407,186298.5,259108.4,69340382,15651386,53688996,합계
강원특별자치도 화천군,2024-03,1370,18301,249569,99479.3,150089.6,41635363,7946201,33689162,합계
강원특별자치도 양구군,2024-03,891,12444,181416,80104,101311.9,21803055,6109859,15693196,합계
강원특별자치도 인제군,2024-03,1230,13102,251196,101098.7,150097.2,33039890,7006976,26032914,합계
강원특별자치도 고성군,2024-03,1652,15246,329083,117573.4,211509.5,61035419,9887417,51148002,합계
강원특별자치도 양양군,2024-03,2091,20852,313147,117102.1,196044.8,67243431,10352317,56891114,합계
충청북도 청주시,2024-03,84114,1599403,15473515,8134050.5,7354329.4,2691424719,1115182954,1576241765,합계
충청북도 충주시,2024-03,23472,494307,4070356,1798595.6,2271760.3,758358580,231517340,526841240,합계
충청북도 제천시,2024-03,12193,263994,1955730.6,861028.3,1096129.6,349580321,114087498,235492823,합계
충청북도 보은군,2024-03,1769,10092,277247,82187.6,195059.3,40218388,8750347,31468041,합계
충청북도 옥천군,2024-03,3486,52044,535312,182367.5,352944.4,112677546,21613242,91064304,합계
충청북도 영동군,2024-03,2774,35554,458458,157967,300490.9,83726979,15360870,68366109,합계
충청북도 증평군,2024-03,2878,37530,504882,167613.7,337268.2,97379383,19280829,78098554,합계
충청북도 진천군,2024-03,2905,56927,727218.2,306478.5,422346.4,104342385,29442106,74900279,합계
충청북도 괴산군,2024-03,1415,14222,274711,109130.3,165580.6,32003613,10922279,21081334,합계
충청북도 음성군,2024-03,5712,99665,1380583,575271.3,805311.6,212520226,51692389,160827837,합계
충청북도 단양군,2024-03,1857,17434,268422,88943.1,690366.8,52785774,8688462,44097312,합계
충청남도 천안시,2024-03,50251,1219413,10703420.9,6086197.2,4694944.7,1832614741,818580949,1014033792,합계
충청남도 공주시,2024-03,1311,19039,246915,92407.7,154507.2,49302340,9815717,39486623,합계
충청남도 보령시,2024-03,7412,118527,1111398,440906,670491.9,265923134,51796911,214126223,합계
충청남도 아산시,2024-03,24723,473125,5224862,2700168.4,2524693.5,856626848,297706118,558920730,합계
충청남도 서산시,2024-03,2451,62240,511146.7,245016.1,349721.8,109300115,29156561,80143554,합계
충청남도 논산시,2024-03,8357,127733,1377835,580894.2,796940.7,292972214,64682928,228289286,합계
충청남도 계룡시,2024-03,1585,27572,306047,134430,171616.9,55287924,13915338,41372586,합계
충청남도 당진시,2024-03,2672,45533,607488,228294.5,379193.4,95431912,22959462,72472450,합계
충청남도 금산군,2024-03,31,333,6067,1578.9,4488,1219740,176159,1043581,합계
충청남도 부여군,2024-03,3400,30272,488797,178624.3,310172.6,116548967,17968766,98580201,합계
충청남도 서천군,2024-03,365,3842,65027,22357.6,42669.3,9618933,2015861,7603072,합계
충청남도 청양군,2024-03,1439,8335,208850,53709.5,155140.4,42935346,4773612,38161734,합계
충청남도 홍성군,2024-03,2792,48710,492475,192418.4,300056.5,104679362,20820738,83858624,합계
충청남도 예산군,2024-03,1399,20737,269955,89899,180056,51564920,8922593,42642327,합계
충청남도 태안군,2024-03,1511,15412,228425,70753.4,157671.5,47381142,6964665,40416477,합계
전북특별자치도 전주시,2024-03,63490,1401805,10996547.2,5758977.4,5418678.5,2069087137,864073698,1205013439,합계
전북특별자치도 군산시,2024-03,28300,584650,4910367.3,2282572.2,2634629.7,897854856,293130771,604724085,합계
전북특별자치도 익산시,2024-03,6390,131640,1146635,516669.4,629965.5,221569047,66315808,155253239,합계
전북특별자치도 정읍시,2024-03,10657,176887,1690407.9,605610,1275691.9,337943920,73331684,264612236,합계
전북특별자치도 남원시,2024-03,6233,97932,945084,333912.7,611171.2,206602496,38782972,167819524,합계
전북특별자치도 김제시,2024-03,3542,36306,541040,163010.3,378029.6,96096229,17490813,78605416,합계
전북특별자치도 완주군,2024-03,1163,18042,244454.1,108177.6,138000.3,40173959,12112479,28061480,합계
전북특별자치도 진안군,2024-03,826,5657,170975,49162.4,121812.5,21965467,5417337,16548130,합계
전북특별자치도 무주군,2024-03,412,2507,55900,17701.3,38198.6,6496738,1638624,4858114,합계
전북특별자치도 장수군,2024-03,551,2056,136783,27523.4,109259.5,12339840,2864216,9475624,합계
전북특별자치도 임실군,2024-03,795,5152,147725,55544.1,92180.8,16694568,4938762,11755806,합계
전북특별자치도 순창군,2024-03,,,,,,,,,합계
전북특별자치도 고창군,2024-03,255,2840,47002,13588,33413.9,7534301,1216546,6317755,합계
전북특별자치도 부안군,2024-03,61,507,8947,2103.1,6843.8,1746669,234431,1512238,합계
전라남도 목포시,2024-03,31371,666719,5466795,2386722.7,3080072.2,994798986,352157251,642641735,합계
전라남도 여수시,2024-03,29526,661948,5494122,2786917.1,2707204.8,983443331,350435227,633008104,합계
전라남도 순천시,2024-03,9720,244532,1995915.4,1016300,1059136.9,362999244,128167179,234832065,합계
전라남도 나주시,2024-03,5265,62754,1199194,406260.6,792933.3,153242681,38110179,115132502,합계
전라남도 광양시,2024-03,8091,164064,1537744,775455.6,792394.3,293931692,86564146,207367546,합계
전라남도 담양군,2024-03,2035,15516,316225,106503.9,209721,54493416,10620283,43873133,합계
전라남도 곡성군,2024-03,336,1448,57837,15959.4,41877.5,8363808,1397736,6966072,합계
전라남도 구례군,2024-03,465,4972,82971,23414.1,59556.8,15587735,2199030,13388705,합계
전라남도 고흥군,2024-03,507,2784,93276,19877.4,73398.5,11865554,1842477,10023077,합계
전라남도 보성군,2024-03,1844,14690,351692,104765.7,246926.2,36476562,9100880,27375682,합계
전라남도 화순군,2024-03,3178,47741,473861,187570.9,286290,113892241,20944134,92948107,합계
전라남도 장흥군,2024-03,791,5591,155761,44501.8,111259.1,19332806,3933378,15399428,합계
전라남도 강진군,2024-03,1002,9053,198571,47078.9,151492,22598530,4668234,17930296,합계
전라남도 해남군,2024-03,4002,51014,800906,244620.7,556285.2,106901333,23046950,83854383,합계
전라남도 영암군,2024-03,1426,12879,287809,98199.6,189609.3,30693317,8327351,22365966,합계
전라남도 무안군,2024-03,3069,49307,641783.5,265217.6,471031.3,85826735,28193998,57632737,합계
전라남도 함평군,2024-03,,,,,,,,,합계
전라남도 영광군,2024-03,2487,25410,441200,126362.8,314837.1,88946673,12772958,76173715,합계
전라남도 장성군,2024-03,2191,17899,389666.6,115499.3,297482.6,76775760,10799738,65976022,합계
전라남도 완도군,2024-03,2257,28906,408149,109949.3,298199.6,61054099,10993973,50060126,합계
전라남도 진도군,2024-03,1631,7756,334914,75573.1,260876.8,37241377,6647045,30594332,합계
전라남도 신안군,2024-03,1207,11619,215977,80855.5,135121.4,24247369,8490039,15757330,합계
경상북도 포항시,2024-03,50080,957626,8859862.6,4397685.3,4494822.6,1542678923,568569160,974109763,합계
경상북도 경주시,2024-03,26146,510969,5159173.9,2380775.5,2799796.4,842711720,265910223,576801497,합계
경상북도 김천시,2024-03,8921,147150,1514804,720286.5,794517.4,302903486,77128840,225774646,합계
경상북도 안동시,2024-03,2717,61784,503792,228784.2,275007.7,93484456,28072905,65411551,합계
경상북도 구미시,2024-03,6323,140719,1287031,693455,593575.9,227335479,85721471,141614008,합계
경상북도 영주시,2024-03,8743,169774,1198985,474105.9,724879,271421483,66639841,204781642,합계
경상북도 영천시,2024-03,6641,103715,1010780,376131.6,634648.3,174173604,44835762,129337842,합계
경상북도 상주시,2024-03,7190,97935,954241.5,286127.6,669727.3,236181150,37882873,198298277,합계
경상북도 문경시,2024-03,,,,,,,,,합계
경상북도 경산시,2024-03,4504,76912,910072,436364.7,473707.2,152216105,50564048,101652057,합계
경상북도 의성군,2024-03,1728,8381,307026.7,68452.5,240279.4,38732578,5822590,32909988,합계
경상북도 청송군,2024-03,993,5603,158315,52603.1,105711.8,18652420,4741075,13911345,합계
경상북도 영양군,2024-03,829,4707,152977,58034.1,94942.8,16976595,5057033,11919562,합계
경상북도 영덕군,2024-03,129,1126,16673,5686.6,10986.3,1677879,655577,1022302,합계
경상북도 청도군,2024-03,621,3814,81231,26166.1,55064.8,11474079,2595587,8878492,합계
경상북도 고령군,2024-03,103,818,24164,8925.1,15238.8,3308009,723675,2584334,합계
경상북도 성주군,2024-03,89,806,20101,7391.9,12709,2020001,536305,1483696,합계
경상북도 칠곡군,2024-03,5013,85468,970780,427650.1,543129.8,157139144,43552627,113586517,합계
경상북도 예천군,2024-03,1349,11873,242095.2,64443.6,179120.3,32599052,5654019,26945033,합계
경상북도 봉화군,2024-03,333,1005,53032,9927.7,43104.2,6370200,823217,5546983,합계
경상북도 울진군,2024-03,306,3953,57169,17761.8,39407.1,8227722,1441587,6786135,합계
경상북도 울릉군,2024-03,869,6719,110322,22480.9,87841,18982027,3358057,15623970,합계
경상남도 창원시,2024-03,94143,1791843,18364131.7,9034018.1,9794697.8,3064872608,1112358859,1952513749,합계
경상남도 진주시,2024-03,10296,316223,2681224,1344430.9,1336793,468365214,156581374,311783840,합계
경상남도 통영시,2024-03,13932,299020,2778937.1,1168880.6,1820361.3,479285937,142874226,336411711,합계
경상남도 사천시,2024-03,10824,219183,1946279.3,791857.2,1478160.7,383032566,89735178,293297388,합계
경상남도 김해시,2024-03,24702,527856,5003413.8,2494019.9,3436967,869971897,314915763,555056134,합계
경상남도 밀양시,2024-03,7613,122501,1231807,468580.1,763226.8,221567615,53914800,167652815,합계
경상남도 거제시,2024-03,15500,375209,3246277,1665946.8,1580330.1,597825830,190006960,407818870,합계
경상남도 양산시,2024-03,7126,162556,1473551,710387.2,763163.7,269686104,84434741,185251363,합계
경상남도 의령군,2024-03,561,2970,73805,25767.6,48037.3,8606557,2098404,6508153,합계
경상남도 함안군,2024-03,3128,28933,533008,192166.1,340841.8,79677287,19158299,60518988,합계
경상남도 창녕군,2024-03,3154,19915,525247,142202.9,383044,78687811,13837151,64850660,합계
경상남도 고성군,2024-03,2488,24555,397840,131319.7,266520.2,62446789,13951251,48495538,합계
경상남도 남해군,2024-03,565,5766,110271,36391.9,73879,18142958,3733181,14409777,합계
경상남도 하동군,2024-03,1443,7765,286431,76282.5,210148.4,27716493,7967625,19748868,합계
경상남도 산청군,2024-03,1433,12181,258962,102435.9,156526,23310362,8535422,14774940,합계
경상남도 함양군,2024-03,1950,12566,289572,60030.7,229541.2,42711720,5583702,37128018,합계
경상남도 거창군,2024-03,4086,61196,682678,215538.2,467139.7,105701527,24149152,81552375,합계
경상남도 합천군,2024-03,1787,7611,327744,76974.5,250769.4,36543844,7301349,29242495,합계
제주특별자치도,2024-03,105500,1799797,19902513.3,10190063.6,10033268.3,3173875025,1257158082,1916716943,합계
서울특별시,2024-04,1282439,19082660,275513025.6,163852203.2,26648086924.7,43629352440,21164548048,22464804392,합계
부산광역시,2024-04,404815,6449576,70274286.9,37898612.4,32379670.5,12766912452,5131535789,7635376663,합계
대구광역시,2024-04,222070,3331686,35656676,17688608.5,18040461.4,6748124750,2461456681,4286668069,합계
인천광역시,2024-04,303887,4634339,59803927.6,33318674.4,26694504.5,10072277649,4077534554,5994743095,합계
광주광역시,2024-04,156665,3172829,29532247,17653051.1,11879195.8,5190466741,2381218292,2809248449,합계
대전광역시,2024-04,134044,2596418,23863987.9,13385398.4,11989267.5,4449494200,1901499808,2547994392,합계
울산광역시,2024-04,126331,2304331,23741633.3,12265157.4,12362408.5,4068570555,1508180219,2560390336,합계
세종특별자치시,2024-04,9423,179531,2428106,1197523.7,1230582.2,335192895,121869346,213323549,합계
경기도 수원시,2024-04,93338,1642653,17788939.5,10614886.9,7333895,3157519558,1442457299,1715062259,합계
경기도 성남시,2024-04,53248,895133,11107530,6061327.8,5046202.1,1760359386,707026416,1053332970,합계
경기도 의정부시,2024-04,28849,577359,6029160,3147783.7,3750719.2,1052137999,412609638,639528361,합계
경기도 안양시,2024-04,54954,946701,10485185.2,5896010.1,4725055.8,1899071061,753857491,1145213570,합계
경기도 부천시,2024-04,58621,878194,9932010.8,5179653.5,5200923.4,1844976472,725716737,1119259735,합계
경기도 광명시,2024-04,21713,249635,4073012.3,2055702.3,2196420.6,689220722,242923981,446296741,합계
경기도 평택시,2024-04,31294,634143,6240982.3,3431257.1,3627935.8,1087274350,419062405,668211945,합계
경기도 동두천시,2024-04,8655,167199,1477511,651508.3,826002.6,309601988,80759789,228842199,합계
경기도 안산시,2024-04,55621,1091271,10005645.6,5569791.8,4709576.1,1816349162,757508904,1058840258,합계
경기도 고양시,2024-04,51812,755349,9823587.7,5900276.6,3938650.3,1709943459,677934867,1032008592,합계
경기도 과천시,2024-04,6598,107279,1314678,723525.8,591152.1,224547920,87744817,136803103,합계
경기도 구리시,2024-04,17307,275638,3465036.9,1868193.8,1791966.1,572687232,217600480,355086752,합계
경기도 남양주시,2024-04,25096,430462,5269211.9,2880370.9,2402330,872436669,324254813,548181856,합계
경기도 오산시,2024-04,15996,244454,3001284.5,1667265,1344280.9,513451461,213119657,300331804,합계
경기도 시흥시,2024-04,30759,495922,5662327.6,3101498.8,2596201.1,1001227192,379098728,622128464,합계
경기도 군포시,2024-04,12886,195669,2259426,1217618.2,1041807.7,421417909,155199875,266218034,합계
경기도 의왕시,2024-04,3099,46956,550062,309578.9,240483,98531165,38568402,59962763,합계
경기도 하남시,2024-04,7704,114502,1513486.8,784000.6,736299.3,248388777,92990923,155397854,합계
경기도 용인시,2024-04,39312,570460,8478033.7,4727098.4,4836417.5,1266346915,525856281,740490634,합계
경기도 파주시,2024-04,18249,311728,4794957,2395601.7,2399355.2,714041096,237726841,476314255,합계
경기도 이천시,2024-04,11257,196034,2425189.7,1166324.1,1290289.8,406718143,129803194,276914949,합계
경기도 안성시,2024-04,9313,142250,1949679.3,886361.7,1252669.2,301432524,96394531,205037993,합계
경기도 김포시,2024-04,14238,217585,3160452,1771241.8,1443715.1,482017334,195092505,286924829,합계
경기도 화성시,2024-04,27904,413711,6687573.3,3654699.4,3255213.5,942111682,404306234,537805448,합계
경기도 광주시,2024-04,9572,145222,2045254,1079482.6,965771.3,319740302,119035266,200705036,합계
경기도 양주시,2024-04,7415,120680,1470276.2,803081.5,668871.4,233007545,89770501,143237044,합계
경기도 포천시,2024-04,6476,98689,1435786.2,609880.7,1187509.2,216137570,62424558,153713012,합계
경기도 여주시,2024-04,4508,78131,969717,425299.6,544417.3,149582395,45176709,104405686,합계
경기도 연천군,2024-04,1566,25898,416132.4,178420.9,467628,46758975,15023892,31735083,합계
경기도 가평군,2024-04,3817,67856,906825,413415.1,493409.8,127575989,37195071,90380918,합계
경기도 양평군,2024-04,4604,75567,1028344,430433.3,597910.6,148584338,42954961,105629377,합계
강원특별자치도 춘천시,2024-04,31502,808412,5181572.6,2651304.8,2996713.1,1033904395,406174404,627729991,합계
강원특별자치도 원주시,2024-04,36884,854260,6510170.3,3357945,4030565.9,1198408080,438288388,760119692,합계
강원특별자치도 강릉시,2024-04,27050,634103,4573009.5,2367578.5,2238336.4,863018138,320791665,542226473,합계
강원특별자치도 동해시,2024-04,9707,196163,1448924,669714,779209.9,308563466,80269270,228294196,합계
강원특별자치도 태백시,2024-04,5518,124790,1038545,435734,602810.9,178426126,44945337,133480789,합계
강원특별자치도 속초시,2024-04,12050,285147,1902153,862293.6,1039859.3,379656011,118279763,261376248,합계
강원특별자치도 삼척시,2024-04,5313,130483,845191,365619.5,479571.4,187020856,45217273,141803583,합계
강원특별자치도 홍천군,2024-04,3620,76137,675041,273697.2,401343.7,133754671,29159286,104595385,합계
강원특별자치도 횡성군,2024-04,1124,15687,234833,79201.9,155631,39293904,7544098,31749806,합계
강원특별자치도 영월군,2024-04,1841,33785,361685,105742,255942.9,57545157,11502206,46042951,합계
강원특별자치도 평창군,2024-04,2483,20593,442028,148696.1,293331.8,44949393,11977444,32971949,합계
강원특별자치도 정선군,2024-04,4478,72093,1134743,397911.8,736831.1,147072512,31246706,115825806,합계
강원특별자치도 철원군,2024-04,2408,31218,447057,187141.4,259915.5,67539169,15801645,51737524,합계
강원특별자치도 화천군,2024-04,1285,17386,248799,100798,148000.9,37157602,8093554,29064048,합계
강원특별자치도 양구군,2024-04,883,12888,195601,85915.5,109685.4,22008738,6474248,15534490,합계
강원특별자치도 인제군,2024-04,1186,12960,256320,101731.6,154588.3,32068690,7131225,24937465,합계
강원특별자치도 고성군,2024-04,1633,16043,347898,126478,221419.9,59941823,10746843,49194980,합계
강원특별자치도 양양군,2024-04,2004,22190,340493,132335.8,208157.1,65334571,11415168,53919403,합계
충청북도 청주시,2024-04,80340,1516832,14911686.1,7822427.6,7094063.3,2569079157,1069710830,1499368327,합계
충청북도 충주시,2024-04,22666,475029,3966597,1755738.3,2210858.6,728059805,226953288,501106517,합계
충청북도 제천시,2024-04,12830,277120,2106874.5,913583,1211576.9,367708305,122038829,245669476,합계
충청북도 보은군,2024-04,1737,11046,296547,86995.3,209551.6,39491992,9643672,29848320,합계
충청북도 옥천군,2024-04,3329,50314,550698,186029.3,364668.6,106992962,21959610,85033352,합계
충청북도 영동군,2024-04,2697,35414,477805,163539.5,314265.4,82342876,15905790,66437086,합계
충청북도 증평군,2024-04,2760,34793,483187,156391.6,326795.3,91906687,18042981,73863706,합계
충청북도 진천군,2024-04,3491,66802,855494.6,359844.8,496923.1,124523259,34848221,89675038,합계
충청북도 괴산군,2024-04,1372,13815,276623,109616.9,167006,31031638,11219474,19812164,합계
충청북도 음성군,2024-04,5483,95161,1348218,552423,795794.9,204282867,50355160,153927707,합계
충청북도 단양군,2024-04,1899,20128,319901.5,109445.2,631418.7,54780085,10830324,43949761,합계
충청남도 천안시,2024-04,48352,1148629,10278606,5810085.6,4551035.3,1754939451,783497959,971441492,합계
충청남도 공주시,2024-04,1295,18230,239277,90817,148459.9,45549168,9900538,35648630,합계
충청남도 보령시,2024-04,7108,117988,1144147,461369.1,682777.8,254753433,53881949,200871484,합계
충청남도 아산시,2024-04,24258,468756,5159377.8,2703472.4,2474406.5,832921006,299022747,533898259,합계
충청남도 서산시,2024-04,2506,62109,534394.4,254585.8,467410.1,112458019,30221801,82236218,합계
충청남도 논산시,2024-04,8000,122642,1388353,592621.4,795731.5,282230470,63576402,218654068,합계
충청남도 계룡시,2024-04,1514,28037,308356,137809,170546.9,52654402,14451958,38202444,합계
충청남도 당진시,2024-04,2533,43298,587813,222466.2,365346.7,89376476,22282278,67094198,합계
충청남도 금산군,2024-04,275,2800,48816,15384.1,33431.8,9106704,1619427,7487277,합계
충청남도 부여군,2024-04,3400,31555,525087,193227.2,331859.7,118178866,19250806,98928060,합계
충청남도 서천군,2024-04,348,3837,70284,24036.7,46247.2,9091228,2206944,6884284,합계
충청남도 청양군,2024-04,1391,8076,209341,51543.3,157797.6,41299949,4677015,36622934,합계
충청남도 홍성군,2024-04,2673,46803,472952,188381.2,284570.7,98180762,20468900,77711862,합계
충청남도 예산군,2024-04,1355,20048,261266,90677.5,170588.4,49076555,8888326,40188229,합계
충청남도 태안군,2024-04,1487,15504,240931,74718.6,166212.3,46880596,7268956,39611640,합계
전북특별자치도 전주시,2024-04,67305,1460066,11660387.2,6081463.2,5639594.7,2179532487,919505432,1260027055,합계
전북특별자치도 군산시,2024-04,28070,592531,4969222.5,2335725.4,2637578.5,887747759,300843335,586904424,합계
전북특별자치도 익산시,2024-04,6150,125908,1122561,502922.9,619638,214066044,64183359,149882685,합계
전북특별자치도 정읍시,2024-04,10271,171409,1681870,612933.8,1068936.1,324186883,73192190,250994693,합계
전북특별자치도 남원시,2024-04,6242,100888,978516,351635.5,626880.4,207368889,40965954,166402935,합계
전북특별자치도 김제시,2024-04,6627,85857,1057615,329996.2,727618.7,178417931,38050798,140367133,합계
전북특별자치도 완주군,2024-04,2884,33662,614117,242924.4,371192.5,92798971,25571540,67227431,합계
전북특별자치도 진안군,2024-04,799,6959,193730,56846.7,136883.2,21967208,5705185,16262023,합계
전북특별자치도 무주군,2024-04,909,5932,147174,46042.9,101131,16773983,4136314,12637669,합계
전북특별자치도 장수군,2024-04,616,2388,154958,31887.8,123070.1,14012553,3130306,10882247,합계
전북특별자치도 임실군,2024-04,811,5407,164562,60768.3,103793.6,17752818,5466906,12285912,합계
전북특별자치도 순창군,2024-04,938,7402,180010,60702.9,119307,26978995,6459479,20519516,합계
전북특별자치도 고창군,2024-04,248,2866,45510,12917.8,32592.1,6752031,1219508,5532523,합계
전북특별자치도 부안군,2024-04,666,6021,117095,34097.8,82997.1,18328318,3462825,14865493,합계
전라남도 목포시,2024-04,29968,660030,5325660,2371355.3,2954304.6,950263816,349215182,601048634,합계
전라남도 여수시,2024-04,16187,403038,3282626,1714469,1568156.9,562606771,208331965,354274806,합계
전라남도 순천시,2024-04,9481,240479,1966692.2,1009633,1250274.9,354118256,127619742,226498514,합계
전라남도 나주시,2024-04,5294,64595,1250803,430434.3,820368.6,154025131,40095662,113929469,합계
전라남도 광양시,2024-04,7795,158493,1496815.2,751235.8,770967.1,284690311,84105345,200584966,합계
전라남도 담양군,2024-04,1942,15711,322151,110081.3,212069.6,51909933,10960384,40949549,합계
전라남도 곡성군,2024-04,898,4853,161407,44589.8,116817.1,21109053,3592700,17516353,합계
전라남도 구례군,2024-04,435,4466,79947,20432.6,59514.3,14409939,1930002,12479937,합계
전라남도 고흥군,2024-04,482,2923,93703,20554.5,73148.4,11067497,1794215,9273282,합계
전라남도 보성군,2024-04,1783,15889,374948,116021.5,258926.4,37860845,10084061,27776784,합계
전라남도 화순군,2024-04,3038,46419,480597,190320.4,290276.5,107208085,21146106,86061979,합계
전라남도 장흥군,2024-04,1529,11048,314220,86280.3,227939.6,38338873,7706076,30632797,합계
전라남도 강진군,2024-04,1300,11601,269105,65228.8,203876.1,31930413,6242849,25687564,합계
전라남도 해남군,2024-04,3923,50669,839748,261688.4,578059.5,105303361,24132212,81171149,합계
전라남도 영암군,2024-04,1412,12757,296166,98679.6,197486.3,30736860,8484671,22252189,합계
전라남도 무안군,2024-04,3111,49966,685143.4,280717.2,524879.7,89380927,29430317,59950610,합계
전라남도 함평군,2024-04,,,,,,,,,합계
전라남도 영광군,2024-04,2420,26443,485509,139385.5,346123.4,88725167,13529647,75195520,합계
전라남도 장성군,2024-04,2157,18555,396223,122156.7,274066.2,77306319,11445279,65861040,합계
전라남도 완도군,2024-04,2232,28765,427625,112953,314671.9,61531121,11302402,50228719,합계
전라남도 진도군,2024-04,1627,7855,360500.1,80092.1,283959.8,37606510,7089286,30517224,합계
전라남도 신안군,2024-04,1033,11852,189438,64162,125275.9,22327812,6889385,15438427,합계
경상북도 포항시,2024-04,48811,930549,8698484,4307335.8,4391148.1,1502061499,558217694,943843805,합계
경상북도 경주시,2024-04,25375,506194,5245426.1,2503136.7,2894844.2,824467268,278726458,545740810,합계
경상북도 김천시,2024-04,8995,150267,1540054.4,738208.7,804338.2,309563644,79430005,230133639,합계
경상북도 안동시,2024-04,3357,70400,603320,275510.5,327809.4,106169402,33110745,73058657,합계
경상북도 구미시,2024-04,6249,138398,1289434,689782.4,599651.5,226586549,85536481,141050068,합계
경상북도 영주시,2024-04,9214,183534,1306378,521228,785149.9,279065021,72940361,206124660,합계
경상북도 영천시,2024-04,6346,100701,1001450.4,372672,633390.9,169277684,44808490,124469194,합계
경상북도 상주시,2024-04,6920,93534,922223,281320.4,640902.5,228439118,37010440,191428678,합계
경상북도 문경시,2024-04,794,13585,129782,49850.5,79931.4,27906222,5598919,22307303,합계
경상북도 경산시,2024-04,4211,66441,803531,382136.1,421394.8,136008057,44297257,91710800,합계
경상북도 의성군,2024-04,1728,8585,309614,65505.1,244108.8,38143552,5812149,32331403,합계
경상북도 청송군,2024-04,967,5705,163657,54719.6,108937.3,18254580,4953971,13300609,합계
경상북도 영양군,2024-04,835,4655,161439,59075.4,102363.5,17371323,5356852,12014471,합계
경상북도 영덕군,2024-04,1370,11406,214914,69212.9,145701,19619700,6364430,13255270,합계
경상북도 청도군,2024-04,578,3523,78364,25571,52792.9,10544764,2620280,7924484,합계
경상북도 고령군,2024-04,108,907,26736,9738.3,16997.6,3508768,786547,2722221,합계
경상북도 성주군,2024-04,645,5674,141872,46689.9,95182,14743230,4478069,10265161,합계
경상북도 칠곡군,2024-04,4863,85984,971734,445158.8,526575.1,155311547,45085322,110226225,합계
경상북도 예천군,2024-04,1340,10908,246917,61762.9,185154,31196366,5357197,25839169,합계
경상북도 봉화군,2024-04,1050,3692,198898,43158.7,155739.2,21065611,3733254,17332357,합계
경상북도 울진군,2024-04,1152,12191,214683,58987.9,155695,26010965,5032449,20978516,합계
경상북도 울릉군,2024-04,1012,10245,183448,34323.2,149124.7,27182296,5236169,21946127,합계
경상남도 창원시,2024-04,93754,1781863,18310036,8965974.1,10315038.8,3047219117,1108794675,1938424442,합계
경상남도 진주시,2024-04,30400,707964,5967849.1,3012462,3016357.9,1064551867,367851549,696700318,합계
경상남도 통영시,2024-04,13482,298967,2726951.9,1181038.7,1717456.2,461355313,144530117,316825196,합계
경상남도 사천시,2024-04,10267,214384,1903488.1,779216.7,1543278.2,362168070,88426429,273741641,합계
경상남도 김해시,2024-04,28174,590329,5579988.1,2797329.5,3622353.4,969651207,355388964,614262243,합계
경상남도 밀양시,2024-04,7265,119927,1196497.1,460561.8,739618.1,214233282,53534747,160698535,합계
경상남도 거제시,2024-04,14823,364555,3205595,1658630,1546964.9,576897771,188101323,388796448,합계
경상남도 양산시,2024-04,6847,153753,1412318,673528.1,738789.8,258490140,80621701,177868439,합계
경상남도 의령군,2024-04,551,3360,80115,29220.2,50894.7,8757070,2339994,6417076,합계
경상남도 함안군,2024-04,3034,28684,544522,196093.4,348428.5,79406650,19807258,59599392,합계
경상남도 창녕군,2024-04,3084,20042,547388,149075.9,398312,78235070,14411409,63823661,합계
경상남도 고성군,2024-04,2438,23886,405237,133449,271787.9,62205251,14005314,48199937,합계
경상남도 남해군,2024-04,2121,14406,346466,106621,239844.9,50206552,10225759,39980793,합계
경상남도 하동군,2024-04,1642,8337,328825,79903.3,248921.6,31566320,7772435,23793885,합계
경상남도 산청군,2024-04,1440,13283,285074,113648.6,171425.3,26088866,9559202,16529664,합계
경상남도 함양군,2024-04,1887,12759,314470,66590,247879.9,41202501,6230209,34972292,합계
경상남도 거창군,2024-04,3948,61440,698661,223031.8,475629.1,102222528,24976699,77245829,합계
경상남도 합천군,2024-04,1766,7880,348148,79096.9,269051,37567545,7721026,29846519,합계
제주특별자치도,2024-04,105866,1819597,20560507.8,10711756.7,10228672.2,3204094885,1313807057,1890287828,합계
서울특별시,2024-05,1316605,19592066,280495031.4,168183144.8,29547686125.1,44504609038,21833900699,22670708339,합계
부산광역시,2024-05,428568,7003323,74847504.9,41342328.5,33516962.4,13409630899,5626427753,7783203146,합계
대구광역시,2024-05,229562,3524661,37033586.7,18802712.9,18314471,6925334100,2625614787,4299719313,합계
인천광역시,2024-05,314572,4809212,61709880.4,34609154.5,27336649.4,10294370594,4234967784,6059402810,합계
광주광역시,2024-05,164647,3371992,31177953.8,18870158.5,12320105.4,5378731789,2554264284,2824467505,합계
대전광역시,2024-05,140136,2778864,25163506.4,14339322.3,12342553.6,4663951108,2043731082,2620220026,합계
울산광역시,2024-05,130683,2379063,24568977.6,12666802.9,12727725,4215784590,1558252743,2657531847,합계
세종특별자치시,2024-05,9878,184166,2500286,1230755.1,1269530.8,346468948,125298519,221170429,합계
경기도 수원시,2024-05,95945,1685069,18132096.4,10842851.5,7433277.4,3209984048,1478550820,1731433228,합계
경기도 성남시,2024-05,55080,931364,11390315.2,6242032.7,5152142.2,1810775170,736973002,1073802168,합계
경기도 의정부시,2024-05,30102,605303,6279333.3,3304358.1,3327091.8,1093828177,433411930,660416247,합계
경기도 안양시,2024-05,57948,987856,10867201.3,6123084.4,5087394.5,1964726790,783987291,1180739499,합계
경기도 부천시,2024-05,60985,911902,10254772.5,5386938.5,5195017.4,1895206201,754369051,1140837150,합계
경기도 광명시,2024-05,23315,270256,4376596.5,2225279.2,2645173.7,763644191,264833870,498810321,합계
경기도 평택시,2024-05,32131,651258,6376295.7,3516743.2,3048412.7,1104928667,427656592,677272075,합계
경기도 동두천시,2024-05,9305,179149,1583554.8,705377.7,882797.2,332967320,88220384,244746936,합계
경기도 안산시,2024-05,57690,1126938,10271058.6,5748039.1,5029856.8,1855255730,790348847,1064906883,합계
경기도 고양시,2024-05,53531,788317,10122840,6115520.7,4007319.2,1761981840,707365162,1054616678,합계
경기도 과천시,2024-05,6784,110371,1347910.2,741164.4,611566.5,229438186,90263593,139174593,합계
경기도 구리시,2024-05,18150,289173,3601141.4,1956255.1,1973629.8,608497808,228393108,380104700,합계
경기도 남양주시,2024-05,25817,443751,5413009.7,2977377.3,2442663.6,890509407,335870833,554638574,합계
경기도 오산시,2024-05,17147,257560,3159693,1737902.3,1421790.6,546971769,223125432,323846337,합계
경기도 시흥시,2024-05,31464,506037,5750608,3163698.5,2586909.4,1003477044,386132140,617344904,합계
경기도 군포시,2024-05,10497,160370,1846403,1000142,846260.9,343232054,125431657,217800397,합계
경기도 의왕시,2024-05,6265,94185,1098199.9,612425.5,498915.4,201928438,77818458,124109980,합계
경기도 하남시,2024-05,7993,120064,1580737.7,819518.4,790073.5,261447603,98105496,163342107,합계
경기도 용인시,2024-05,41580,603857,9010092.3,4999861.7,4856605.2,1386783581,558125780,828657801,합계
경기도 파주시,2024-05,18845,325397,4999522,2507378.9,2492143,731395575,248443939,482951636,합계
경기도 이천시,2024-05,11648,203607,2487052.6,1204236.2,1420726.7,418994434,134515821,284478613,합계
경기도 안성시,2024-05,9799,147712,2041789.4,932190,1321896.9,315668133,101211384,214456749,합계
경기도 김포시,2024-05,14566,221328,3241910.7,1808534.9,1518413,497495874,196572131,300923743,합계
경기도 화성시,2024-05,29084,429774,6969772.9,3790140.9,3671559,982055329,419910722,562144607,합계
경기도 광주시,2024-05,9737,146029,2038523,1081370.8,957152.1,319167606,119364046,199803560,합계
경기도 양주시,2024-05,7693,126060,1519697.2,833861.5,687547.4,244720728,93825785,150894943,합계
경기도 포천시,2024-05,6637,103008,1514976.3,643855.2,1108516.7,226602548,65704689,160897859,합계
경기도 여주시,2024-05,4647,82153,993954,444677.2,549276.7,156205185,47777775,108427410,합계
경기도 연천군,2024-05,1559,27716,441476,191598.9,552240,47756420,16014387,31742033,합계
경기도 가평군,2024-05,3894,72346,977689,449606.2,528082.7,130131650,40085245,90046405,합계
경기도 양평군,2024-05,4822,79087,1068101,448806.6,619294.3,163340297,44710381,118629916,합계
강원특별자치도 춘천시,2024-05,32297,840195,5352511.3,2763505.6,2732909.3,1058016554,422756551,635260003,합계
강원특별자치도 원주시,2024-05,39330,923050,7022738.7,3627195.4,4284918.5,1323479571,474555174,848924397,합계
강원특별자치도 강릉시,2024-05,27348,667424,4766064.7,2530190.9,2237419,864749387,339968547,524780840,합계
강원특별자치도 동해시,2024-05,9896,205505,1508910,710268.8,798641.1,318440858,85109331,233331527,합계
강원특별자치도 태백시,2024-05,5577,129713,1047686,458564.5,589121.4,174591113,47233967,127357146,합계
강원특별자치도 속초시,2024-05,12536,314124,2042372.9,963540.2,1080398.7,390981666,132094081,258887585,합계
강원특별자치도 삼척시,2024-05,5447,139499,878464,389503,488960.9,188099076,48134161,139964915,합계
강원특별자치도 홍천군,2024-05,3891,83666,729886,301087.9,428798,146539855,32216705,114323150,합계
강원특별자치도 횡성군,2024-05,1151,16997,250292,86650.5,163641.4,40069253,8287735,31781518,합계
강원특별자치도 영월군,2024-05,1877,33852,365503,105470.3,260032.6,58276957,11491633,46785324,합계
강원특별자치도 평창군,2024-05,2640,24358,511626,181313,330312.9,51702875,14405192,37297683,합계
강원특별자치도 정선군,2024-05,4741,76550,1169592,408932,762195.9,152508747,32867474,119641273,합계
강원특별자치도 철원군,2024-05,2466,34001,449958,195593.8,254364.1,71590320,16641023,54949297,합계
강원특별자치도 화천군,2024-05,1224,17016,239784,99001.2,140782.7,35174972,7915702,27259270,합계
강원특별자치도 양구군,2024-05,879,13491,199064,88102.9,110961,22465400,6690672,15774728,합계
강원특별자치도 인제군,2024-05,1160,13876,265820.6,108880.1,231391.8,33354857,7510738,25844119,합계
강원특별자치도 고성군,2024-05,1668,16911,367623,134643,232979.9,61643871,11501944,50141927,합계
강원특별자치도 양양군,2024-05,2141,25842,422347,167529.1,254817.8,73009999,14024731,58985268,합계
충청북도 청주시,2024-05,83372,1577502,15468866.6,8128020.3,7346603.6,2651723628,1108261785,1543461843,합계
충청북도 충주시,2024-05,23257,491182,4082262,1821134.6,2261127.3,747734043,234291082,513442961,합계
충청북도 제천시,2024-05,13624,294717,2268785,980339.5,1320105.4,385412054,130457977,254954077,합계
충청북도 보은군,2024-05,1791,10476,299440,91836.6,207603.3,40014194,9750616,30263578,합계
충청북도 옥천군,2024-05,3363,52948,567642,196203.7,371438.2,109980123,22916198,87063925,합계
충청북도 영동군,2024-05,2788,37078,493211,165626,327584.9,83925272,16009591,67915681,합계
충청북도 증평군,2024-05,2933,37524,529463.1,169150.1,372925.8,99726622,19576309,80150313,합계
충청북도 진천군,2024-05,3704,70733,902842.7,381490.4,529377.5,133431802,37143817,96287985,합계
충청북도 괴산군,2024-05,1403,15145,293453,117621.7,175831.2,33077749,12196156,20881593,합계
충청북도 음성군,2024-05,5626,100560,1418224,586209.3,832014.6,211876597,53538402,158338195,합계
충청북도 단양군,2024-05,2057,24468,380105.1,134248.1,250814.8,61400349,13168893,48231456,합계
충청남도 천안시,2024-05,50276,1195190,10683691.7,6092279.4,4645622.5,1807689963,817630810,990059153,합계
충청남도 공주시,2024-05,1262,17924,234601,85712.5,148888.4,44031574,9547957,34483617,합계
충청남도 보령시,2024-05,7381,125508,1233021.8,507897.7,785448.2,269444528,58645678,210798850,합계
충청남도 아산시,2024-05,24797,476202,5223297.1,2752156.6,2472674.3,831627284,304169203,527458081,합계
충청남도 서산시,2024-05,2784,69359,599929,283536.3,316392.6,123297028,34093747,89203281,합계
충청남도 논산시,2024-05,8358,130804,1443925,616595.8,827329.1,288226514,66959541,221266973,합계
충청남도 계룡시,2024-05,1551,29425,316605,142973.5,173631.4,53190331,14944263,38246068,합계
충청남도 당진시,2024-05,2569,44232,587469,222335.8,365133.1,90392775,22575096,67817679,합계
충청남도 금산군,2024-05,2010,18520,327507,102801.4,224705.5,63187248,10845334,52341914,합계
충청남도 부여군,2024-05,3393,31307,505266,188772.7,316493.2,117478768,19345345,98133423,합계
충청남도 서천군,2024-05,369,3992,68725,22857.4,45867.5,9397440,2144898,7252542,합계
충청남도 청양군,2024-05,1432,8085,202568,50431.8,152136.1,39929257,4469890,35459367,합계
충청남도 홍성군,2024-05,2687,47962,485271,190707.6,294563.3,99267918,20825987,78441931,합계
충청남도 예산군,2024-05,1396,21660,269828.7,93672.7,177798.2,50995833,9251831,41744002,합계
충청남도 태안군,2024-05,1514,16323,256718,78062.5,178655.4,47628786,7678512,39950274,합계
전북특별자치도 전주시,2024-05,71993,1595906,12532486.1,6668511.4,5866150.5,2324016784,1004818715,1319198069,합계
전북특별자치도 군산시,2024-05,29395,620978,5228764,2457796.7,2775399.2,930819293,314994050,615825243,합계
전북특별자치도 익산시,2024-05,8842,188835,1582236,753543.1,828692.8,303129023,95584527,207544496,합계
전북특별자치도 정읍시,2024-05,10505,172616,1713449,626143.8,1087305.1,325037422,74022446,251014976,합계
전북특별자치도 남원시,2024-05,6666,114467,1072438,392360.4,680077.5,226348393,47274747,179073646,합계
전북특별자치도 김제시,2024-05,7639,100330,1216648,380033.9,836614,203399025,44190398,159208627,합계
전북특별자치도 완주군,2024-05,3344,40031,718736,285710.7,433025.2,108330824,30411086,77919738,합계
전북특별자치도 진안군,2024-05,841,7022,200744,58641.5,142102.4,23361954,6056925,17305029,합계
전북특별자치도 무주군,2024-05,1034,6686,167743,52219.9,115523,18568624,4548491,14020133,합계
전북특별자치도 장수군,2024-05,614,2588,160554,32042.5,128511.4,14010447,2936135,11074312,합계
전북특별자치도 임실군,2024-05,834,5563,168933,60801.2,108131.7,18097506,5488161,12609345,합계
전북특별자치도 순창군,2024-05,1175,9157,216762.1,76009.2,145038.7,34251882,8578798,25673084,합계
전북특별자치도 고창군,2024-05,223,2732,44676,13540.1,31135.8,6491424,1225131,5266293,합계
전북특별자치도 부안군,2024-05,814,8104,150390,47704.2,102685.7,22837467,4697503,18139964,합계
전라남도 목포시,2024-05,31012,689680,5531402,2498809.9,3032592,976450604,368083604,608367000,합계
전라남도 여수시,2024-05,31954,746097,6155382,3216430.1,2938951.8,1060777427,399811856,660965571,합계
전라남도 순천시,2024-05,9852,248018,2035668.6,1044755.9,1038553,364546123,132571188,231974935,합계
전라남도 나주시,2024-05,5465,66654,1261839,437721,824117.9,158737937,40967871,117770066,합계
전라남도 광양시,2024-05,8044,165568,1544283.4,783314,869222.9,295000073,87825528,207174545,합계
전라남도 담양군,2024-05,2002,17072,345167,119309.2,225857.7,54454140,11886805,42567335,합계
전라남도 곡성군,2024-05,1026,6639,200562,58241.9,142320,25686068,4962090,20723978,합계
전라남도 구례군,2024-05,460,4606,88202,21916.8,66285.1,15182301,1950967,13231334,합계
전라남도 고흥군,2024-05,489,3514,89555,23448.4,66106.5,11502369,2358447,9143922,합계
전라남도 보성군,2024-05,1672,16095,369997,117542.9,252454,37136939,10063286,27073653,합계
전라남도 화순군,2024-05,3068,46903,478278,193046.6,285231.3,105432977,21174190,84258787,합계
전라남도 장흥군,2024-05,1686,12043,330265,89386.9,240878,41911340,7959406,33951934,합계
전라남도 강진군,2024-05,1328,12338,272420,71590.3,200829.6,32713465,6842520,25870945,합계
전라남도 해남군,2024-05,3970,52325,848422,266635.9,581786,103976690,24652269,79324421,합계
전라남도 영암군,2024-05,1492,13869,314421,108073.1,206347.8,32612359,9141620,23470739,합계
전라남도 무안군,2024-05,3152,50549,706371.7,288537.4,540807.5,89560269,30098071,59462198,합계
전라남도 함평군,2024-05,,,,,,,,,합계
전라남도 영광군,2024-05,2478,26987,493190,143633.7,349556.2,89243305,13701794,75541511,합계
전라남도 장성군,2024-05,2226,19404,404970,124058.1,280911.8,79440660,11804206,67636454,합계
전라남도 완도군,2024-05,2275,30009,443516,121006.9,322509,61905952,11996692,49909260,합계
전라남도 진도군,2024-05,1686,8283,369377,83270.2,286106.7,38343409,7283689,31059720,합계
전라남도 신안군,2024-05,982,11307,172635,57972.5,114662.4,21430406,6267025,15163381,합계
경상북도 포항시,2024-05,50078,975665,9036217.2,4563060.8,4489617.1,1536692732,590686376,946006356,합계
경상북도 경주시,2024-05,26009,505858,5238998,2446755.6,2792242.3,837832118,269107131,568724987,합계
경상북도 김천시,2024-05,9287,158060,1605799.6,771538.4,836110.5,322315366,82401071,239914295,합계
경상북도 안동시,2024-05,3567,73056,638545,291094.2,347450.7,110096051,34906948,75189103,합계
경상북도 구미시,2024-05,6498,147298,1343545,731076.1,612468.8,234442227,90628447,143813780,합계
경상북도 영주시,2024-05,9710,197740,1410140,568483.1,841656.8,292447084,78959471,213487613,합계
경상북도 영천시,2024-05,6631,106913,1055067,396925.3,658141.6,177490552,47440464,130050088,합계
경상북도 상주시,2024-05,7129,95739,959568,290197,669370.9,237248055,37978975,199269080,합계
경상북도 문경시,2024-05,1826,31949,303493,118693.2,184799.7,64696617,12943773,51752844,합계
경상북도 경산시,2024-05,4326,72398,875534,426683.3,448850.6,144379492,49558152,94821340,합계
경상북도 의성군,2024-05,1790,9044,334635,71309.2,263325.7,40517675,6533140,33984535,합계
경상북도 청송군,2024-05,984,5833,163087,54173.1,108913.8,18626908,5046718,13580190,합계
경상북도 영양군,2024-05,848,4822,170696,59001.8,111694.1,18155682,5265933,12889749,합계
경상북도 영덕군,2024-05,1630,13809,257662,85194.8,172467.1,23716396,8001031,15715365,합계
경상북도 청도군,2024-05,632,3867,82711,25049.8,57661.1,11768646,2697289,9071357,합계
경상북도 고령군,2024-05,119,1078,30882,11580.9,19301,3747293,935727,2811566,합계
경상북도 성주군,2024-05,768,7069,177931,58992.6,118938.3,18467552,5648402,12819150,합계
경상북도 칠곡군,2024-05,5120,90591,1008692,466590.7,542101.2,164972364,48191862,116780502,합계
경상북도 예천군,2024-05,1352,12130,256957.8,66340.8,193376.1,33382700,5753635,27629065,합계
경상북도 봉화군,2024-05,1199,4477,238597,53140.2,185456.7,24982184,4863172,20119012,합계
경상북도 울진군,2024-05,1974,19135,354950,92460.2,262489.7,43544283,8037588,35506695,합계
경상북도 울릉군,2024-05,1080,11701,197448,39746.9,157701,29718661,6235778,23482883,합계
경상남도 창원시,2024-05,98504,1851295,19081108.6,9282785.6,10707279.3,3193897241,1142794517,2051102724,합계
경상남도 진주시,2024-05,34406,802007,6645557.6,3398417.6,3258422.3,1183559907,419092566,764467341,합계
경상남도 통영시,2024-05,13689,305347,2742599.6,1198348.6,1855134.3,463138389,146565825,316572564,합계
경상남도 사천시,2024-05,10930,228141,2006286.7,829291.7,1219938.2,384467650,94607758,289859892,합계
경상남도 김해시,2024-05,30146,634892,5943482.4,3007592.3,3617430.6,1026743321,381756785,644986536,합계
경상남도 밀양시,2024-05,7549,128507,1266546,496074.3,770471.6,224005501,58043923,165961578,합계
경상남도 거제시,2024-05,15522,383391,3366183,1745558,1620624.9,604743575,197622200,407121375,합계
경상남도 양산시,2024-05,6995,160616,1477856,704881.7,772974.2,266762212,83436184,183326028,합계
경상남도 의령군,2024-05,604,3496,87470,30336.5,57133.4,9817400,2529364,7288036,합계
경상남도 함안군,2024-05,3067,28905,550093,201952.4,348140.5,79128035,20151652,58976383,합계
경상남도 창녕군,2024-05,3196,21010,561227,154991.3,406235.6,81733400,14943240,66790160,합계
경상남도 고성군,2024-05,2484,24809,411493,134408.3,277084.6,62510640,14421916,48088724,합계
경상남도 남해군,2024-05,2408,16429,385490,120158.9,265331,55500768,11122201,44378567,합계
경상남도 하동군,2024-05,1779,8938,350993,83106.9,267886,33619149,7823305,25795844,합계
경상남도 산청군,2024-05,1592,13738,324655,125104,199551,29259800,10465399,18794401,합계
경상남도 함양군,2024-05,1974,13899,342746,76042.4,266703.5,44242088,7156561,37085527,합계
경상남도 거창군,2024-05,4058,61795,714076,227497.5,486578.4,105185310,25048935,80136375,합계
경상남도 합천군,2024-05,1810,8025,381329,85490.8,295838.1,40149423,7695911,32453512,합계
제주특별자치도,2024-05,110932,1918375,21948108.5,11578133.2,11011288.7,3392885871,1407101875,1985783996,합계
서울특별시,2024-06,1278394,19163055,274353020,164525424,27606468391.9,43423452238,21409609157,22013843081,합계
부산광역시,2024-06,424742,6963463,74310665.1,41365447.5,32953179.4,13438654973,5617762206,7820892767,합계
대구광역시,2024-06,222162,3407743,35750806,18103139,17663279.9,6768562091,2518704969,4249857122,합계
인천광역시,2024-06,309067,4747706,61729483.7,34582760.2,27268608.7,10315619731,4187691779,6127927952,합계
광주광역시,2024-06,162220,3299106,30574657.3,18293678.5,12287869.4,5424332795,2447562243,2976770552,합계
대전광역시,2024-06,150832,2906560,26578064,14932827.8,12845106.1,4989809811,2130419439,2859390372,합계
울산광역시,2024-06,126631,2299609,23915153.9,12234068.4,12303758.5,4097793008,1501296312,2596496696,합계
세종특별자치시,2024-06,9730,176741,2446540,1182856.4,1263683.5,343165437,120144846,223020591,합계
경기도 수원시,2024-06,93495,1654447,17935160,10674540.4,7562988.5,3207646291,1447014043,1760632248,합계
경기도 성남시,2024-06,54105,921227,11310962.9,6172133.6,5140348.3,1811396797,726951723,1084445074,합계
경기도 의정부시,2024-06,29245,592116,6124938.3,3233176.1,3330015.8,1068819787,422593277,646226510,합계
경기도 안양시,2024-06,56489,962760,10635692.4,5992023,5130380.9,1954505542,766789555,1187715987,합계
경기도 부천시,2024-06,59162,892751,10070830.5,5313351.8,5115044.1,1866039327,740646926,1125392401,합계
경기도 광명시,2024-06,22170,261451,4214330.6,2156097,2295411.9,728404410,255743615,472660795,합계
경기도 평택시,2024-06,34091,691868,6854638.5,3781351.6,3266318.3,1193840868,455781645,738059223,합계
경기도 동두천시,2024-06,9051,174323,1564765.2,696721.5,874130.4,326589730,86378096,240211634,합계
경기도 안산시,2024-06,56705,1104655,10240536.7,5709731.1,5018142.8,1863649995,774373238,1089276757,합계
경기도 고양시,2024-06,52419,766613,10012075.4,5994807.8,4031290.1,1732287014,688222884,1044064130,합계
경기도 과천시,2024-06,6596,107191,1309509,723098.6,586410.3,225636393,87648108,137988285,합계
경기도 구리시,2024-06,17516,283054,3546073.9,1902201.8,1991661.1,596571124,223334603,373236521,합계
경기도 남양주시,2024-06,25209,441755,5357444.7,2956442.5,2414574.4,894851906,333066296,561785610,합계
경기도 오산시,2024-06,16955,252993,3129322,1702405.8,1429681.1,545205110,217691079,327514031,합계
경기도 시흥시,2024-06,30800,498598,5770121,3161884.7,2608236.2,1018054203,382090511,635963692,합계
경기도 군포시,2024-06,10264,157290,1807095,980451.2,826643.7,337301401,123157664,214143737,합계
경기도 의왕시,2024-06,6067,92156,1071904.6,597660,486473.9,197338480,75690996,121647484,합계
경기도 하남시,2024-06,7726,116355,1519168.7,788293.8,740748.1,249479975,94072023,155407952,합계
경기도 용인시,2024-06,39709,575643,8525511.4,4750518.3,4397471.6,1331567455,529388581,802178874,합계
경기도 파주시,2024-06,18330,319426,4905118.4,2454168,2452384.9,718525549,242561342,475964207,합계
경기도 이천시,2024-06,11228,195101,2397190.2,1158747.1,1259793.8,406217656,128904946,277312710,합계
경기도 안성시,2024-06,9513,145733,2006578.8,912531.7,1320777.2,314630289,98733706,215896583,합계
경기도 김포시,2024-06,14198,214060,3198734.3,1767809.6,1700586.3,489172278,190261103,298911175,합계
경기도 화성시,2024-06,29151,434259,7079422.5,3807776.5,3989303.4,997155429,419577448,577577981,합계
경기도 광주시,2024-06,9764,147277,2071030,1088706.2,982323.7,326166421,119664976,206501445,합계
경기도 양주시,2024-06,7471,124263,1483391,812527.6,670863.3,240240854,90976962,149263892,합계
경기도 포천시,2024-06,6456,102029,1474690,636819.2,837870.7,222528417,64689859,157838558,합계
경기도 여주시,2024-06,4532,77992,967752.2,423231.1,577554.8,155922079,44805022,111117057,합계
경기도 연천군,2024-06,1496,25885,411759.2,178227.9,382256,45755505,14928523,30826982,합계
경기도 가평군,2024-06,3708,74349,979103.1,465173.6,515783.3,130214914,42129182,88085732,합계
경기도 양평군,2024-06,4689,77264,1046162,441596.7,604565.2,160813030,43561058,117251972,합계
강원특별자치도 춘천시,2024-06,31031,800265,5150253,2643283.7,2553355.2,1020190227,402553655,617636572,합계
강원특별자치도 원주시,2024-06,38398,892553,6730139.2,3483364,4328146.9,1290543654,456512702,834030952,합계
강원특별자치도 강릉시,2024-06,26607,676061,4777570.5,2606459.4,2175295.5,870200964,348898649,521302315,합계
강원특별자치도 동해시,2024-06,9427,196112,1445852,681900.6,763951.3,304159484,81419135,222740349,합계
강원특별자치도 태백시,2024-06,5570,127225,1034757,446827.2,587929.7,178354284,46200919,132153365,합계
강원특별자치도 속초시,2024-06,12265,327794,2087730.3,1027175,1068616.9,395323922,140710272,254613650,합계
강원특별자치도 삼척시,2024-06,5402,133640,857071,370883.1,486187.8,192030420,45543822,146486598,합계
강원특별자치도 홍천군,2024-06,3831,83812,742614,310415,432198.9,145771968,32521789,113250179,합계
강원특별자치도 횡성군,2024-06,1066,15553,233950,80880.2,153069.7,37107990,7582441,29525549,합계
강원특별자치도 영월군,2024-06,1788,31317,339962,99029.4,240932.5,55020213,10587645,44432568,합계
강원특별자치도 평창군,2024-06,2507,27782,620730,235937.5,384792.4,58656948,17431809,41225139,합계
강원특별자치도 정선군,2024-06,4747,76517,1160886.4,400881.7,767667.2,159473438,32294587,127178851,합계
강원특별자치도 철원군,2024-06,2511,34688,473354,206164,267189.9,74439889,16978081,57461808,합계
강원특별자치도 화천군,2024-06,1274,17802,248263,101761.9,146501,37438142,8135205,29302937,합계
강원특별자치도 양구군,2024-06,887,13380,202709,88511.6,114197.3,23527887,6609782,16918105,합계
강원특별자치도 인제군,2024-06,1144,14136,264061,110726.7,153334.2,33691494,7566659,26124835,합계
강원특별자치도 고성군,2024-06,1614,17962,377801,143491.6,234309.3,61427632,12536162,48891470,합계
강원특별자치도 양양군,2024-06,2072,29820,503180,215271.6,287908.3,76211234,17114101,59097133,합계
충청북도 청주시,2024-06,81265,1516942,15092934,7808902.6,7289807.3,2616285646,1064857183,1551428463,합계
충청북도 충주시,2024-06,22388,461554,3843402,1678462.4,2164939.5,719685983,217609011,502076972,합계
충청북도 제천시,2024-06,13181,281114,2135492.3,917676.5,1237766.4,369460000,122954124,246505876,합계
충청북도 보은군,2024-06,1751,10504,294423,88953.5,205469.4,40009147,9791423,30217724,합계
충청북도 옥천군,2024-06,3245,50928,538266,184024.8,354241.1,106468914,21597554,84871360,합계
충청북도 영동군,2024-06,2704,34403,465520,152364.1,313155.8,82514543,14790044,67724499,합계
충청북도 증평군,2024-06,2876,36540,510576.9,162059.2,354429.7,97435698,18855837,78579861,합계
충청북도 진천군,2024-06,3675,68423,900233.3,372267.1,535537.8,133271015,36138511,97132504,합계
충청북도 괴산군,2024-06,1333,13893,278902,112679.6,166222.3,31459984,11682988,19776996,합계
충청북도 음성군,2024-06,5447,95960,1370926,559121,811804.9,209764897,51150220,158614677,합계
충청북도 단양군,2024-06,2030,23737,369570.3,126163.7,250852.2,60011703,12405667,47606036,합계
충청남도 천안시,2024-06,49089,1162925,10352890.3,5862913,4545926.9,1782909371,785464003,997445368,합계
충청남도 공주시,2024-06,1252,18094,235510,85526.5,149983.4,45154186,9330063,35824123,합계
충청남도 보령시,2024-06,6212,104974,1038352,426006.9,805741,229244337,48174021,181070316,합계
충청남도 아산시,2024-06,24223,457898,5060415,2623171.6,2437243.3,840999670,289437594,551562076,합계
충청남도 서산시,2024-06,2748,69431,599026.5,281133.1,350143.8,123808170,33786771,90021399,합계
충청남도 논산시,2024-06,8244,127914,1418098,600079.2,818018.7,293860298,64601096,229259202,합계
충청남도 계룡시,2024-06,1508,28574,314394,139374.6,175019.3,51444176,14579185,36864991,합계
충청남도 당진시,2024-06,2559,45098,587723,225166.2,362556.7,90143691,22827720,67315971,합계
충청남도 금산군,2024-06,1980,17664,314090,94435.1,219654.8,63093498,9851089,53242409,합계
충청남도 부여군,2024-06,3331,30567,489954,178035.3,311918.6,115167290,17975443,97191847,합계
충청남도 서천군,2024-06,349,3990,67772,23601.7,44170.2,9523120,2176616,7346504,합계
충청남도 청양군,2024-06,1394,7558,193688,46609.9,147078,39905068,4064027,35841041,합계
충청남도 홍성군,2024-06,2587,44491,465159,182678.9,282480.1,97119907,19552553,77567354,합계
충청남도 예산군,2024-06,1312,20469,257066,89064.9,168001,48122827,8800965,39321862,합계
충청남도 태안군,2024-06,1506,17079,258696,79070.8,179625.1,48317300,8003981,40313319,합계
전북특별자치도 전주시,2024-06,69926,1496445,11994712.9,6209989.7,5790255.2,2272213586,932524605,1339688981,합계
전북특별자치도 군산시,2024-06,28427,606665,5051911.8,2393524.4,2661669.5,901107697,306229467,594878230,합계
전북특별자치도 익산시,2024-06,9960,206176,1738325,820577.4,917747.5,339561955,103789323,235772632,합계
전북특별자치도 정읍시,2024-06,10108,163658,1631609,584170.7,1047438.2,320583036,69128388,251454648,합계
전북특별자치도 남원시,2024-06,6643,104096,1006231,355743.3,650487.6,221915432,41430314,180485118,합계
전북특별자치도 김제시,2024-06,7332,98098,1169102,366619.2,802482.7,196320032,42740068,153579964,합계
전북특별자치도 완주군,2024-06,3361,40025,713558,281858.5,431699.4,109000385,29894699,79105686,합계
전북특별자치도 진안군,2024-06,778,6237,177526,51010.1,126515.8,21290784,5286208,16004576,합계
전북특별자치도 무주군,2024-06,1015,6716,177411,57656.8,119754.1,19262812,5069310,14193502,합계
전북특별자치도 장수군,2024-06,571,2466,142558,31380.4,111177.5,12878307,2975923,9902384,합계
전북특별자치도 임실군,2024-06,792,5004,153936,55155.3,98780.6,16774140,4984285,11789855,합계
전북특별자치도 순창군,2024-06,1101,8089,200819.1,68723.9,135785,30617994,6728622,23889372,합계
전북특별자치도 고창군,2024-06,242,2876,49678,14489.8,35188.1,6883488,1281566,5601922,합계
전북특별자치도 부안군,2024-06,799,7609,141215,45148.7,96066.2,22530705,4492967,18037738,합계
전라남도 목포시,2024-06,30009,656686,5280084,2369663.9,2910420,942684512,346347771,596336741,합계
전라남도 여수시,2024-06,31165,730133,5968850,3123042.5,2845807.4,1040272681,388735702,651536979,합계
전라남도 순천시,2024-06,9492,235233,1963878,989060.6,974817.3,354729191,124413724,230315467,합계
전라남도 나주시,2024-06,5159,60738,1163375.3,396808.5,769676.4,148423853,36691012,111732841,합계
전라남도 광양시,2024-06,7774,160925,1507841.8,765297.6,868446.3,282976356,85488723,197487633,합계
전라남도 담양군,2024-06,1957,16160,330037,113541.4,216495.5,52194746,11050330,41144416,합계
전라남도 곡성군,2024-06,1069,5377,186689,50892.1,135796.8,25330939,4254622,21076317,합계
전라남도 구례군,2024-06,442,4023,78092,18821.6,59270.3,13737979,1662350,12075629,합계
전라남도 고흥군,2024-06,399,2620,72362,19243.4,53118.5,8934034,1833859,7100175,합계
전라남도 보성군,2024-06,1569,14406,335305,109251,226053.9,34130619,9109085,25021534,합계
전라남도 화순군,2024-06,2973,45869,467055,184382.8,282672.1,104560579,20279670,84280909,합계
전라남도 장흥군,2024-06,1586,11405,320081,83768.2,236312.7,39677688,7499337,32178351,합계
전라남도 강진군,2024-06,1301,11801,262218,67520.2,194697.7,32196914,6475742,25721172,합계
전라남도 해남군,2024-06,3714,50915,803781,260236.8,543544.1,99734114,23799780,75934334,합계
전라남도 영암군,2024-06,1414,12976,290893,102122,188770.9,30436953,8751267,21685686,합계
전라남도 무안군,2024-06,3066,49967,683017.1,283261.9,522131,87793359,29399200,58394159,합계
전라남도 함평군,2024-06,,,,,,,,,합계
전라남도 영광군,2024-06,1945,23448,377381,115778.8,261602.1,72761698,11391681,61370017,합계
전라남도 장성군,2024-06,2146,18194,382237,118440.1,263796.8,77414330,11002887,66411443,합계
전라남도 완도군,2024-06,2164,28174,406989,113751.5,293237.4,59125287,11108476,48016811,합계
전라남도 진도군,2024-06,1673,9653,347226,89877.5,257348.4,36267804,7604701,28663103,합계
전라남도 신안군,2024-06,1007,11731,178551,61737.1,116813.8,21587345,6393990,15193355,합계
경상북도 포항시,2024-06,48402,923835,8711671.8,4338264.7,4466425.2,1508480714,562174516,946306198,합계
경상북도 경주시,2024-06,25097,471361,5001690.1,2280641.7,2742384.2,813940572,249453540,564487032,합계
경상북도 김천시,2024-06,9102,153405,1569570.8,748165.9,825603,315585435,79290556,236294879,합계
경상북도 안동시,2024-06,3467,69929,612229,275173,337055.9,107945737,32997476,74948261,합계
경상북도 구미시,2024-06,6419,144655,1323457,713340.5,610116.4,233431057,88492471,144938586,합계
경상북도 영주시,2024-06,9561,189834,1388378,544206.9,844171,290771021,74762975,216008046,합계
경상북도 영천시,2024-06,6280,103002,1003842,377524.7,626317.2,170532247,45522706,125009541,합계
경상북도 상주시,2024-06,6881,92758,923873,275897.9,647975,231257928,35792481,195465447,합계
경상북도 문경시,2024-06,1568,27900,252084,99311.3,152772.6,56322799,11060586,45262213,합계
경상북도 경산시,2024-06,4245,67665,814540,390124.9,424415,139823760,45540573,94283187,합계
경상북도 의성군,2024-06,1716,8509,321001.7,68934.6,253728.3,38643112,6123256,32519856,합계
경상북도 청송군,2024-06,966,5813,161509,55403.8,106105.1,18260630,5006641,13253989,합계
경상북도 영양군,2024-06,789,4476,151660,56579.8,95080.1,15738478,5106590,10631888,합계
경상북도 영덕군,2024-06,1483,12731,241815,78970,162844.9,22258031,7153381,15104650,합계
경상북도 청도군,2024-06,596,3843,81253,25712.9,55540,11878202,2740054,9138148,합계
경상북도 고령군,2024-06,116,1011,32017,11864.4,20152.5,4063682,921433,3142249,합계
경상북도 성주군,2024-06,734,6861,173052,57909.6,115142.3,18126933,5438295,12688638,합계
경상북도 칠곡군,2024-06,4871,85583,982585,448200.9,534384,158617461,45537079,113080382,합계
경상북도 예천군,2024-06,1314,10811,237057,58417.3,178639.6,31259211,5126252,26132959,합계
경상북도 봉화군,2024-06,1176,4371,222779,52280.2,170498.7,23404209,4294898,19109311,합계
경상북도 울진군,2024-06,1872,18423,338991,92208.9,246782,42487521,7845855,34641666,합계
경상북도 울릉군,2024-06,971,10550,167232,37474.3,129757.6,26496497,5564028,20932469,합계
경상남도 창원시,2024-06,95710,1798304,18490335,9016041.9,10506128,3081642077,1103624579,1978017498,합계
경상남도 진주시,2024-06,33254,762204,6375617,3221075.6,3154541.3,1145102552,395394514,749708038,합계
경상남도 통영시,2024-06,13288,297595,2674044,1164446.3,1689278.6,457516537,142461995,315054542,합계
경상남도 사천시,2024-06,10521,217585,1913724.3,782717.9,1146792,366720811,89240600,277480211,합계
경상남도 김해시,2024-06,30025,634159,5954611.3,3023181.3,3668005.6,1023905294,380795337,643109957,합계
경상남도 밀양시,2024-06,7240,118208,1177209,452403.7,724805.2,211245152,51897702,159347450,합계
경상남도 거제시,2024-06,14983,375070,3261685,1710745.4,1550939.5,581795263,193699359,388095904,합계
경상남도 양산시,2024-06,6814,155163,1444603,683434,761168.9,263099585,81006437,182093148,합계
경상남도 의령군,2024-06,904,4864,126245,37180.9,89064,14017043,3130969,10886074,합계
경상남도 함안군,2024-06,2932,28020,533268,192614.4,340653.5,76827554,19325316,57502238,합계
경상남도 창녕군,2024-06,3063,19769,527392,148171.7,379220.2,78281430,14299716,63981714,합계
경상남도 고성군,2024-06,2376,23661,387980,128853.2,259126.7,60174207,13951482,46222725,합계
경상남도 남해군,2024-06,2326,15810,366145,110198.3,255946.6,53065564,10233636,42831928,합계
경상남도 하동군,2024-06,1708,8711,311426,73281.7,238144.2,30821581,7288010,23533571,합계
경상남도 산청군,2024-06,1522,12570,290455,114533.8,175921.1,26566755,9700793,16865962,합계
경상남도 함양군,2024-06,1431,10734,244778,54401.6,190376.3,32969992,5282313,27687679,합계
경상남도 거창군,2024-06,3925,59298,677789,215764.7,462024.2,102018499,23717261,78301238,합계
경상남도 합천군,2024-06,1163,5351,224061,53904.8,170156.1,23931424,4740775,19190649,합계
제주특별자치도,2024-06,107444,1900480,21503358.2,11573966.9,10665254,3287724937,1394578905,1893146032,합계
서울특별시,2024-07,1334868,19903420,280948133.2,167414836.9,29411324849,45549074205,22308342022,23240732183,합계
부산광역시,2024-07,453609,7451820,78082775.6,43531026.8,34581168.1,14566185946,6051709319,8514476627,합계
대구광역시,2024-07,230261,3523154,36512600.3,18316841,18259199.9,7114498191,2602873568,4511624623,합계
인천광역시,2024-07,322172,4961500,63107368.4,35280774.1,28086383.8,10824182152,4362435274,6461746878,합계
광주광역시,2024-07,169094,3440560,31471277.9,18677877.9,12804415,5734366116,2545563763,3188802353,합계
대전광역시,2024-07,170495,3246977,29449358.9,16398946.8,14258922.1,5684433234,2411673371,3272759863,합계
울산광역시,2024-07,132536,2485207,24977028.9,12955998.8,12871235.2,4361348918,1610477133,2750871785,합계
세종특별자치시,2024-07,10146,183372,2518044,1230042.9,1288001,362692451,126396249,236296202,합계
경기도 수원시,2024-07,98656,1733957,18560735.5,10981096,7771690.9,3389454843,1508493292,1880961551,합계
경기도 성남시,2024-07,57104,967305,11665537.5,6369730,5309353.9,1919754475,765387417,1154367058,합계
경기도 의정부시,2024-07,31151,635270,6357005,3354373.2,3499890.7,1135831488,453987737,681843751,합계
경기도 안양시,2024-07,60769,1029477,11275477.9,6312917.1,5414139.8,2121433653,821850394,1299583259,합계
경기도 부천시,2024-07,61803,939208,10269154.6,5392578,5168254.9,1952956482,776654324,1176302158,합계
경기도 광명시,2024-07,23187,272106,4349390.5,2198524.3,2483664.6,765519526,266372895,499146631,합계
경기도 평택시,2024-07,38022,762648,7408651.3,4053705.3,3469093.6,1322737641,496444482,826293159,합계
경기도 동두천시,2024-07,9436,180639,1607604.4,713041.9,939231,339322046,89221604,250100442,합계
경기도 안산시,2024-07,59945,1155081,10575738.7,5862349.8,5337913.1,1975662030,811096831,1164565199,합계
경기도 고양시,2024-07,55146,805979,10329810,6194952.7,4134857.2,1818239784,725654696,1092585088,합계
경기도 과천시,2024-07,6812,112102,1334984,733297.8,601686.1,238443769,91193984,147249785,합계
경기도 구리시,2024-07,17629,280442,3533571.8,1834821.2,2204690.7,594404310,220250178,374154132,합계
경기도 남양주시,2024-07,23484,377386,4480233.7,2423209.7,2087345.2,782409916,280711124,501698792,합계
경기도 오산시,2024-07,17974,264190,3227618,1745273.3,1482344.6,574919228,226248882,348670346,합계
경기도 시흥시,2024-07,32085,519363,5887410.9,3213911.9,2796108,1061683813,396213877,665469936,합계
경기도 군포시,2024-07,10713,163293,1869893,1005768.8,864124.1,355157949,128602595,226555354,합계
경기도 의왕시,2024-07,6547,97870,1133431.6,627216.6,528746.3,213594790,80741017,132853773,합계
경기도 하남시,2024-07,8239,126819,1617848,841333.9,776514,271839050,102089349,169749701,합계
경기도 용인시,2024-07,41127,588010,8782551.4,4847856.4,4527952.5,1398459151,545133549,853325602,합계
경기도 파주시,2024-07,19572,331012,5004812,2518346,2486465.9,756542357,254049432,502492925,합계
경기도 이천시,2024-07,11709,205869,2479868.6,1204860.4,1283661.5,429267807,136213091,293054716,합계
경기도 안성시,2024-07,9959,150982,2020786.8,920510.1,1347788.8,331258183,101309942,229948241,합계
경기도 김포시,2024-07,14812,220337,3279671.1,1798787.3,1703031.6,513511573,195994255,317517318,합계
경기도 화성시,2024-07,31013,463792,7508385,4007413.1,4595242.8,1076143993,448772387,627371606,합계
경기도 광주시,2024-07,11042,163837,2279835,1192495.4,1087339.5,368727074,132228845,236498229,합계
경기도 양주시,2024-07,7636,121997,1464382,802569.9,661812,245970179,91249490,154720689,합계
경기도 포천시,2024-07,6760,103001,1465465,639831.8,825633.1,233550975,66134957,167416018,합계
경기도 여주시,2024-07,4515,76201,934614.4,411511.1,580291.8,154861724,43846605,111015119,합계
경기도 연천군,2024-07,1542,27201,438475.5,186362.6,438862.3,48552749,16119600,32433149,합계
경기도 가평군,2024-07,3914,75825,1066204,511239.4,554964.5,138269408,45810062,92459346,합계
경기도 양평군,2024-07,5001,80072,1083337.6,454586.9,649337,171766377,44933246,126833131,합계
강원특별자치도 춘천시,2024-07,33123,810637,5303990.9,2644506.8,2726143.1,1083783149,405946812,677836337,합계
강원특별자치도 원주시,2024-07,41109,933137,6977396.4,3544712.3,4109826.6,1389207146,476947380,912259766,합계
강원특별자치도 강릉시,2024-07,27898,675306,4873574,2604313,2269260.9,914732745,346476492,568256253,합계
강원특별자치도 동해시,2024-07,10785,227860,1579632,768981,810650.9,350907539,92181963,258725576,합계
강원특별자치도 태백시,2024-07,5882,143491,1124666,500330.1,624335.8,190721979,52058371,138663608,합계
강원특별자치도 속초시,2024-07,12984,350359,2162945.1,1076902.7,1089408.2,420992280,150815895,270176385,합계
강원특별자치도 삼척시,2024-07,5516,133609,861592,373785.4,487806.5,197412729,46291060,151121669,합계
강원특별자치도 홍천군,2024-07,4079,92359,799340,334621.7,464718.2,155052163,35345836,119706327,합계
강원특별자치도 횡성군,2024-07,896,13048,184796.2,64544.9,128225,31087814,6110081,24977733,합계
강원특별자치도 영월군,2024-07,882,15358,168502.4,50091.6,147922.3,28536009,5381023,23154986,합계
강원특별자치도 평창군,2024-07,2629,26069,541485,194422.6,347062.3,55218264,15193588,40024676,합계
강원특별자치도 정선군,2024-07,4805,82078,1206232,432528.6,780439.3,163304605,35347143,127957462,합계
강원특별자치도 철원군,2024-07,2580,32348,446112,188917.9,257194,73171406,15690292,57481114,합계
강원특별자치도 화천군,2024-07,1356,19207,268001,108842,159158.9,40604142,8944264,31659878,합계
강원특별자치도 양구군,2024-07,913,14447,201755,90117.3,111637.6,24914401,6962151,17952250,합계
강원특별자치도 인제군,2024-07,1208,15232,270274,112102.3,158171.6,35226781,7709338,27517443,합계
강원특별자치도 고성군,2024-07,649,7147,156538,55422.5,101115.4,24684026,4749722,19934304,합계
강원특별자치도 양양군,2024-07,2104,32567,541985,252800.6,289184.3,78874544,19184282,59690262,합계
충청북도 청주시,2024-07,83066,1550782,15141751.1,7853628,7294194.9,2696469454,1084154243,1612315211,합계
충청북도 충주시,2024-07,19280,382557,3194970,1370311.5,1824658.4,621720991,179227004,442493987,합계
충청북도 제천시,2024-07,13815,292141,2248866.3,924644.3,1340586.6,395361225,126258827,269102398,합계
충청북도 보은군,2024-07,1777,11162,285693,85190.2,200502.7,41893469,9300524,32592945,합계
충청북도 옥천군,2024-07,3420,55153,558715,188543.4,370171.5,115663497,22770948,92892549,합계
충청북도 영동군,2024-07,2753,36919,453972,151547.6,302424.3,86354295,14659885,71694410,합계
충청북도 증평군,2024-07,2887,40173,514794,170502.2,350519.7,101290061,20210336,81079725,합계
충청북도 진천군,2024-07,3788,73285,939184.7,398261.2,542507.7,137249744,38560215,98689529,합계
충청북도 괴산군,2024-07,1399,11855,273833,108244.8,165588.1,31316687,10929942,20386745,합계
충청북도 음성군,2024-07,3491,65578,892770,368801.8,523968.1,144735103,33796250,110938853,합계
충청북도 단양군,2024-07,2098,22965,367656.3,118579.8,272072.1,62022700,11799438,50223262,합계
충청남도 천안시,2024-07,51187,1183899,10514170.1,5866637.2,4705588.7,1859506719,791232977,1068273742,합계
충청남도 공주시,2024-07,1305,19569,247853,88581.6,159271.3,48900098,9876223,39023875,합계
충청남도 보령시,2024-07,3978,76061,727288.8,321649.9,516095,154549346,35079635,119469711,합계
충청남도 아산시,2024-07,25178,472423,5154944,2649966.7,2504977.2,883480849,297605376,585875473,합계
충청남도 서산시,2024-07,2914,74117,636782.7,288836.9,381388,129911666,35317792,94593874,합계
충청남도 논산시,2024-07,8321,130700,1428244,607313.7,820930.2,296974630,66865513,230109117,합계
충청남도 계룡시,2024-07,1561,31064,329389,147623.5,181765.4,54098666,15524249,38574417,합계
충청남도 당진시,2024-07,7115,117201,1406122,551263.4,854858.5,252930891,59497481,193433410,합계
충청남도 금산군,2024-07,2092,20062,334666,104501.8,230164.1,67990196,11259612,56730584,합계
충청남도 부여군,2024-07,3593,33631,515552,185475.5,330076.4,123825778,19249389,104576389,합계
충청남도 서천군,2024-07,362,4247,67295,23676.9,43618,10969074,2227485,8741589,합계
충청남도 청양군,2024-07,1447,7337,192664,46326.2,146337.7,41737816,4049748,37688068,합계
충청남도 홍성군,2024-07,2736,46956,466008,185211.2,280796.7,102862924,20550126,82312798,합계
충청남도 예산군,2024-07,1320,20611,255716,88299.8,167416.1,49165324,8719718,40445606,합계
충청남도 태안군,2024-07,3705,45100,573892,198320.1,375571.8,130721546,21622653,109098893,합계
전북특별자치도 전주시,2024-07,77450,1647646,13018115,6682673.5,6335441.4,2532587225,1020878493,1511708732,합계
전북특별자치도 군산시,2024-07,29898,643896,5182177,2447233.6,2741486.3,956165289,323520696,632644593,합계
전북특별자치도 익산시,2024-07,10334,208684,1741222,811380.9,929841,350871286,104783303,246087983,합계
전북특별자치도 정읍시,2024-07,10583,173039,1686204.8,598728.6,1093005.3,343621584,72203667,271417917,합계
전북특별자치도 남원시,2024-07,6949,111973,1045480.3,367231.2,683449.7,235875505,43590005,192285500,합계
전북특별자치도 김제시,2024-07,7513,103194,1190841,373169.5,817671.4,206519263,44113364,162405899,합계
전북특별자치도 완주군,2024-07,3568,39987,719745,283337.4,436407.5,116198222,30436831,85761391,합계
전북특별자치도 진안군,2024-07,845,7486,189583,60121.6,129461.3,24561040,6411307,18149733,합계
전북특별자치도 무주군,2024-07,1036,6447,167483,50257.4,117225.5,19392497,4639628,14752869,합계
전북특별자치도 장수군,2024-07,543,2122,135839,27491.1,108347.8,11936555,2590940,9345615,합계
전북특별자치도 임실군,2024-07,826,5204,159258,56237,103020.9,17955794,5201708,12754086,합계
전북특별자치도 순창군,2024-07,1117,8026,197285,65384.4,139080.5,31106737,6407784,24698953,합계
전북특별자치도 고창군,2024-07,252,2707,47989,14355.7,33633.2,7084946,1218660,5866286,합계
전북특별자치도 부안군,2024-07,2951,27267,504418,152485.2,351932.7,93781096,14613885,79167211,합계
전라남도 목포시,2024-07,31560,700372,5459385.9,2460331.2,3015670.7,1009307877,366379382,642928495,합계
전라남도 여수시,2024-07,32189,769830,6199823,3269634,2930188.9,1100546542,414224124,686322418,합계
전라남도 순천시,2024-07,9824,242591,1965842,999589.4,966252.5,363704969,128247488,235457481,합계
전라남도 나주시,2024-07,4865,56581,1062173,361886.4,700286.6,142702539,34027037,108675502,합계
전라남도 광양시,2024-07,8099,171679,1553754.5,792676.1,940152.8,298800460,90234346,208566114,합계
전라남도 담양군,2024-07,1996,16682,327303,116442.1,210860.8,55082707,11500473,43582234,합계
전라남도 곡성군,2024-07,1158,5792,196121,52396.3,143724.6,28868010,4456285,24411725,합계
전라남도 구례군,2024-07,443,3969,73707,15963,57743.9,14179492,1468427,12711065,합계
전라남도 고흥군,2024-07,313,2166,54779,14218.5,40560.4,7633573,1371677,6261896,합계
전라남도 보성군,2024-07,1620,14922,341794,107689.4,234104.5,36007307,9268795,26738512,합계
전라남도 화순군,2024-07,3160,49931,498693,195748,302944.9,113550369,21733652,91816717,합계
전라남도 장흥군,2024-07,1644,11939,331368,85066,246301.9,43030091,7516562,35513529,합계
전라남도 강진군,2024-07,1329,12241,267668,64081.8,203586.1,33913429,6123348,27790081,합계
전라남도 해남군,2024-07,3755,51114,781007,246289.7,534717.2,101894998,22993836,78901162,합계
전라남도 영암군,2024-07,1458,13355,306741,107020.6,199720.3,32696031,9017943,23678088,합계
전라남도 무안군,2024-07,3259,52098,702157.9,291351.8,566861.1,94344845,30546629,63798216,합계
전라남도 함평군,2024-07,,,,,,,,,합계
전라남도 영광군,2024-07,2108,25675,406383,122446.4,283936.5,79611762,12104189,67507573,합계
전라남도 장성군,2024-07,2217,19308,398167,126659.5,271507.4,80453562,11660642,68792920,합계
전라남도 완도군,2024-07,2298,29508,411439,110918.1,300520.8,64203502,11235919,52967583,합계
전라남도 진도군,2024-07,1700,9554,345165,91136.5,254028.4,37898470,8036008,29862462,합계
전라남도 신안군,2024-07,1026,11452,166945,57116.4,109828.5,20253372,6149516,14103856,합계
경상북도 포항시,2024-07,51223,988901,9128256,4538763.9,4612167,1621679244,595345396,1026333848,합계
경상북도 경주시,2024-07,26223,499178,5240548.6,2384414,2901003.9,864705233,263254857,601450376,합계
경상북도 김천시,2024-07,9633,157165,1623236.7,759330.6,870824.3,338374402,81529492,256844910,합계
경상북도 안동시,2024-07,3532,68913,605132,266260.8,338871.1,109147467,32477083,76670384,합계
경상북도 구미시,2024-07,6711,154296,1373773,746163.7,627609.2,245821843,93940120,151881723,합계
경상북도 영주시,2024-07,9885,197992,1407760,554571.8,853188.1,302650498,77672342,224978156,합계
경상북도 영천시,2024-07,6307,106270,1014195,387447.4,626747.5,174321765,46870696,127451069,합계
경상북도 상주시,2024-07,7177,103785,982103,294551.1,687551.8,243432734,39478641,203954093,합계
경상북도 문경시,2024-07,1799,31254,277151,104601.3,172549.6,64935656,12152565,52783091,합계
경상북도 경산시,2024-07,4173,67168,779511,372501.5,407009.4,139910953,44454578,95456375,합계
경상북도 의성군,2024-07,1749,9051,314827,68675.7,246151.2,41253862,6205852,35048010,합계
경상북도 청송군,2024-07,992,5931,166955,58018.2,108936.7,19446944,5392756,14054188,합계
경상북도 영양군,2024-07,869,5273,174545,64992.2,109552.7,18406436,5920503,12485933,합계
경상북도 영덕군,2024-07,1554,13598,246773,82939.1,163833.8,23126155,7376873,15749282,합계
경상북도 청도군,2024-07,610,4099,84373,26538.9,57834,12915701,2896100,10019601,합계
경상북도 고령군,2024-07,143,1150,36131,13056.2,23074.7,5164180,1077249,4086931,합계
경상북도 성주군,2024-07,759,6825,171949,58318.2,113630.7,18325934,5294613,13031321,합계
경상북도 칠곡군,2024-07,5152,90997,1039562,464502.9,575059,169934074,47955025,121979049,합계
경상북도 예천군,2024-07,1347,11424,251140.3,63417.6,189161.3,33965079,5441669,28523410,합계
경상북도 봉화군,2024-07,1139,4667,232144,51804.1,180339.8,25799954,4560321,21239633,합계
경상북도 울진군,2024-07,2114,22289,404517,112108.5,292408.4,52592702,9494757,43097945,합계
경상북도 울릉군,2024-07,995,9641,135494,32723.9,102770,25114400,4863718,20250682,합계
경상남도 창원시,2024-07,102752,1948585,19859887.1,9541210.4,11072636.5,3380241262,1190855359,2189385903,합계
경상남도 진주시,2024-07,35058,800641,6594823,3339218.6,3255604.3,1217845475,416236370,801609105,합계
경상남도 통영시,2024-07,14049,315110,2798908,1204351.3,1594556.6,487093030,148773970,338319060,합계
경상남도 사천시,2024-07,11006,236145,2017276,836232.2,1201236.7,390161673,96925938,293235735,합계
경상남도 김해시,2024-07,32488,705222,6549286.3,3332813.5,4235205.4,1119560582,426639263,692921319,합계
경상남도 밀양시,2024-07,7560,125683,1229455,475045.9,754409,224902475,54925608,169976867,합계
경상남도 거제시,2024-07,15812,407359,3467312,1832543.1,1634768.8,619380230,211698964,407681266,합계
경상남도 양산시,2024-07,7123,168119,1502275,727406.4,774868.5,275794467,87682393,188112074,합계
경상남도 의령군,2024-07,995,5455,141698,41786.5,99911.4,16385357,3453432,12931925,합계
경상남도 함안군,2024-07,3003,29429,538086,193892.9,344193,80909320,19460633,61448687,합계
경상남도 창녕군,2024-07,3214,20955,540662,148064.6,392597.3,83257099,14382521,68874578,합계
경상남도 고성군,2024-07,2482,25638,403967,133582.8,270384.1,65095901,14490343,50605558,합계
경상남도 남해군,2024-07,2520,15927,375038,109839.6,265198.3,61282315,9970245,51312070,합계
경상남도 하동군,2024-07,1726,8611,300825,71276.7,229548.2,30922589,7003838,23918751,합계
경상남도 산청군,2024-07,1528,13557,285278,113842.7,171435.2,27111261,9520461,17590800,합계
경상남도 함양군,2024-07,908,8922,164622,35737.7,128884.2,25271043,3602872,21668171,합계
경상남도 거창군,2024-07,4064,62196,680132,218592.6,461539.3,109361308,24753268,84608040,합계
경상남도 합천군,2024-07,324,1712,61254,14568.3,46685.6,6863320,1463487,5399833,합계
제주특별자치도,2024-07,116118,2079932,23243538.1,12589083,11315968.9,3640514801,1527063275,2113451526,합계
서울특별시,2024-08,1336342,20288006,284745396.7,169710011.2,29579260244.7,45985622664,22693613731,23292008933,합계
부산광역시,2024-08,453783,7770632,79767680,45591882.8,34178093.1,14718586187,6332209245,8386376942,합계
대구광역시,2024-08,229249,3509583,36556347.9,18255686.4,18382818.5,7093945353,2552340193,4541605160,합계
인천광역시,2024-08,320818,5093281,64444073.6,36418091.4,28239538.5,10906838639,4464853294,6441985345,합계
광주광역시,2024-08,167611,3473607,31577174.4,18751829.6,12843160.3,5719563092,2539515355,3180047737,합계
대전광역시,2024-08,174568,3409500,30762188.7,17169864.1,14256757.8,5867208578,2512457085,3354751493,합계
울산광역시,2024-08,131321,2461921,24661498.4,12774720.3,12409065.6,4333609526,1584644846,2748964680,합계
세종특별자치시,2024-08,10059,182505,2443275,1185135,1258139.9,362104037,122744441,239359596,합계
경기도 수원시,2024-08,100915,1816174,19254596.6,11455275.8,7896846.1,3505677119,1569694978,1935982141,합계
경기도 성남시,2024-08,57526,991926,11873271.6,6479797,5437642.9,1950402436,776355845,1174046591,합계
경기도 의정부시,2024-08,31556,658799,6586964.5,3461506.1,3582373.8,1165163584,466804693,698358891,합계
경기도 안양시,2024-08,61400,1061760,11520596.6,6453281.1,5501405.8,2162585366,841228560,1321356806,합계
경기도 부천시,2024-08,62001,970980,10586542.8,5607819.6,5250848.3,1986111347,800962575,1185148772,합계
경기도 광명시,2024-08,23695,286618,4627538.4,2319829,2730810.9,799669277,280668387,519000890,합계
경기도 평택시,2024-08,38677,821398,7769288.9,4307809.7,3570766.2,1368066465,525506696,842559769,합계
경기도 동두천시,2024-08,9500,192277,1679400.2,752279.9,941790,349313638,94101519,255212119,합계
경기도 안산시,2024-08,59271,1183329,10714357.2,5965325.1,5144609.8,1964081800,820731315,1143350485,합계
경기도 고양시,2024-08,54834,818958,10400590,6238614.1,4161975.8,1816371064,729659674,1086711390,합계
경기도 과천시,2024-08,6875,113562,1351415,741177.9,610237,243510048,92057817,151452231,합계
경기도 구리시,2024-08,17611,287506,3627447.1,1847976.9,2384688,608482652,220336054,388146598,합계
경기도 남양주시,2024-08,25508,445158,5266106.6,2858288.4,2437809.5,898158989,328738657,569420332,합계
경기도 오산시,2024-08,17530,267863,3245754,1753935.6,1491818.3,568999451,225678137,343321314,합계
경기도 시흥시,2024-08,32429,537558,6078469,3334927.1,2743541.8,1088599800,408170060,680429740,합계
경기도 군포시,2024-08,10872,169105,1908953,1032703.2,876249.7,360819684,131729407,229090277,합계
경기도 의왕시,2024-08,6691,103817,1190155.8,666553.2,535641.7,222388926,85104887,137284039,합계
경기도 하남시,2024-08,8199,127824,1598839,829913.7,768925.2,269813688,101240377,168573311,합계
경기도 용인시,2024-08,40706,594942,8892474.9,4914339.9,4425557,1388558597,551537970,837020627,합계
경기도 파주시,2024-08,20055,344920,5192452,2611053.3,2581398.6,782233446,263077179,519156267,합계
경기도 이천시,2024-08,11681,210181,2526794.4,1224936,1317609.9,433240337,138910736,294329601,합계
경기도 안성시,2024-08,9847,152253,2051549.4,932858.7,1364287.2,335570401,101782008,233788393,합계
경기도 김포시,2024-08,14935,231429,3412923.7,1883206.4,1609813.5,535373368,203994579,331378789,합계
경기도 화성시,2024-08,31160,473907,7619005.8,4076681.7,4911650.2,1080653589,453702776,626950813,합계
경기도 광주시,2024-08,11378,175853,2402671,1263306.5,1139364.4,386817798,140834301,245983497,합계
경기도 양주시,2024-08,7647,127204,1521319.5,832241.1,706806.8,252950015,94468678,158481337,합계
경기도 포천시,2024-08,6990,111700,1573248.2,689764,890627.9,247726188,70911165,176815023,합계
경기도 여주시,2024-08,4666,78810,968923,423355.2,615583.7,163950936,45747300,118203636,합계
경기도 연천군,2024-08,1541,28553,453722.9,195815.8,515177.1,50376418,16997159,33379259,합계
경기도 가평군,2024-08,4004,85450,1186029,603825.2,582203.7,147204076,55359246,91844830,합계
경기도 양평군,2024-08,5047,85519,1151965.1,487657.9,728369,182013800,48788958,133224842,합계
강원특별자치도 춘천시,2024-08,33650,783617,5391311.6,2573960.9,2845787,1118544527,390340728,728203799,합계
강원특별자치도 원주시,2024-08,42042,907539,7061550.3,3471653.2,3999972.7,1457659302,460625625,997033677,합계
강원특별자치도 강릉시,2024-08,29240,726917,5345828,2936800.9,2409027,990701207,391291971,599409236,합계
강원특별자치도 동해시,2024-08,11612,235425,1659370,808215.2,851154.7,386743934,96443790,290300144,합계
강원특별자치도 태백시,2024-08,5780,128712,1076843,466410.1,610432.8,187876516,48653023,139223493,합계
강원특별자치도 속초시,2024-08,13598,370885,2354273,1204242.5,1150030.4,454532982,171498260,283034722,합계
강원특별자치도 삼척시,2024-08,5688,124262,869828,377022.7,494330.2,203096198,44946727,158149471,합계
강원특별자치도 홍천군,2024-08,4113,90182,823560,342919.4,480640.5,157602549,35730454,121872095,합계
강원특별자치도 횡성군,2024-08,761,12289,164155.1,64735.5,186696.4,30125143,5987268,24137875,합계
강원특별자치도 영월군,2024-08,2032,35258,403218.8,123902.3,384626.6,69145811,12958769,56187042,합계
강원특별자치도 평창군,2024-08,2432,28899,581687,224126.6,357560.3,60004238,17662448,42341790,합계
강원특별자치도 정선군,2024-08,4640,86087,1200324,421477.2,778846.7,158845723,36113785,122731938,합계
강원특별자치도 철원군,2024-08,2520,34866,465481,201202.8,264278.1,75447190,16902610,58544580,합계
강원특별자치도 화천군,2024-08,1369,20211,288917,119530.9,169386,42302171,9670495,32631676,합계
강원특별자치도 양구군,2024-08,920,15293,212860,93735.7,119124.2,27623996,7296130,20327866,합계
강원특별자치도 인제군,2024-08,1225,16362,311041,126883,184157.9,38140903,8632929,29507974,합계
강원특별자치도 고성군,2024-08,1735,21185,445490,170323.4,275166.5,66254289,14691201,51563088,합계
강원특별자치도 양양군,2024-08,2318,45258,749138.5,389310.5,361042.4,94626824,28128864,66497960,합계
충청북도 청주시,2024-08,84807,1592122,15521406.3,7990769.7,7538387.2,2766946759,1096448202,1670498557,합계
충청북도 충주시,2024-08,23586,475230,3835038,1668052.2,2166985.7,761101487,215645202,545456285,합계
충청북도 제천시,2024-08,13779,292786,2297071.6,932893.6,1441576.3,399139785,126787242,272352543,합계
충청북도 보은군,2024-08,1753,11828,292748,90159.5,202588.4,44701960,9420060,35281900,합계
충청북도 옥천군,2024-08,3356,56093,550093,191467.2,358625.7,115209335,23130670,92078665,합계
충청북도 영동군,2024-08,2863,38345,485232,162381.3,322850.6,93107092,15507416,77599676,합계
충청북도 증평군,2024-08,2849,39788,517537.7,164456.4,358106.5,101190355,19413271,81777084,합계
충청북도 진천군,2024-08,3871,76706,970660.4,424204.5,550522.4,141506465,40855055,100651410,합계
충청북도 괴산군,2024-08,1413,13025,293879,117831.9,176047,34051533,11851568,22199965,합계
충청북도 음성군,2024-08,5347,95423,1320303,554409.5,765893.4,208182039,51047557,157134482,합계
충청북도 단양군,2024-08,2003,24674,369762.4,128982.4,294288.5,62352576,12990469,49362107,합계
충청남도 천안시,2024-08,50486,1194219,10473081.8,5907774.1,4624750.8,1838865268,797329025,1041536243,합계
충청남도 공주시,2024-08,1205,18429,235947,86627,149319.9,45593344,9452715,36140629,합계
충청남도 보령시,2024-08,7388,144428,1310018,600886.1,709131.8,281895449,66793567,215101882,합계
충청남도 아산시,2024-08,24920,475810,5157664,2666216.7,2491447.2,875982434,297600565,578381869,합계
충청남도 서산시,2024-08,3137,79972,709473.1,304317.3,561965.6,137790969,37582930,100208039,합계
충청남도 논산시,2024-08,8393,132176,1422036,600384.8,821651.1,299262768,65932709,233330059,합계
충청남도 계룡시,2024-08,1518,29799,313982,139012.4,174969.5,53650635,14811926,38838709,합계
충청남도 당진시,2024-08,8583,154289,1652303,698728.9,953574,317521040,76005322,241515718,합계
충청남도 금산군,2024-08,2101,20164,342051,105801.6,236249.3,68286202,11004064,57282138,합계
충청남도 부여군,2024-08,3526,31779,495953,175510.9,320442,120024429,18110649,101913780,합계
충청남도 서천군,2024-08,357,4238,69670,23070.2,46599.7,11947487,2140637,9806850,합계
충청남도 청양군,2024-08,1416,7970,188149,51016.2,137132.7,41320889,4492484,36828405,합계
충청남도 홍성군,2024-08,2168,37599,362666,143466.2,219199.7,81179774,15628538,65551236,합계
충청남도 예산군,2024-08,1319,20666,251385,87048,164336.9,48582471,8665638,39916833,합계
충청남도 태안군,2024-08,3875,49264,617461,219972.1,397488.8,139374122,23781919,115592203,합계
전북특별자치도 전주시,2024-08,77866,1690334,13261207,6801015.9,6460191,2593097164,1038856656,1554240508,합계
전북특별자치도 군산시,2024-08,29887,655993,5238745,2499743.6,2741908.3,959595998,326745427,632850571,합계
전북특별자치도 익산시,2024-08,10306,216799,1787503,838999.9,948503,357795788,107793413,250002375,합계
전북특별자치도 정읍시,2024-08,10536,174834,1682626,603722.6,1078903.3,348495905,73145567,275350338,합계
전북특별자치도 남원시,2024-08,6900,110264,1051584,373852.6,677731.3,232550063,43945652,188604411,합계
전북특별자치도 김제시,2024-08,7885,108114,1216232,384286,831945.9,221655694,46162446,175493248,합계
전북특별자치도 완주군,2024-08,3582,42015,738392.6,291361.2,455336.7,119079225,31224438,87854787,합계
전북특별자치도 진안군,2024-08,826,7338,179399,62056.1,117342.8,24378881,6567653,17811228,합계
전북특별자치도 무주군,2024-08,1035,6816,181044,55094.3,125949.6,20904363,4900148,16004215,합계
전북특별자치도 장수군,2024-08,546,2111,132357,28789,103567.9,11929798,2741042,9188756,합계
전북특별자치도 임실군,2024-08,789,4815,154342,55234.7,99107.2,17237483,4914660,12322823,합계
전북특별자치도 순창군,2024-08,1135,8332,202805.7,68636.7,142002.2,32235573,6434187,25801386,합계
전북특별자치도 고창군,2024-08,250,2854,49197,12949.3,36247.6,7546074,1248492,6297582,합계
전북특별자치도 부안군,2024-08,3487,32768,607126,180017.9,427108,112547134,17186993,95360141,합계
전라남도 목포시,2024-08,32012,718944,5584236,2511846.6,3072389.3,1036612401,373841146,662771255,합계
전라남도 여수시,2024-08,32793,829446,6462898,3531729.5,2931168.4,1133995887,447764820,686231067,합계
전라남도 순천시,2024-08,9783,243213,1970952.3,993400.6,979846.3,366701742,127113441,239588301,합계
전라남도 나주시,2024-08,4094,49452,883350.7,310284.4,574664.5,121625091,29536670,92088421,합계
전라남도 광양시,2024-08,7954,167993,1520348.6,777963.6,861860.3,292797380,88047951,204749429,합계
전라남도 담양군,2024-08,1985,18102,341313,125369,215943.9,56484433,12277805,44206628,합계
전라남도 곡성군,2024-08,1156,5937,205409,46977.9,158431,30689165,4259989,26429176,합계
전라남도 구례군,2024-08,459,4434,81664,19586.4,62077.5,15342657,1744144,13598513,합계
전라남도 고흥군,2024-08,304,1960,59299,16577.7,42721.2,7262093,1538641,5723452,합계
전라남도 보성군,2024-08,1555,14690,339053,108909.6,230143.3,35453955,9191822,26262133,합계
전라남도 화순군,2024-08,3068,49077,476316,191254.9,285061,108972763,21254282,87718481,합계
전라남도 장흥군,2024-08,1621,12121,327935,86156.2,241778.7,43578495,7667119,35911376,합계
전라남도 강진군,2024-08,1308,12351,268673,66631.1,202041.8,35342471,6358177,28984294,합계
전라남도 해남군,2024-08,3706,52220,783154,248738.6,534415.3,102638384,23426356,79212028,합계
전라남도 영암군,2024-08,1430,13761,297828,106228.8,191599.1,32176650,8880550,23296100,합계
전라남도 무안군,2024-08,3234,51623,688332.2,289472.2,585764.7,93562958,30004620,63558338,합계
전라남도 함평군,2024-08,,,,,,,,,합계
전라남도 영광군,2024-08,2395,28267,459470,145553.8,313916.1,89378806,14028576,75350230,합계
전라남도 장성군,2024-08,2197,19675,396480,130086,266393.9,77562863,11890732,65672131,합계
전라남도 완도군,2024-08,2309,30163,422628,113091.1,309536.8,65681723,11444679,54237044,합계
전라남도 진도군,2024-08,1648,9981,333904,91311.3,242592.6,36649784,7734237,28915547,합계
전라남도 신안군,2024-08,1037,11358,178087,61457.6,116629.3,22623023,6810025,15812998,합계
경상북도 포항시,2024-08,49655,972681,9006153.1,4526847.2,4503481.7,1588875195,589169152,999706043,합계
경상북도 경주시,2024-08,26217,518459,5459444.5,2582228.9,2902546,881619396,284213082,597406314,합계
경상북도 김천시,2024-08,9578,156520,1602554,742626.5,859927.4,337903268,80038135,257865133,합계
경상북도 안동시,2024-08,3458,68503,592035,263495.2,328539.7,107619121,32045483,75573638,합계
경상북도 구미시,2024-08,6575,150407,1350465,728028.2,622436.7,242378383,90851826,151526557,합계
경상북도 영주시,2024-08,9833,196646,1409798,549641.4,860156.5,304780243,76455893,228324350,합계
경상북도 영천시,2024-08,5507,96079,894969,346661.9,548307,153976236,41505249,112470987,합계
경상북도 상주시,2024-08,7202,100585,958919,287252.9,671666,241033975,38781284,202252691,합계
경상북도 문경시,2024-08,2029,34561,313921,120695.9,193225,73011606,13750396,59261210,합계
경상북도 경산시,2024-08,4143,69069,777060,374082,402977.9,141792445,45061402,96731043,합계
경상북도 의성군,2024-08,1742,8953,312902,70059.4,242842.5,41390367,6164540,35225827,합계
경상북도 청송군,2024-08,985,5903,168657,53550.1,115106.8,19460025,4967929,14492096,합계
경상북도 영양군,2024-08,879,5750,174534,71495.6,103038.3,19387605,6570115,12817490,합계
경상북도 영덕군,2024-08,1560,13788,259933,88431.4,171501.5,24431341,7794883,16636458,합계
경상북도 청도군,2024-08,631,4039,86695,27096.1,59598.8,13475647,2802831,10672816,합계
경상북도 고령군,2024-08,689,5319,175311,60426.2,114884.7,18393021,4932401,13460620,합계
경상북도 성주군,2024-08,747,6961,175600,59754.7,115845.2,18914240,5239118,13675122,합계
경상북도 칠곡군,2024-08,5213,94675,1070810,477740.6,593069.3,173303172,49250276,124052896,합계
경상북도 예천군,2024-08,1318,11272,240963,59161.8,183478.1,33598174,5163910,28434264,합계
경상북도 봉화군,2024-08,1117,4694,225600,52796,172803.9,26552611,4500502,22052109,합계
경상북도 울진군,2024-08,2311,27173,441461,147830.6,293630.3,58404857,12390204,46014653,합계
경상북도 울릉군,2024-08,1112,14206,205880,51760,154119.9,35057069,7422958,27634111,합계
경상남도 창원시,2024-08,103511,1987769,20144545.8,9646817.4,11377614.5,3409486683,1196115761,2213370922,합계
경상남도 진주시,2024-08,35173,807526,6603311,3323452.5,3279858.4,1233236508,415398277,817838231,합계
경상남도 통영시,2024-08,13924,328346,2822939,1255105.9,1567833,488609310,156395848,332213462,합계
경상남도 사천시,2024-08,10802,236134,1964061.2,819046.5,1149796.4,385134087,96015612,289118475,합계
경상남도 김해시,2024-08,32992,725214,6747680.7,3446236.4,4091029.5,1133581573,435746692,697834881,합계
경상남도 밀양시,2024-08,7372,126154,1220605,482020.7,741297.2,221978928,55519477,166459451,합계
경상남도 거제시,2024-08,15618,403140,3456308.4,1833801.1,1634772.8,610723534,209430144,401293390,합계
경상남도 양산시,2024-08,7020,177090,1528951,777056,751894.9,278326361,91993778,186332583,합계
경상남도 의령군,2024-08,945,5600,138091,42704.9,95386,16472349,3684659,12787690,합계
경상남도 함안군,2024-08,2489,23377,435190,152380.1,282809.8,67857616,15072007,52785609,합계
경상남도 창녕군,2024-08,3130,20537,522272,140263.7,382008.2,83048927,13819555,69229372,합계
경상남도 고성군,2024-08,2502,26482,416528,136282.7,280245.2,70636075,15082877,55553198,합계
경상남도 남해군,2024-08,2520,17129,399438,119145.6,280292.3,67741589,10935512,56806077,합계
경상남도 하동군,2024-08,1811,9035,317311,73910.1,243400.8,33460056,7386842,26073214,합계
경상남도 산청군,2024-08,1554,14022,318660,124208.1,194451.8,30008813,10450604,19558209,합계
경상남도 함양군,2024-08,1745,13660,297866,68326.8,229539.1,45588163,7084899,38503264,합계
경상남도 거창군,2024-08,4010,61090,673166,220850.3,452315.6,110394597,24623525,85771072,합계
경상남도 합천군,2024-08,1263,5505,238265,55957.4,182307.5,29248430,5211960,24036470,합계
제주특별자치도,2024-08,117708,2156798,24608282,13728093.1,11300195.8,3758576198,1639003352,2119572846,합계
서울특별시,2024-09,1286461,19060341,276737460.6,165128932.3,28001880307.6,43695452501,22007293562,21688158939,합계
부산광역시,2024-09,432162,7347127,75966392,43783333.4,32184450.5,13779629013,6057716747,7721912266,합계
대구광역시,2024-09,219196,3483122,35620427.6,18601888.9,17068277,6695883405,2636968954,4058914451,합계
인천광역시,2024-09,307707,4835208,61930360.5,35630747.9,26565580,10269704280,4407779403,5861924877,합계
광주광역시,2024-09,161769,3408091,30941220.3,18957061.5,11996042.4,5465406840,2609808735,2855598105,합계
대전광역시,2024-09,168717,3313826,29973720,16991696.7,13624546.2,5608553722,2501754285,3106799437,합계
울산광역시,2024-09,125545,2383478,23864191.8,12659756.6,11528564.3,4089045981,1586586724,2502459257,합계
세종특별자치시,2024-09,9465,171999,2293198,1128641.3,1164556.6,328156398,116688224,211468174,합계
경기도 수원시,2024-09,97613,1720082,18636393,11124435.3,7706800.6,3321326487,1538613817,1782712670,합계
경기도 성남시,2024-09,54840,936093,11164131.5,6193126.7,5016381.2,1809622235,751800377,1057821858,합계
경기도 의정부시,2024-09,30793,636069,6467510,3425516.3,3368897.6,1121235804,464262734,656973070,합계
경기도 안양시,2024-09,58902,1023673,11178140.3,6349734.9,5092793,2036496653,835835664,1200660989,합계
경기도 부천시,2024-09,60021,923391,10240843.5,5494580.8,4749797.1,1874887456,785580296,1089307160,합계
경기도 광명시,2024-09,23290,276902,4577724.4,2296465.7,2767401.2,767670164,279616637,488053527,합계
경기도 평택시,2024-09,37578,763875,7503212.3,4183649,3430433.9,1307339979,511567378,795772601,합계
경기도 동두천시,2024-09,9760,198309,1724926.9,786678.6,951279.3,352165180,98388360,253776820,합계
경기도 안산시,2024-09,57040,1149602,10392393.7,5856426.3,4722139.6,1854754196,815742606,1039011590,합계
경기도 고양시,2024-09,52063,759991,9877506,5957504.8,3920001.1,1698977486,695995137,1002982349,합계
경기도 과천시,2024-09,6685,111319,1332031,740445.5,591585.4,232301575,92641263,139660312,합계
경기도 구리시,2024-09,16846,272483,3518003.2,1809332.4,2212010.5,579607917,213521727,366086190,합계
경기도 남양주시,2024-09,24776,438561,5258476.3,2899509,2404654.9,864783914,330653473,534130441,합계
경기도 오산시,2024-09,16500,250616,3090387,1706285.9,1384101,528569280,219042066,309527214,합계
경기도 시흥시,2024-09,31997,529152,5986766.7,3324229.6,2663810.3,1047466155,412130172,635335983,합계
경기도 군포시,2024-09,10911,168869,1922784,1057704,865079.9,355066148,136599574,218466574,합계
경기도 의왕시,2024-09,6591,100532,1162264,657099.8,505164.1,211964113,84639491,127324622,합계
경기도 하남시,2024-09,7758,115413,1483163,774217,708945.9,243808939,93594315,150214624,합계
경기도 용인시,2024-09,40703,586337,8865112.6,4885902,4508133.9,1370422816,559266039,811156777,합계
경기도 파주시,2024-09,19276,333737,5036857,2610579.8,2426277.1,740818290,261617925,479200365,합계
경기도 이천시,2024-09,11313,200922,2466464,1206340.5,1260123.4,409107367,136928875,272178492,합계
경기도 안성시,2024-09,9542,148179,2055801.9,946225,1188608.9,318321523,102986030,215335493,합계
경기도 김포시,2024-09,14623,216011,3318038.2,1793337.1,1721681.8,516814085,194124628,322689457,합계
경기도 화성시,2024-09,30023,448673,7442116.9,4006674.9,4970358,1023277362,444583005,578694357,합계
경기도 광주시,2024-09,10737,163589,2253235.2,1205880.1,1052261.8,354651081,135969292,218681789,합계
경기도 양주시,2024-09,8139,138563,1666361.1,923144.2,851574.7,266342742,105098157,161244585,합계
경기도 포천시,2024-09,7735,124721,1853884.5,802722.7,1095127.2,268962242,81995441,186966801,합계
경기도 여주시,2024-09,4558,83000,994820.3,452906.8,605027.1,158516915,48770855,109746060,합계
경기도 연천군,2024-09,1570,29007,478767,210723.3,268043.6,50208148,18086800,32121348,합계
경기도 가평군,2024-09,3850,72097,942396,453766,488629.9,127933093,40870746,87062347,합계
경기도 양평군,2024-09,4880,81368,1106860.2,466237.3,694283.6,169231575,46430140,122801435,합계
강원특별자치도 춘천시,2024-09,32495,780416,5212892.7,2562181,2742818.9,1059013668,398477956,660535712,합계
강원특별자치도 원주시,2024-09,40848,910404,7118640.1,3574396.7,4211140.2,1393715014,475433092,918281922,합계
강원특별자치도 강릉시,2024-09,27337,627005,4594652.8,2386179.4,2210281.5,865472651,322182158,543290493,합계
강원특별자치도 동해시,2024-09,10650,211658,1462027,716756.5,745270.4,338544613,86634291,251910322,합계
강원특별자치도 태백시,2024-09,5413,118474,982315,425483.3,556831.6,170036734,44265932,125770802,합계
강원특별자치도 속초시,2024-09,13435,320884,2149749,1009676.6,1140072.3,416396846,138752900,277643946,합계
강원특별자치도 삼척시,2024-09,5591,128993,856018,368866.3,487151.6,195444393,45213247,150231146,합계
강원특별자치도 홍천군,2024-09,3883,81062,738148,302893.8,435254.1,142846522,31917757,110928765,합계
강원특별자치도 횡성군,2024-09,1585,24617,373149.1,140092.4,377383.5,57302967,13070305,44232662,합계
강원특별자치도 영월군,2024-09,2028,33337,445588.3,118576.2,424073.7,65757097,12392649,53364448,합계
강원특별자치도 평창군,2024-09,2420,24822,519175,191186.3,327988.6,52677161,14905204,37771957,합계
강원특별자치도 정선군,2024-09,4626,77044,1104739,381287.8,723451.1,153423838,32043692,121380146,합계
강원특별자치도 철원군,2024-09,2399,33397,464412,201146.5,263265.4,69604975,16837957,52767018,합계
강원특별자치도 화천군,2024-09,1295,18048,262335,104855,157479.9,37832248,8565109,29267139,합계
강원특별자치도 양구군,2024-09,892,13893,205426,91957.4,113468.5,24126604,7118150,17008454,합계
강원특별자치도 인제군,2024-09,1226,14906,287888,122693.5,165194.4,34319954,8344988,25974966,합계
강원특별자치도 고성군,2024-09,1694,18137,406102,145767.7,260334.2,60171009,11997346,48173663,합계
강원특별자치도 양양군,2024-09,2010,25163,411231,171838.3,239392.6,64430760,13639261,50791499,합계
충청북도 청주시,2024-09,81190,1559255,15132378.3,8029969.2,7105394.7,2626558366,1108471374,1518086992,합계
충청북도 충주시,2024-09,22851,486572,3858579,1757563,2101015.9,733450702,226055906,507394796,합계
충청북도 제천시,2024-09,13204,299226,2349861.9,988536.4,1478626.5,378577567,134303403,244274164,합계
충청북도 보은군,2024-09,1713,11187,288679,86457.2,202221.7,41191436,9090433,32101003,합계
충청북도 옥천군,2024-09,3197,55351,558884,198861.5,360022.4,106603423,23621832,82981591,합계
충청북도 영동군,2024-09,2757,39105,495785,167231.4,328553.5,87641903,15938526,71703377,합계
충청북도 증평군,2024-09,2780,39701,529282.1,173248.9,370062,96546317,20033987,76512330,합계
충청북도 진천군,2024-09,3824,76878,984137.6,442224.3,551792.6,141491052,42353835,99137217,합계
충청북도 괴산군,2024-09,1343,14220,286089,115846.3,170242.6,32274266,11848007,20426259,합계
충청북도 음성군,2024-09,5185,98234,1375698,585059,790638.9,202662872,53641001,149021871,합계
충청북도 단양군,2024-09,1956,21660,360005.5,118974.3,274649.6,56261818,11673843,44587975,합계
충청남도 천안시,2024-09,47511,1135857,10017296.2,5757799.3,4330755.6,1697925579,781273450,916652129,합계
충청남도 공주시,2024-09,1181,20374,237791,94074.2,143716.7,44677920,10690108,33987812,합계
충청남도 보령시,2024-09,6848,126319,1148435,499612,648822.9,250326338,57652246,192674092,합계
충청남도 아산시,2024-09,23725,465828,5057717,2668876.6,2388840.3,823537333,297698679,525838654,합계
충청남도 서산시,2024-09,3057,78962,699197.8,320857.5,702358.4,135178481,39321850,95856631,합계
충청남도 논산시,2024-09,8061,133989,1448130,631743.1,816386.8,282834141,69264198,213569943,합계
충청남도 계룡시,2024-09,1475,29927,320536,144387,176148.9,52061511,15195295,36866216,합계
충청남도 당진시,2024-09,8511,158861,1669840,748277.4,921562.5,317682998,81682528,236000470,합계
충청남도 금산군,2024-09,2102,22854,370375,121328.9,249046,67717112,12665494,55051618,합계
충청남도 부여군,2024-09,3416,32776,525991,187911.3,338079.6,117198462,19210011,97988451,합계
충청남도 서천군,2024-09,352,4428,73593,25888.2,47704.7,11216045,2399856,8816189,합계
충청남도 청양군,2024-09,1412,8819,193235,49506.1,143728.8,41057932,4550177,36507755,합계
충청남도 홍성군,2024-09,2411,45366,430213,179203.5,251009.4,90390872,19336663,71054209,합계
충청남도 예산군,2024-09,1290,21633,260366,92619,167746.9,47934601,9321512,38613089,합계
충청남도 태안군,2024-09,3709,46242,607956.1,213059.3,396428.6,128800669,22685895,106114774,합계
전북특별자치도 전주시,2024-09,74009,1657937,12772737,6830446,5942290.9,2445897531,1058177868,1387719663,합계
전북특별자치도 군산시,2024-09,28113,628513,5031617.9,2470995.2,2571491.7,893773243,323806231,569967012,합계
전북특별자치도 익산시,2024-09,11861,261089,2075667,1020098.7,1055568.2,396685392,133802085,262883307,합계
전북특별자치도 정읍시,2024-09,10108,178880,1705075,642308.5,1062766.4,329448714,77669755,251778959,합계
전북특별자치도 남원시,2024-09,6556,110466,1051770,384615.4,667154.5,221321581,44969249,176352332,합계
전북특별자치도 김제시,2024-09,7737,109894,1270133,418730.8,851402.1,216119645,49199767,166919878,합계
전북특별자치도 완주군,2024-09,3473,43086,747326,302396.6,444929.3,114767867,32880816,81887051,합계
전북특별자치도 진안군,2024-09,791,7014,189372,58254.4,131117.5,22320643,6061060,16259583,합계
전북특별자치도 무주군,2024-09,1012,7204,185047,59759.9,125287,20608926,5542689,15066237,합계
전북특별자치도 장수군,2024-09,552,2327,136271,29009.2,107261.7,12256661,2904539,9352122,합계
전북특별자치도 임실군,2024-09,793,5575,164621,61711.6,102909.3,17815914,5803034,12012880,합계
전북특별자치도 순창군,2024-09,1101,9040,218642.8,77529.9,150107,31879248,7216530,24662718,합계
전북특별자치도 고창군,2024-09,245,3046,48500,15456.3,33043.6,7227275,1453900,5773375,합계
전북특별자치도 부안군,2024-09,3346,32661,604708,189635.2,415072.7,104566601,17915283,86651318,합계
전라남도 목포시,2024-09,30961,706265,5454711,2513306.5,2941404.4,996059221,377639896,618419325,합계
전라남도 여수시,2024-09,31027,726406,5834065,3093674.8,2740390.1,1034644651,396062736,638581915,합계
전라남도 순천시,2024-09,9394,244032,1945653,1003432.8,942220.1,351028827,130532570,220496257,합계
전라남도 나주시,2024-09,3414,43017,762239,276900.8,485338.1,99000593,26173511,72827082,합계
전라남도 광양시,2024-09,7407,157474,1413771.6,730197.2,698287.7,264807911,81834929,182972982,합계
전라남도 담양군,2024-09,1905,16716,327048,119575.3,207472.6,54066470,11915501,42150969,합계
전라남도 곡성군,2024-09,1109,5613,205035,48590.8,156444.1,27998788,4298243,23700545,합계
전라남도 구례군,2024-09,630,5666,110573,27087.7,83485.2,19844739,2546196,17298543,합계
전라남도 고흥군,2024-09,268,1949,56662,15296.5,41365.4,6555881,1324719,5231162,합계
전라남도 보성군,2024-09,1520,15093,346802,114354.1,232447.8,36216368,9794813,26421555,합계
전라남도 화순군,2024-09,2881,48563,475732,195152,280579.9,100617349,21909990,78707359,합계
전라남도 장흥군,2024-09,1550,11736,336274,92332,243941.9,41266553,7949596,33316957,합계
전라남도 강진군,2024-09,1254,12014,270159,69575.9,200583,33130163,6428076,26702087,합계
전라남도 해남군,2024-09,3570,52933,809766,266621.6,543144.3,99794856,24668583,75126273,합계
전라남도 영암군,2024-09,1416,13828,303163,106395.4,196767.5,32243076,9127796,23115280,합계
전라남도 무안군,2024-09,3137,52329,712785,290001.9,490728,93539555,29905662,63633893,합계
전라남도 함평군,2024-09,,,,,,,,,합계
전라남도 영광군,2024-09,2345,27222,458882,138554.3,320327.6,86078926,13544238,72534688,합계
전라남도 장성군,2024-09,2123,19223,393928,127222.2,266705.7,73787698,11844873,61942825,합계
전라남도 완도군,2024-09,2191,29934,419645,117600.1,302044.8,62048033,11738214,50309819,합계
전라남도 진도군,2024-09,1696,11757,369260,101865.3,267394.6,39731672,8723529,31008143,합계
전라남도 신안군,2024-09,993,11667,172222,61273.9,110948,21503391,6678926,14824465,합계
경상북도 포항시,2024-09,46252,911653,8347825.2,4272969.3,4141660.6,1446096707,559494475,886602232,합계
경상북도 경주시,2024-09,24739,483001,4993084.4,2335410,2677302.9,797117909,259249670,537868239,합계
경상북도 김천시,2024-09,9376,168440,1663862.6,811717.4,854221.5,327034806,88156798,238878008,합계
경상북도 안동시,2024-09,3330,70646,605743,281591.9,324151,104014706,34189031,69825675,합계
경상북도 구미시,2024-09,6444,152069,1365714,746191.3,619522.6,238579916,93898216,144681700,합계
경상북도 영주시,2024-09,9374,205688,1431577,589248.5,842328.4,287787456,82054134,205733322,합계
경상북도 영천시,2024-09,5441,97259,920965,366045.3,554919.6,145803335,43698719,102104616,합계
경상북도 상주시,2024-09,6944,102089,988936,302821,686114.9,228244136,40258973,187985163,합계
경상북도 문경시,2024-09,1918,35200,317298,127274.3,190023.6,68590131,14421822,54168309,합계
경상북도 경산시,2024-09,4016,70287,821775,413419.6,408355.3,136748405,48819180,87929225,합계
경상북도 의성군,2024-09,1754,9337,340072.2,75000.6,271737.3,41365412,6631764,34733648,합계
경상북도 청송군,2024-09,926,5833,171543,53850.8,117692.1,18266162,4793879,13472283,합계
경상북도 영양군,2024-09,857,5776,184034,72019.4,112014.5,18396404,6329489,12066915,합계
경상북도 영덕군,2024-09,1401,13094,248460,86335.1,162124.8,22519178,7609519,14909659,합계
경상북도 청도군,2024-09,581,4054,87348,25889.7,61458.2,11419720,2653166,8766554,합계
경상북도 고령군,2024-09,699,5425,188813,63771.1,125041.8,19085588,5309886,13775702,합계
경상북도 성주군,2024-09,741,6889,176957,59159.4,117797.5,18407723,5128641,13279082,합계
경상북도 칠곡군,2024-09,4826,86765,1013474,466626.4,546847.5,156635364,47725460,108909904,합계
경상북도 예천군,2024-09,1268,11922,242452,65483.8,176968.1,31995748,5721462,26274286,합계
경상북도 봉화군,2024-09,1040,4583,211267,51769.9,159497,23343381,4286481,19056900,합계
경상북도 울진군,2024-09,2191,23541,426863,129723.4,297139.5,52002386,10774913,41227473,합계
경상북도 울릉군,2024-09,977,9855,143504,34920.9,108583,25496787,5263790,20232997,합계
경상남도 창원시,2024-09,100395,1976304,20175131.6,9891030.5,11000102.4,3262139167,1234314200,2027824967,합계
경상남도 진주시,2024-09,33773,820004,6587077,3453139,3133937.9,1170640098,433759403,736880695,합계
경상남도 통영시,2024-09,13198,316965,2706895.7,1239404.5,1487625.4,453184774,153153761,300031013,합계
경상남도 사천시,2024-09,10056,228484,1883968,795055.8,1088912.1,360305480,93282078,267023402,합계
경상남도 김해시,2024-09,31891,689963,6480255.2,3351232.5,3133779.4,1076815966,430298455,646517511,합계
경상남도 밀양시,2024-09,7206,121978,1190497,470869.7,719627.2,208360760,54636803,153723957,합계
경상남도 거제시,2024-09,14952,379727,3304599.8,1759187,1605747.9,572685948,200133649,372552299,합계
경상남도 양산시,2024-09,9884,255507,2227111,1182678.5,1044432.4,387539987,137455021,250084966,합계
경상남도 의령군,2024-09,885,5646,144387,45671.3,98715.6,16616726,3841825,12774901,합계
경상남도 함안군,2024-09,406,4466,80095,29255.4,50839.5,12121017,2775301,9345716,합계
경상남도 창녕군,2024-09,3065,21109,547634.7,153352,396310.9,80816783,14812090,66004693,합계
경상남도 고성군,2024-09,2457,27592,427301,143547.9,283753,68522384,15512710,53009674,합계
경상남도 남해군,2024-09,2381,16814,382721,118402.4,264318.5,60631565,10986663,49644902,합계
경상남도 하동군,2024-09,1716,8466,312475,70424.3,242050.6,31905439,6694941,25210498,합계
경상남도 산청군,2024-09,1499,13772,314330,122534.2,191795.7,29664937,10220895,19444042,합계
경상남도 함양군,2024-09,1804,14489,304607,70510.2,234096.7,46062161,7335434,38726727,합계
경상남도 거창군,2024-09,3972,67559,719967,245160.8,474806.1,109793474,27940110,81853364,합계
경상남도 합천군,2024-09,1520,6473,281598.3,68947,226538.9,34612859,6172799,28440060,합계
제주특별자치도,2024-09,110614,1932251,21693769.3,11613479.4,10334962.5,3408243685,1424335250,1983908435,합계
서울특별시,2024-10,1378651,20218805,301428063.2,177544135,28798998679.9,46553567739,23198649116,23354918623,합계
부산광역시,2024-10,448166,7358438,78278379,44475117.6,33803261.3,14037603909,6058870301,7978733608,합계
대구광역시,2024-10,228563,3458240,36333980.5,18447938.2,17912047.7,6833921249,2592825693,4241095556,합계
인천광역시,2024-10,320805,4821087,63516172.6,35680072.4,28230562.5,10555363236,4356778640,6198584596,합계
광주광역시,2024-10,167453,3375659,31464295.7,18913861,12613145.9,5535552822,2565423403,2970129419,합계
대전광역시,2024-10,176477,3343680,31178810.4,17319936.3,14814356.6,5790693301,2502486025,3288207276,합계
울산광역시,2024-10,131312,2403772,24485118.9,12871468.2,11747994.7,4196115120,1609687165,2586427955,합계
세종특별자치시,2024-10,10133,176630,2429479,1173304.4,1256174.5,349696638,120841437,228855201,합계
경기도 수원시,2024-10,101243,1749129,19244663.3,11387049.2,8119549.7,3394536158,1559503630,1835032528,합계
경기도 성남시,2024-10,57556,961073,11885788.8,6533693.4,5399163.5,1890372460,775071829,1115300631,합계
경기도 의정부시,2024-10,32276,633907,6740335.6,3473276.6,3632781.3,1165485813,460434586,705051227,합계
경기도 안양시,2024-10,63736,1077519,12213935.6,6821601.5,5512868.4,2226189347,880805531,1345383816,합계
경기도 부천시,2024-10,62323,924049,10572206.8,5550445.4,5023259.5,1921321700,779087462,1142234238,합계
경기도 광명시,2024-10,24442,279531,4857255.3,2378673.7,3036292.2,792919252,281743761,511175491,합계
경기도 평택시,2024-10,39126,773803,7653950.5,4236658.8,3520780.1,1340785672,520283147,820502525,합계
경기도 동두천시,2024-10,11263,221555,1855771,818798.2,1036972.7,414517649,104498394,310019255,합계
경기도 안산시,2024-10,61570,1181397,11124417.3,6133683.1,5168400.8,1987834860,838528626,1149306234,합계
경기도 고양시,2024-10,54482,790998,10411965,6244996.2,4166968.7,1767755783,720525781,1047230002,합계
경기도 과천시,2024-10,6904,110358,1352662,742632.7,610029.2,235922877,91386248,144536629,합계
경기도 구리시,2024-10,17985,282900,3787907.4,1911128.6,2633562.3,619590048,221812676,397777372,합계
경기도 남양주시,2024-10,26447,448024,5550066.9,3013483.5,2578426.4,912082636,339557175,572525461,합계
경기도 오산시,2024-10,17018,256995,3135011,1744297.6,1390713.3,535869784,222591135,313278649,합계
경기도 시흥시,2024-10,33359,524177,6106088,3320158.1,2785929.8,1072349272,407123340,665225932,합계
경기도 군포시,2024-10,11289,168430,1968062,1065079.7,902982.2,365054677,135630979,229423698,합계
경기도 의왕시,2024-10,6913,103863,1239071,689180,549890.9,224743512,87013122,137730390,합계
경기도 하남시,2024-10,8038,117056,1538082,798483.1,739598.8,250688030,95996938,154691092,합계
경기도 용인시,2024-10,42922,603594,9365522.7,5119935.6,4944042.3,1432158705,575750728,856407977,합계
경기도 파주시,2024-10,20536,346302,5249005,2786380.8,2462624.1,771515752,276157984,495357768,합계
경기도 이천시,2024-10,11748,204020,2530359,1235147.5,1295211.4,414920372,138722709,276197663,합계
경기도 안성시,2024-10,9737,146518,2039713,918860.8,1164577.1,311966666,100497190,211469476,합계
경기도 김포시,2024-10,15081,216659,3396542.3,1822740.1,1786273.8,522895584,195264297,327631287,합계
경기도 화성시,2024-10,30999,454739,7535803.4,4022260.4,5246452.5,1035862429,448624522,587237907,합계
경기도 광주시,2024-10,11100,164921,2304933,1220439.8,1084493.1,362347960,136070354,226277606,합계
경기도 양주시,2024-10,8212,136277,1660225.4,898494.6,854188.3,263786670,102138291,161648379,합계
경기도 포천시,2024-10,7995,118776,1781847,758067.6,1070821.3,267154220,78407895,188746325,합계
경기도 여주시,2024-10,4870,85720,1036071.3,468287.3,627570.6,162949003,50941388,112007615,합계
경기도 연천군,2024-10,1610,29410,480250,208006.2,272243.7,51292033,18066262,33225771,합계
경기도 가평군,2024-10,3958,79750,945128,449657.8,495470.1,127742357,42603141,85139216,합계
경기도 양평군,2024-10,5010,82797,1136358.7,477636.2,761215.7,172947766,47380812,125566954,합계
강원특별자치도 춘천시,2024-10,33569,782912,5401772,2621559,2922597.9,1072228244,400000024,672228220,합계
강원특별자치도 원주시,2024-10,42705,920842,7364103.1,3640338.1,4779829.8,1432448241,482054934,950393307,합계
강원특별자치도 강릉시,2024-10,28782,636802,4782396,2437582,2352035.9,905555803,327221298,578334505,합계
강원특별자치도 동해시,2024-10,11007,202061,1461538,692633.4,768904.5,346108526,82650290,263458236,합계
강원특별자치도 태백시,2024-10,5613,116879,993040,416452.4,576587.5,172470195,43247037,129223158,합계
강원특별자치도 속초시,2024-10,13987,323901,2284799.7,1063232.1,1226402.8,439513881,144228953,295284928,합계
강원특별자치도 삼척시,2024-10,5636,126093,842411,358077.7,484333.2,192603065,44086250,148516815,합계
강원특별자치도 홍천군,2024-10,3934,80659,731283,300794.7,430488.2,142946104,31798205,111147899,합계
강원특별자치도 횡성군,2024-10,1720,26027,401576.4,146896.2,407752.7,59316171,13850821,45465350,합계
강원특별자치도 영월군,2024-10,2318,37012,495284.9,137189,520483.9,73062439,14327186,58735253,합계
강원특별자치도 평창군,2024-10,2495,26314,563227,205306.5,357920.4,56699357,16171885,40527472,합계
강원특별자치도 정선군,2024-10,4749,78151,1145506,394384.9,751121,156504959,32830721,123674238,합계
강원특별자치도 철원군,2024-10,2620,39364,503381,227911.9,275469,76154457,19574967,56579490,합계
강원특별자치도 화천군,2024-10,1291,17374,253493,102541.3,150951.6,35797608,8379227,27418381,합계
강원특별자치도 양구군,2024-10,857,13726,210128,92935,117192.9,23208654,7066467,16142187,합계
강원특별자치도 인제군,2024-10,1235,14911,300441,125878.2,174562.7,35896986,8634796,27262190,합계
강원특별자치도 고성군,2024-10,1703,17219,402611,143557.3,259053.6,59642232,11848336,47793896,합계
강원특별자치도 양양군,2024-10,2029,25124,415276,148353.4,266922.5,67800965,12419999,55380966,합계
충청북도 청주시,2024-10,84336,1570400,15609596.1,8143973.5,7469675.4,2699328210,1109060644,1590267566,합계
충청북도 충주시,2024-10,23761,481534,3935126,1758491.1,2176634.8,754187489,224525470,529662019,합계
충청북도 제천시,2024-10,13724,298968,2413813.1,985284.6,1673479.3,385832361,133027570,252804791,합계
충청북도 보은군,2024-10,1769,11849,312002,94489.6,217512.3,42087530,9761025,32326505,합계
충청북도 옥천군,2024-10,3195,52707,547348,193221.6,354126.3,101201268,22658109,78543159,합계
충청북도 영동군,2024-10,2855,39194,503444,169221.1,334222.8,87296980,16092085,71204895,합계
충청북도 증평군,2024-10,2915,38713,552777.3,173182.2,381216.7,98351846,19839485,78512361,합계
충청북도 진천군,2024-10,4044,79303,1010364.3,447084.4,566020.5,148548913,42857817,105691096,합계
충청북도 괴산군,2024-10,1407,14448,293225,113929.8,179295.1,32500560,11438361,21062199,합계
충청북도 음성군,2024-10,5290,93943,1300630.1,544903.7,792714.2,197482147,50405691,147076456,합계
충청북도 단양군,2024-10,1992,24721,392744.4,133578.1,294249.8,57884850,13703019,44181831,합계
충청남도 천안시,2024-10,49900,1161475,10391578.5,5888604.6,4575590.3,1764885855,793392659,971493196,합계
충청남도 공주시,2024-10,1214,19777,237532,94636.5,142895.4,43839331,10525211,33314120,합계
충청남도 보령시,2024-10,7156,124333,1153494,495257.4,658236.5,256248592,56527858,199720734,합계
충청남도 아산시,2024-10,25041,474042,5186383,2713510.3,2472872.6,851172607,302253609,548918998,합계
충청남도 서산시,2024-10,3119,76279,719116.1,309547,916562.9,137040562,37883215,99157347,합계
충청남도 논산시,2024-10,8175,126824,1413618,599176.1,814441.8,283015472,65355919,217659553,합계
충청남도 계룡시,2024-10,1561,30482,335498,153120.9,182377,53117800,16305246,36812554,합계
충청남도 당진시,2024-10,8746,155780,1669529,742324.6,927204.3,319510610,79711760,239798850,합계
충청남도 금산군,2024-10,2175,22854,372404,123093.8,249310.1,67527631,12804906,54722725,합계
충청남도 부여군,2024-10,3536,32634,538631,192054.2,346576.7,120148120,19236616,100911504,합계
충청남도 서천군,2024-10,356,4057,68925,24260,44664.9,9812692,2239876,7572816,합계
충청남도 청양군,2024-10,1463,8606,200097,50161.2,149935.7,40327459,4588436,35739023,합계
충청남도 홍성군,2024-10,6221,109114,1038230,429041,609188.9,221228911,47619270,173609641,합계
충청남도 예산군,2024-10,1340,22143,267314,94422.2,172891.7,50454282,9603380,40850902,합계
충청남도 태안군,2024-10,3867,45312,626880,221062.7,405817.2,132447536,22946598,109500938,합계
전북특별자치도 전주시,2024-10,77058,1674053,13236278.3,6964235,6273647.9,2504559120,1070668767,1433890353,합계
전북특별자치도 군산시,2024-10,29060,618757,5135041,2463187.1,2671853.8,903431587,318166604,585264983,합계
전북특별자치도 익산시,2024-10,29782,592688,4730933,2288909.9,2442023,931406325,313915653,617490672,합계
전북특별자치도 정읍시,2024-10,10548,175479,1739179,636443.2,1102735.7,330701045,76997775,253703270,합계
전북특별자치도 남원시,2024-10,6743,108189,1031720,375622.1,656097.8,218264388,43914121,174350267,합계
전북특별자치도 김제시,2024-10,7940,105558,1279474.6,405534.1,899658.8,213142419,47001945,166140474,합계
전북특별자치도 완주군,2024-10,3613,44046,765053,311039.5,454013.4,117323283,33688018,83635265,합계
전북특별자치도 진안군,2024-10,835,7885,198544,63340.7,135203.2,23843410,6449691,17393719,합계
전북특별자치도 무주군,2024-10,1014,6477,173051,54166.9,118884,18944960,5031896,13913064,합계
전북특별자치도 장수군,2024-10,546,2301,134216,28539.1,105676.8,11542397,2720828,8821569,합계
전북특별자치도 임실군,2024-10,815,5572,157405,59032.5,98372.4,17204942,5585095,11619847,합계
전북특별자치도 순창군,2024-10,1132,8923,228881.3,78429.7,168830.2,31911528,7191942,24719586,합계
전북특별자치도 고창군,2024-10,239,3151,48940,14714.2,34225.7,7081915,1359280,5722635,합계
전북특별자치도 부안군,2024-10,3424,29828,581780,180135.7,401644.2,98501840,16798133,81703707,합계
전라남도 목포시,2024-10,32104,700949,5584053,2517658,3066394.9,1008278362,371914966,636363396,합계
전라남도 여수시,2024-10,32095,731724,6031107,3149161.8,2881945.1,1046690719,392961548,653729171,합계
전라남도 순천시,2024-10,9790,239074,1938027,980030.7,957996.2,356989320,126820966,230168354,합계
전라남도 나주시,2024-10,3146,38704,677147.7,249482.7,430695.2,89078484,23388026,65690458,합계
전라남도 광양시,2024-10,7861,157363,1441218,737069.9,704148,278339892,81928656,196411236,합계
전라남도 담양군,2024-10,1915,15495,303919,106589.7,197329.2,49925739,10484406,39441333,합계
전라남도 곡성군,2024-10,1142,5001,195800,42861.9,152938,26190584,3828626,22361958,합계
전라남도 구례군,2024-10,1488,9832,227627,49248.9,178378,38865352,4958485,33906867,합계
전라남도 고흥군,2024-10,338,2164,66893,16301,50591.9,8276873,1489904,6786969,합계
전라남도 보성군,2024-10,1575,14371,343652,111576.9,232075,34996817,9690923,25305894,합계
전라남도 화순군,2024-10,3042,46200,480485,191392.7,289092.2,105289679,21130932,84158747,합계
전라남도 장흥군,2024-10,1612,11427,322675,85057.9,237617,39736625,7261753,32474872,합계
전라남도 강진군,2024-10,1254,11997,269733,70900,198832.9,30987980,6470897,24517083,합계
전라남도 해남군,2024-10,3625,49919,821139,262927.7,558211.2,97913414,23778508,74134906,합계
전라남도 영암군,2024-10,1449,13198,292680,101522.2,191157.7,30648274,8624885,22023389,합계
전라남도 무안군,2024-10,3295,48078,666486.5,260076,600498.9,90075511,27554214,62521297,합계
전라남도 함평군,2024-10,,,,,,,,,합계
전라남도 영광군,2024-10,2354,25375,423748,123447.4,300300.5,84697283,12259098,72438185,합계
전라남도 장성군,2024-10,2217,19728,387732,122764.5,264967.4,76301068,11657163,64643905,합계
전라남도 완도군,2024-10,2292,28548,424291,112394.4,311896.5,60074830,11035912,49038918,합계
전라남도 진도군,2024-10,1787,12194,395690,112928.2,282761.7,40229994,9425392,30804602,합계
전라남도 신안군,2024-10,1059,11267,173156,60628,112527.9,21022615,6697155,14325460,합계
경상북도 포항시,2024-10,46977,886073,8272394.2,4143112.2,4191096.7,1434449648,540998248,893451400,합계
경상북도 경주시,2024-10,25832,508954,5387608.5,2625081,2941107.9,828206611,290809230,537397381,합계
경상북도 김천시,2024-10,9555,163419,1660234.3,797516,866582.9,326823659,85571323,241252336,합계
경상북도 안동시,2024-10,3570,72849,633468,290574.2,342893.7,109462551,35245374,74217177,합계
경상북도 구미시,2024-10,6552,148351,1350071,731722.7,618348.2,239934821,90990768,148944053,합계
경상북도 영주시,2024-10,9722,198926,1426957,573472.3,853484.6,287479546,79002613,208476933,합계
경상북도 영천시,2024-10,5659,93362,901478,348356.4,553121.5,144798620,42032776,102765844,합계
경상북도 상주시,2024-10,7087,100660,1002216,303164,699051.9,227882691,40225470,187657221,합계
경상북도 문경시,2024-10,1955,32871,313061,122836.1,190224.8,68400662,13756164,54644498,합계
경상북도 경산시,2024-10,4037,66178,782474,385226.1,397247.8,133867009,45304794,88562215,합계
경상북도 의성군,2024-10,1772,8799,326843,67477.8,259365.1,39556212,5992171,33564041,합계
경상북도 청송군,2024-10,957,5936,180292,56298.7,123993.2,19314744,4867702,14447042,합계
경상북도 영양군,2024-10,890,5788,180098,70496.2,115157.7,18383251,6165941,12217310,합계
경상북도 영덕군,2024-10,1450,13550,255156,84505.1,170650.8,22973615,7537575,15436040,합계
경상북도 청도군,2024-10,622,4369,90824,28275.2,62548.7,12731935,3005843,9726092,합계
경상북도 고령군,2024-10,726,5205,178707,59067.8,119639.1,17767339,4821511,12945828,합계
경상북도 성주군,2024-10,749,6628,162110,54203.4,107906.5,16960077,4852096,12107981,합계
경상북도 칠곡군,2024-10,5002,85404,1005273,454244.1,551028.8,155981665,46385319,109596346,합계
경상북도 예천군,2024-10,1259,11466,243244,65065.3,178178.6,29929422,5708130,24221292,합계
경상북도 봉화군,2024-10,1071,4700,219958,54704.4,165253.5,23666920,4501759,19165161,합계
경상북도 울진군,2024-10,2194,22627,415374,127833,287540.9,50287134,10332389,39954745,합계
경상북도 울릉군,2024-10,1049,10538,150172,36316.7,113855.2,24540392,5264313,19276079,합계
경상남도 창원시,2024-10,105436,1975090,20808511.5,9971479,11891067.9,3360250408,1241605285,2118645123,합계
경상남도 진주시,2024-10,35192,838503,6802269,3571827.1,3230441.8,1196724034,448224367,748499667,합계
경상남도 통영시,2024-10,13453,301555,2678782,1194390,1484391.9,452379251,147198424,305180827,합계
경상남도 사천시,2024-10,10853,226069,1946376.5,818574.8,1147201.1,377392581,94788976,282603605,합계
경상남도 김해시,2024-10,33016,681194,6527749.1,3309984.8,3229111.1,1091848051,422539477,669308574,합계
경상남도 밀양시,2024-10,7322,119102,1164330,453860.3,710469.6,207005487,53411557,153593930,합계
경상남도 거제시,2024-10,15563,378760,3350950,1767742.3,1583207.6,590751393,199795969,390955424,합계
경상남도 양산시,2024-10,17960,393885,3449967,1808122,1641844.9,635538165,213653347,421884818,합계
경상남도 의령군,2024-10,928,5477,135824,41754.9,94069,15787469,3461238,12326231,합계
경상남도 함안군,2024-10,2473,23429,431522,162280.2,269241.7,64751396,15927767,48823629,합계
경상남도 창녕군,2024-10,3086,20524,527577,149249.7,378327.2,75187796,14196262,60991534,합계
경상남도 고성군,2024-10,2483,26428,419245,139183.4,280061.5,63944201,15305211,48638990,합계
경상남도 남해군,2024-10,2395,15770,371914,113466.5,258447.4,55589613,10653150,44936463,합계
경상남도 하동군,2024-10,1803,8174,318799,71244.8,247554.1,31845572,6782122,25063450,합계
경상남도 산청군,2024-10,1539,14029,326611,123841.6,202769.3,30128273,10558122,19570151,합계
경상남도 함양군,2024-10,1904,13692,312477,73030.4,239446.5,45879030,7550124,38328906,합계
경상남도 거창군,2024-10,4066,61696,696618,229264.9,467353,103593950,25547725,78046225,합계
경상남도 합천군,2024-10,1601,6951,289001,67733.8,221267.1,35244167,5926196,29317971,합계
제주특별자치도,2024-10,115107,1935680,22590192.6,11816640.3,11262904.6,3499358553,1436342103,2063016450,합계
서울특별시,2024-11,1344966,20042903,299027012.8,176381286,24000588509.9,46422614753,23215132146,23207482607,합계
부산광역시,2024-11,437490,7124919,77065035,43229804.4,33835230.5,13876176861,5901046649,7975130212,합계
대구광역시,2024-11,227912,3495843,36725990.9,18670150,18205382.9,6965526028,2638938990,4326587038,합계
인천광역시,2024-11,309925,4727309,61744354.4,34893158.7,27348142.2,10392855413,4320079839,6072775574,합계
광주광역시,2024-11,163742,3331766,31133586.5,18679127.4,12455908.5,5509768224,2559403470,2950364754,합계
대전광역시,2024-11,173631,3379647,31375250.4,17550739.9,15262890,5791918154,2561383067,3230535087,합계
울산광역시,2024-11,96889,1797472,18632349.5,9719152.8,8962224.1,3173353448,1199600780,1973752668,합계
세종특별자치시,2024-11,8848,161225,2225422,1071414.3,1154007.6,309294238,108672165,200622073,합계
경기도 수원시,2024-11,96242,1666709,18331758.4,10907817.9,7809448,3264887375,1521167899,1743719476,합계
경기도 성남시,2024-11,55922,934350,11543861.6,6319322.4,5251400.5,1851241280,765054485,1086186795,합계
경기도 의정부시,2024-11,31211,631323,6662210.9,3444612,3539398.9,1138401453,463250499,675150954,합계
경기도 안양시,2024-11,60172,1047203,11596345.9,6545417.1,5096761.8,2127849905,869112761,1258737144,합계
경기도 부천시,2024-11,60436,910786,10341506.5,5431606.1,4911692.8,1894650704,777897567,1116753137,합계
경기도 광명시,2024-11,23857,278282,4860658.2,2372458.4,3080453.5,788025226,286667515,501357711,합계
경기도 평택시,2024-11,37095,739926,7311613,4075420.6,3324862.3,1284285890,509370597,774915293,합계
경기도 동두천시,2024-11,11007,218422,1888439,834313.3,1054125.6,416455002,104342332,312112670,합계
경기도 안산시,2024-11,57764,1126265,10345329.3,5764711.9,4778192,1864387210,813072707,1051314503,합계
경기도 고양시,2024-11,54967,836959,11008687,6608223.2,4400463.7,1861212560,766374864,1094837696,합계
경기도 과천시,2024-11,6313,101715,1239263,685664.2,553598.7,217335132,86506018,130829114,합계
경기도 구리시,2024-11,17337,283356,3817268.7,1926008.8,2760398.1,607209667,224356234,382853433,합계
경기도 남양주시,2024-11,25637,447896,5540109.2,3020017.9,2566593,910379493,342123096,568256397,합계
경기도 오산시,2024-11,16133,244519,2970069,1667339.6,1302729.3,511962943,218363683,293599260,합계
경기도 시흥시,2024-11,31412,501455,5731126,3143179,2587946.9,1017289705,394159854,623129851,합계
경기도 군포시,2024-11,10769,166084,1912781,1055811.2,856969.7,353976549,137293005,216683544,합계
경기도 의왕시,2024-11,6427,97530,1144721,647047.7,497673.2,207956905,83879292,124077613,합계
경기도 하남시,2024-11,8745,126907,1688848,874594,814253.9,281605284,105928557,175676727,합계
경기도 용인시,2024-11,40007,558906,8638892.4,4704616.7,4863579.2,1329995723,540581448,789414275,합계
경기도 파주시,2024-11,20158,345140,5227236,2785663.2,2441572.7,765069435,279497945,485571490,합계
경기도 이천시,2024-11,11172,197233,2467791,1210863.9,1256927,397272946,138158177,259114769,합계
경기도 안성시,2024-11,9195,136653,1892492.8,858160.9,1104553,295712958,96804844,198908114,합계
경기도 김포시,2024-11,14645,208731,3376423,1745797.1,1894411.8,514772723,187478650,327294073,합계
경기도 화성시,2024-11,29620,434874,7223453.4,3855496.4,4614616.5,1004396556,439129120,565267436,합계
경기도 광주시,2024-11,10647,161870,2221481,1190049.5,1031431.4,350195391,135499084,214696307,합계
경기도 양주시,2024-11,8498,147782,1763437.5,960890.4,937039.5,277149418,109881054,167268364,합계
경기도 포천시,2024-11,7565,116478,1730949.4,747862.3,1031470.6,257964149,77447132,180517017,합계
경기도 여주시,2024-11,4713,82308,999499,449502.7,604634.2,159730868,48799056,110931812,합계
경기도 연천군,2024-11,1569,27938,472251,202597.5,269653.4,50440148,16977881,33462267,합계
경기도 가평군,2024-11,3824,75955,922749,438040.8,484708.1,121989356,40742181,81247175,합계
경기도 양평군,2024-11,4800,79839,1078776.7,453419,870648.9,169741300,45226369,124514931,합계
강원특별자치도 춘천시,2024-11,32845,781721,5347816.5,2579639.1,3064220.8,1065274064,398712356,666561708,합계
강원특별자치도 원주시,2024-11,41876,914357,7336861.9,3616644.5,5038715.4,1411320728,481483027,929837701,합계
강원특별자치도 강릉시,2024-11,28285,619205,4635392.5,2308999.6,2327856.3,898556383,309450321,589106062,합계
강원특별자치도 동해시,2024-11,10734,196263,1425583,664632.6,760950.3,342935205,79450097,263485108,합계
강원특별자치도 태백시,2024-11,5505,118748,994560,417535,577024.9,173547979,43382389,130165590,합계
강원특별자치도 속초시,2024-11,13419,307435,2148389.3,967996.6,1189582.3,419962903,132137846,287825057,합계
강원특별자치도 삼척시,2024-11,5415,125719,826587,349767.2,476819.7,187847173,43229681,144617492,합계
강원특별자치도 홍천군,2024-11,3883,80142,731259,298446.9,432812,143252752,31772922,111479830,합계
강원특별자치도 횡성군,2024-11,1787,26499,394263,142307.1,450060.8,62761714,13389379,49372335,합계
강원특별자치도 영월군,2024-11,2361,37717,503894.4,130080,609715.9,76592541,13573632,63018909,합계
강원특별자치도 평창군,2024-11,2371,22612,469056,169204.3,299851.6,50460016,13219858,37240158,합계
강원특별자치도 정선군,2024-11,4538,75008,1076388,367515.5,708872.4,153176158,30947893,122228265,합계
강원특별자치도 철원군,2024-11,2617,36271,496870,213487,284776.9,75757117,17781382,57975735,합계
강원특별자치도 화천군,2024-11,1232,17552,257180,105126.3,152053.6,36055195,8468763,27586432,합계
강원특별자치도 양구군,2024-11,804,12815,193765,85474,108290.9,21972980,6442835,15530145,합계
강원특별자치도 인제군,2024-11,1177,13840,260487,109550.4,150936.5,32773916,7493135,25280781,합계
강원특별자치도 고성군,2024-11,1759,17879,407246,143614.8,263631.1,63298736,11767420,51531316,합계
강원특별자치도 양양군,2024-11,1869,21038,321790,119949.6,201840.3,60378935,10146709,50232226,합계
충청북도 청주시,2024-11,81989,1578745,15395581.5,8198813.1,7204600.8,2665173714,1122303755,1542869959,합계
충청북도 충주시,2024-11,23218,483384,3873983,1750154.9,2123828,739874187,225838153,514036034,합계
충청북도 제천시,2024-11,13393,296408,2407126.8,976094.1,1777168.8,382607407,133045661,249561746,합계
충청북도 보은군,2024-11,1656,10652,290108,87593.2,202514.8,41039852,8966030,32073822,합계
충청북도 옥천군,2024-11,3049,51145,529747,186885.2,342861.7,97268581,22128547,75140034,합계
충청북도 영동군,2024-11,2720,38252,484935,162540.9,322394,85239419,15386364,69853055,합계
충청북도 증평군,2024-11,2780,37975,520457,164897.8,355559.1,96647200,19140952,77506248,합계
충청북도 진천군,2024-11,3702,73148,931692.2,411608.5,525548.4,139856712,39684625,100172087,합계
충청북도 괴산군,2024-11,1342,14377,289990,114136.6,175853.3,32718645,11602254,21116391,합계
충청북도 음성군,2024-11,5132,92681,1294012,539763,754248.9,193280976,50020571,143260405,합계
충청북도 단양군,2024-11,1901,24300,372493.5,124226,279023.9,55282830,12583807,42699023,합계
충청남도 천안시,2024-11,48836,1155726,10256811.9,5866037.2,4519402.7,1751385653,801133193,950252460,합계
충청남도 공주시,2024-11,1151,19698,233594,94262.4,139331.5,42848518,10317738,32530780,합계
충청남도 보령시,2024-11,6923,122484,1131726,480871.5,650854.4,247445325,55259149,192186176,합계
충청남도 아산시,2024-11,24402,471998,5130124,2714670.8,2415453.1,832956659,306292387,526664272,합계
충청남도 서산시,2024-11,5248,114679,1165467.2,458443,1724984.9,207370770,57988757,149382013,합계
충청남도 논산시,2024-11,7955,129093,1401095,602286.7,798808.2,278822374,66085867,212736507,합계
충청남도 계룡시,2024-11,1490,29356,307920,137880.8,170039.1,51729180,14842067,36887113,합계
충청남도 당진시,2024-11,8543,158626,1661799.6,750475.5,927511.4,310942339,81644618,229297721,합계
충청남도 금산군,2024-11,2086,21097,357064,115229.8,241834.1,65787008,12103136,53683872,합계
충청남도 부여군,2024-11,3346,31349,514914,182935.4,331978.5,113856101,18204138,95651963,합계
충청남도 서천군,2024-11,321,3662,60375,21038.4,39336.5,9104170,1972679,7131491,합계
충청남도 청양군,2024-11,1402,8282,191230,46995.3,144234.6,38726381,4252848,34473533,합계
충청남도 홍성군,2024-11,6884,127241,1186930,500118.1,686811.8,246766745,56244386,190522359,합계
충청남도 예산군,2024-11,1318,21704,264526,92116,172409.9,48468285,9278054,39190231,합계
충청남도 태안군,2024-11,3691,44448,583283,208898.3,374384.6,125094675,22007779,103086896,합계
전북특별자치도 전주시,2024-11,75533,1665296,13186541.8,6954023.5,6372415.4,2491192174,1072368708,1418823466,합계
전북특별자치도 군산시,2024-11,28822,625487,5153675.7,2480635.8,2675420.1,907676150,321452458,586223692,합계
전북특별자치도 익산시,2024-11,32988,649585,5237087,2548022,2689064.9,1030574296,349316283,681258013,합계
전북특별자치도 정읍시,2024-11,10250,176905,1771986,662803,1109182.9,327814895,80787045,247027850,합계
전북특별자치도 남원시,2024-11,6571,107064,1008268,370242.3,638025.6,216645463,43389086,173256377,합계
전북특별자치도 김제시,2024-11,7637,101807,1232485,388075.7,844409.2,207518000,45069097,162448903,합계
전북특별자치도 완주군,2024-11,3673,47032,792488,326234.9,466253,123325992,35685108,87640884,합계
전북특별자치도 진안군,2024-11,769,7624,185289,60733.2,124555.7,22512773,5868706,16644067,합계
전북특별자치도 무주군,2024-11,1081,7113,187075,60565.9,126509,20825491,5562443,15263048,합계
전북특별자치도 장수군,2024-11,520,2164,133154,27176.7,105977.2,11563777,2517465,9046312,합계
전북특별자치도 임실군,2024-11,793,5642,161625,62691,98933.9,17613696,5735958,11877738,합계
전북특별자치도 순창군,2024-11,1099,8912,220655.8,77501.7,152361.2,31597081,7294031,24303050,합계
전북특별자치도 고창군,2024-11,248,3220,50308,14600,35707.9,7831018,1348446,6482572,합계
전북특별자치도 부안군,2024-11,3286,27908,555116,172478.3,382637.6,95567995,16105393,79462602,합계
전라남도 목포시,2024-11,31341,690488,5552940,2486293.9,3066646,998644714,368350172,630294542,합계
전라남도 여수시,2024-11,30992,702996,5880772,3042314.9,2838457,1028747818,382767666,645980152,합계
전라남도 순천시,2024-11,9448,236121,1904549,977225.3,927323.6,345731517,125949812,219781705,합계
전라남도 나주시,2024-11,2775,35355,615540.5,226759,390247.9,81490185,21126610,60363575,합계
전라남도 광양시,2024-11,7512,153851,1427281,724521.2,702759.7,269918281,80494907,189423374,합계
전라남도 담양군,2024-11,1890,15797,316493,110240.4,206252.5,49700642,10949618,38751024,합계
전라남도 곡성군,2024-11,1077,5092,183760,43788.2,139971.7,25563187,3965846,21597341,합계
전라남도 구례군,2024-11,1447,10088,230509,49808,180700.9,38770877,4760909,34009968,합계
전라남도 고흥군,2024-11,500,3264,99851,27254.3,72596.6,12314362,2409476,9904886,합계
전라남도 보성군,2024-11,1538,14375,341011,114271.1,226739.8,35460549,9582359,25878190,합계
전라남도 화순군,2024-11,2978,44292,467486,183045.8,284440.1,102739764,20261851,82477913,합계
전라남도 장흥군,2024-11,1550,11158,325314,85193.5,240120.4,39803739,7259130,32544609,합계
전라남도 강진군,2024-11,1225,11953,264555,70642.3,193912.6,30326514,6160883,24165631,합계
전라남도 해남군,2024-11,3510,49144,812147,259965,552181.9,97081559,23663180,73418379,합계
전라남도 영암군,2024-11,1343,12340,275770,96048.1,179721.8,29574860,8164426,21410434,합계
전라남도 무안군,2024-11,3192,46139,647355.9,244040.8,521983.1,87618041,26373697,61244344,합계
전라남도 함평군,2024-11,,,,,,,,,합계
전라남도 영광군,2024-11,2274,24963,410874,115647.5,295226.4,82612187,11662991,70949196,합계
전라남도 장성군,2024-11,2121,19452,379324.8,118582.3,262336.6,73419680,11031435,62388245,합계
전라남도 완도군,2024-11,2168,27885,403694,105558.4,298135.5,59071852,10583044,48488808,합계
전라남도 진도군,2024-11,1689,11423,389759,112892.5,276866.4,38887187,9090901,29796286,합계
전라남도 신안군,2024-11,982,10677,163422,55573,107848.9,19489221,6240899,13248322,합계
경상북도 포항시,2024-11,45354,868649,8128975.4,4073181.7,4057373.2,1406523935,532534226,873989709,합계
경상북도 경주시,2024-11,25229,499184,5266755.9,2530084.5,3181704.4,816683888,278442334,538241554,합계
경상북도 김천시,2024-11,9538,162244,1658352,794252.4,864099.5,328749929,85078358,243671571,합계
경상북도 안동시,2024-11,3568,69632,638116,282039.6,356076.3,109456116,33559727,75896389,합계
경상북도 구미시,2024-11,6513,147265,1357672,726918.8,630753.1,243331747,90474500,152857247,합계
경상북도 영주시,2024-11,9520,201210,1417485,573615.6,843869.3,284807225,79926353,204880872,합계
경상북도 영천시,2024-11,5553,92947,885221.6,345935.8,540872.1,146152516,42019891,104132625,합계
경상북도 상주시,2024-11,6901,100312,1026428,303014.1,723413.8,222854509,39661358,183193151,합계
경상북도 문경시,2024-11,1889,31823,302946,116826.2,186119.7,66016314,13036455,52979859,합계
경상북도 경산시,2024-11,3823,65588,773307,381013.7,392293.2,131115772,44639919,86475853,합계
경상북도 의성군,2024-11,1751,8605,327060,67222,259837.9,40247684,5984474,34263210,합계
경상북도 청송군,2024-11,893,5899,166925,52712.1,114212.8,18607151,4759554,13847597,합계
경상북도 영양군,2024-11,869,5986,183939,73564.7,110374.2,19675874,6572282,13103592,합계
경상북도 영덕군,2024-11,1398,13723,245822,83539.2,162282.7,22174229,7272695,14901534,합계
경상북도 청도군,2024-11,620,4257,92131,28806.6,63324.3,13818842,2871983,10946859,합계
경상북도 고령군,2024-11,692,4975,171911,55920.7,115990.2,17398041,4677307,12720734,합계
경상북도 성주군,2024-11,791,7172,176641,58997.3,117643.6,18717463,5240038,13477425,합계
경상북도 칠곡군,2024-11,5122,87824,1047315,465593.9,581721,162353962,47579662,114774300,합계
경상북도 예천군,2024-11,1275,11945,231004,63324,167679.9,30886974,5672638,25214336,합계
경상북도 봉화군,2024-11,1030,4264,200112,46233,153878.9,23366576,3809948,19556628,합계
경상북도 울진군,2024-11,2117,22883,407436,121895.1,285540.8,49730036,10161137,39568899,합계
경상북도 울릉군,2024-11,891,7620,107062,25043.4,82018.5,18636371,3621489,15014882,합계
경상남도 창원시,2024-11,102499,1938921,20566763.6,9863640.1,11908851.8,3307597972,1223564870,2084033102,합계
경상남도 진주시,2024-11,34008,794461,6552931,3399077.4,3153853.5,1166648014,421623180,745024834,합계
경상남도 통영시,2024-11,13068,292981,2633686,1174633.3,1459052.6,444699901,145533190,299166711,합계
경상남도 사천시,2024-11,10654,220829,1915321.5,798227,1128268.9,373736491,91596631,282139860,합계
경상남도 김해시,2024-11,32552,678996,6571581.3,3311018.4,3265236.5,1100110361,418462897,681647464,합계
경상남도 밀양시,2024-11,6954,113645,1129521,447870.5,681650.4,198365464,52242645,146122819,합계
경상남도 거제시,2024-11,15180,376143,3321028,1754263.8,1566764.1,583848412,197856574,385991838,합계
경상남도 양산시,2024-11,17662,389953,3443388,1795342.7,1648045.2,634010352,210458889,423551463,합계
경상남도 의령군,2024-11,872,5100,134050,42199.5,91850.4,14963389,3379783,11583606,합계
경상남도 함안군,2024-11,2403,23998,431537,166631.5,264905.4,64854471,16299307,48555164,합계
경상남도 창녕군,2024-11,3074,20395,539467,148726.5,390740.4,77613290,14187436,63425854,합계
경상남도 고성군,2024-11,2424,24645,391084,129236.2,261847.7,62014759,13988229,48026530,합계
경상남도 남해군,2024-11,2356,15776,375005,113062.2,261942.7,57108264,10230155,46878109,합계
경상남도 하동군,2024-11,1757,8351,315754,72700.5,243053.4,31739024,6781532,24957492,합계
경상남도 산청군,2024-11,1361,13039,280039,113284.9,166754.1,25634835,9509866,16124969,합계
경상남도 함양군,2024-11,1883,13404,299664,66065.1,233598.8,45665100,6649346,39015754,합계
경상남도 거창군,2024-11,3928,59968,683153,220713.2,462439.7,104298047,24515664,79782383,합계
경상남도 합천군,2024-11,1582,6531,285634,65529.4,220104.5,35233273,5817807,29415466,합계
제주특별자치도,2024-11,110910,1871033,21122791.3,10760678.4,10650213.5,3350881594,1329585204,2021296390,합계
서울특별시,2024-12,1408107,21261521,314994467,186716114.3,28564939724.6,48254437868,24006172626,24248265242,합계
부산광역시,2024-12,456202,7486622,80112202,45134682.4,34977519.5,14401873306,6095123954,8306749352,합계
대구광역시,2024-12,242912,3822965,39285661.4,20391924,18908661.9,7431605180,2848327440,4583277740,합계
인천광역시,2024-12,327718,5166279,65825669.1,37851187.8,28686221.1,10968528883,4636126443,6332402440,합계
광주광역시,2024-12,169039,3454292,31881427.8,19348047.3,12542977.6,5621054684,2610702758,3010351926,합계
대전광역시,2024-12,181303,3560858,32603960.8,18393711.9,16094245,5987492430,2639626700,3347865730,합계
울산광역시,2024-12,128299,2462818,24892112,13343849,11559708.9,4185259943,1640625499,2544634444,합계
세종특별자치시,2024-12,9376,166403,2294962,1105105,1189856.9,327109549,110694524,216415025,합계
경기도 수원시,2024-12,103290,1806469,19863617.5,11856346.2,8332363.7,3534872107,1625458054,1909414053,합계
경기도 성남시,2024-12,72859,1219298,14670838.8,8156749.1,6580905.8,2377853808,981407208,1396446600,합계
경기도 의정부시,2024-12,32824,673499,7137614.7,3724395.5,3749526.4,1191625720,494567912,697057808,합계
경기도 안양시,2024-12,64341,1156453,12797210.8,7363706.8,5473114.1,2278531358,955564449,1322966909,합계
경기도 부천시,2024-12,68551,1046985,11757170.5,6276819.8,5483742.1,2144726813,886168858,1258557955,합계
경기도 광명시,2024-12,25165,300612,5110325.9,2529460.7,3222445.2,828823728,302184701,526639027,합계
경기도 평택시,2024-12,39662,785641,7805738.7,4298425.7,3782780.2,1376672896,530469115,846203781,합계
경기도 동두천시,2024-12,11181,239851,2022696,928456.1,1094239.8,418964335,114457102,304507233,합계
경기도 안산시,2024-12,63478,1275180,11527822,6501203.7,5233597.2,2048761234,907663851,1141097383,합계
경기도 고양시,2024-12,62111,971574,12939296,7787565.3,5221494.6,2153825295,893783142,1260042153,합계
경기도 과천시,2024-12,6757,112870,1354810,769192.9,585617,230713578,94663962,136049616,합계
경기도 구리시,2024-12,18020,295326,3957542.3,2017646.7,3030491.2,629510930,233319654,396191276,합계
경기도 남양주시,2024-12,30435,520697,6381689,3480398.8,2937196.1,1045494056,392673347,652820709,합계
경기도 오산시,2024-12,17298,260530,3227676.9,1804546.5,1427520.4,552470731,231399610,321071121,합계
경기도 시흥시,2024-12,33774,546213,6186921.5,3416721.8,2773159.1,1096288745,423007710,673281035,합계
경기도 군포시,2024-12,11643,186433,2127703,1198767.2,928935.7,383821892,153011009,230810883,합계
경기도 의왕시,2024-12,6989,109712,1278098.2,736399.2,548350.7,225940050,93610056,132329994,합계
경기도 하남시,2024-12,9331,138575,1788406,941816.1,846589.8,300046011,113771044,186274967,합계
경기도 용인시,2024-12,43604,610442,9411405.8,5113621.7,5796489.2,1470020615,580467629,889552986,합계
경기도 파주시,2024-12,20888,352968,5305114,2825667.2,2479446.7,786640698,285115066,501525632,합계
경기도 이천시,2024-12,11717,209521,2618206,1295106.7,1324659.2,418980412,145372129,273608283,합계
경기도 안성시,2024-12,9961,150479,2008068,914993.5,1162265.4,326716629,102609733,224106896,합계
경기도 김포시,2024-12,15372,218401,3503171.2,1811466.9,1977300,541382100,192796935,348585165,합계
경기도 화성시,2024-12,31584,464482,7721169.7,4119967,4761641.9,1085241138,461988038,623253100,합계
경기도 광주시,2024-12,12247,183900,2569102,1371937.8,1197164.1,404237495,151716345,252521150,합계
경기도 양주시,2024-12,8964,151300,1850858.6,997934.3,987572.6,293340054,113216105,180123949,합계
경기도 포천시,2024-12,7976,120236,1761363.9,759489.5,1055484.4,272210954,79056307,193154647,합계
경기도 여주시,2024-12,5102,85755,1029077.6,459525.8,628749.1,175886179,49566505,126319674,합계
경기도 연천군,2024-12,1542,26876,441024.5,191365.8,251454.1,48211455,16123848,32087607,합계
경기도 가평군,2024-12,3981,67486,882669,408600.4,474068.5,125689249,36136466,89552783,합계
경기도 양평군,2024-12,5136,83768,1129414,475075.7,941133.2,182180560,46724803,135455757,합계
강원특별자치도 춘천시,2024-12,34045,808508,5467357.3,2642102,3240378.9,1092388038,404851886,687536152,합계
강원특별자치도 원주시,2024-12,43277,957849,7592264.9,3715246.8,5305589.1,1455108954,495345884,959763070,합계
강원특별자치도 강릉시,2024-12,29193,651535,4764215,2416543.1,2347671.8,926345647,325849049,600496598,합계
강원특별자치도 동해시,2024-12,10930,206227,1457546,693541.2,764004.7,347850167,83279088,264571079,합계
강원특별자치도 태백시,2024-12,5710,126422,1038506,438151.5,600354.4,183063753,45412117,137651636,합계
강원특별자치도 속초시,2024-12,13849,323973,2174629.9,990229.6,1187660.3,433404316,136542867,296861449,합계
강원특별자치도 삼척시,2024-12,5650,130464,846336,356229.6,490106.3,194684903,44239852,150445051,합계
강원특별자치도 홍천군,2024-12,4069,86460,781922,322943.9,458978,152599356,33739877,118859479,합계
강원특별자치도 횡성군,2024-12,1927,28425,408218.8,150129.7,467121.2,69497099,14005567,55491532,합계
강원특별자치도 영월군,2024-12,2466,38722,517999.6,127101.2,584140.7,81405518,13546566,67858952,합계
강원특별자치도 평창군,2024-12,449,4350,95491,34553.9,60937,10852089,2724145,8127944,합계
강원특별자치도 정선군,2024-12,4800,80302,1211490.3,486626.4,726814.5,167081203,36977265,130103938,합계
강원특별자치도 철원군,2024-12,2689,34435,477154,199044,278109.9,75921439,16516182,59405257,합계
강원특별자치도 화천군,2024-12,1316,18117,253641,105662.2,147978.7,38867190,8477776,30389414,합계
강원특별자치도 양구군,2024-12,935,14558,217725,99160.1,118564.8,26242915,7314076,18928839,합계
강원특별자치도 인제군,2024-12,1208,14699,268101,114969.6,153131.3,33837091,7818540,26018551,합계
강원특별자치도 고성군,2024-12,1942,19544,443142,157408.1,285733.8,71191535,12746478,58445057,합계
강원특별자치도 양양군,2024-12,2053,22006,320806,121486.2,199319.7,66794299,10309916,56484383,합계
충청북도 청주시,2024-12,84773,1670289,15751900.1,8628552,7134247.9,2745753060,1173836144,1571916916,합계
충청북도 충주시,2024-12,24194,506387,3945445,1780091.1,2165353.8,766612198,230314008,536298190,합계
충청북도 제천시,2024-12,14038,306764,2473108.8,980618.7,1870486.2,402571127,132626521,269944606,합계
충청북도 보은군,2024-12,1710,10505,268401,78533.8,189867.1,41905450,8067254,33838196,합계
충청북도 옥천군,2024-12,3115,53784,530718,190792.8,339925.1,100916311,22524519,78391792,합계
충청북도 영동군,2024-12,2818,37858,479560,154279,325280.9,89052220,14592189,74460031,합계
충청북도 증평군,2024-12,2921,39827,538990.7,171159.1,372672.8,102002985,19972330,82030655,합계
충청북도 진천군,2024-12,3849,77719,978896.1,430049,550316.9,147992612,41251095,106741517,합계
충청북도 괴산군,2024-12,1400,13661,278912,109067.6,169844.3,33567409,10816458,22750951,합계
충청북도 음성군,2024-12,5412,97425,1348750,560916,787833.9,206277192,50883703,155393489,합계
충청북도 단양군,2024-12,2018,20300,374661.8,113336.1,304213.8,58237212,10709261,47527951,합계
충청남도 천안시,2024-12,52214,1233494,10700495.2,6155410.3,4579844.6,1841138616,835213450,1005925166,합계
충청남도 공주시,2024-12,1226,20650,244410,95296.6,149113.3,47222580,10457932,36764648,합계
충청남도 보령시,2024-12,7188,128058,1126185,475356.3,650828.6,252862999,55757708,197105291,합계
충청남도 아산시,2024-12,25795,494485,5323033,2840017.1,2483015.8,871643798,315723711,555920087,합계
충청남도 서산시,2024-12,10034,208307,2073275.3,801629,2705881.9,365064621,103642168,261422453,합계
충청남도 논산시,2024-12,8313,134613,1434314,623045.9,811268,287691160,68671870,219019290,합계
충청남도 계룡시,2024-12,1568,31042,322519,145030.2,177488.7,54051954,15653652,38398302,합계
충청남도 당진시,2024-12,8869,167249,1709792,785597.5,924194.4,324309830,85158076,239151754,합계
충청남도 금산군,2024-12,2185,22809,368483,126389.5,242093.4,68622677,13026684,55595993,합계
충청남도 부여군,2024-12,3395,33121,524573,187174.5,337398.4,116531758,18849967,97681791,합계
충청남도 서천군,2024-12,310,3263,53103,18329.9,34773,8759194,1716779,7042415,합계
충청남도 청양군,2024-12,1463,8480,202528,51125.8,151402.1,41350434,4475664,36874770,합계
충청남도 홍성군,2024-12,7013,125812,1164189,492350.1,671838.8,248480072,55392583,193087489,합계
충청남도 예산군,2024-12,1319,21694,262694,90870,171823.9,49077861,9112428,39965433,합계
충청남도 태안군,2024-12,3812,44230,544723,191889.9,352833,129227309,20750479,108476830,합계
전북특별자치도 전주시,2024-12,78761,1750883,13576485.6,7278880.6,6466907.3,2558869985,1104374627,1454495358,합계
전북특별자치도 군산시,2024-12,30000,658634,5230246,2552523.8,2677722.1,940555251,333477130,607078121,합계
전북특별자치도 익산시,2024-12,34160,664204,5290663,2590734.8,2699928.1,1050914858,352529210,698385648,합계
전북특별자치도 정읍시,2024-12,10769,188044,1723036,646025.2,1077010.7,339069498,79862254,259207244,합계
전북특별자치도 남원시,2024-12,6950,112046,1010723,370322.3,640400.6,228713495,43921917,184791578,합계
전북특별자치도 김제시,2024-12,7985,108962,1266392,402156.7,864235.2,218604868,46476733,172128135,합계
전북특별자치도 완주군,2024-12,3753,47024,791155,325127.2,466027.7,122891474,35177721,87713753,합계
전북특별자치도 진안군,2024-12,833,8759,188975,65225.4,123749.5,24071332,6199476,17871856,합계
전북특별자치도 무주군,2024-12,1129,8147,211631.7,75473.9,138443,23728005,6537638,17190367,합계
전북특별자치도 장수군,2024-12,510,2147,127146,27630.6,99515.3,11081599,2456570,8625029,합계
전북특별자치도 임실군,2024-12,779,4968,138429,51664.5,86764.4,16029101,4820612,11208489,합계
전북특별자치도 순창군,2024-12,1123,8515,206163.9,72309.4,138130.5,30452238,6705822,23746416,합계
전북특별자치도 고창군,2024-12,226,2701,42416,11614.1,30801.8,6913661,1062673,5850988,합계
전북특별자치도 부안군,2024-12,3402,29662,557232,172633.4,384598.5,102045904,16238055,85807849,합계
전라남도 목포시,2024-12,32598,724671,5710664,2601518,3109145.9,1028711720,384876472,643835248,합계
전라남도 여수시,2024-12,31860,728470,5968762.8,3112811.5,2858623.4,1057573334,388757873,668815461,합계
전라남도 순천시,2024-12,9935,249075,1979673,1014975.4,964697.5,362785052,130825031,231960021,합계
전라남도 나주시,2024-12,2534,31977,547121,205805.9,341315,72200200,18944710,53255490,합계
전라남도 광양시,2024-12,7716,162958,1455683,754327.9,701355,276280034,83692191,192587843,합계
전라남도 담양군,2024-12,1971,15575,313375,109845.7,203529.2,52007295,10666069,41341226,합계
전라남도 곡성군,2024-12,1116,5550,185694.1,52398.7,135208.2,26255549,4335175,21920374,합계
전라남도 구례군,2024-12,1463,9477,222358,45964.3,176393.6,38236462,4280932,33955530,합계
전라남도 고흥군,2024-12,472,2944,85427,21282,64144.9,11314093,2093770,9220323,합계
전라남도 보성군,2024-12,1576,14222,332341,107964.4,224376.5,35813962,9119242,26694720,합계
전라남도 화순군,2024-12,3094,47176,467894,186860.1,281033.8,106290308,20824964,85465344,합계
전라남도 장흥군,2024-12,1602,11775,329897.6,87167.3,244690.6,41892471,7233543,34658928,합계
전라남도 강진군,2024-12,1347,12740,289891,72140.4,217750.5,34476724,6284050,28192674,합계
전라남도 해남군,2024-12,3556,50828,803738,246178.2,557559.7,99380998,22760017,76620981,합계
전라남도 영암군,2024-12,1384,12267,280649,91466.4,189182.5,30710895,7759485,22951410,합계
전라남도 무안군,2024-12,3260,48616,670931.3,264430.3,514815.6,91680886,27719080,63961806,합계
전라남도 함평군,2024-12,,,,,,,,,합계
전라남도 영광군,2024-12,2335,26155,420824,119737,301086.9,83329770,12075480,71254290,합계
전라남도 장성군,2024-12,2151,21049,379957.4,124308,316434.9,75185394,11657641,63527753,합계
전라남도 완도군,2024-12,2265,29081,415500,109543.6,305956.3,62625235,10820961,51804274,합계
전라남도 진도군,2024-12,1765,11516,387447,106121.8,281325.1,41142929,8825629,32317300,합계
전라남도 신안군,2024-12,1028,11196,160240,57053.7,103186.2,19601142,6273140,13328002,합계
경상북도 포항시,2024-12,55466,1072496,9889469.9,4994232.7,4906341.2,1729485600,655643869,1073841731,합계
경상북도 경주시,2024-12,25866,538259,5165006,2438005.7,3046217.2,824183601,270700022,553483579,합계
경상북도 김천시,2024-12,10117,171247,1711198,818838.1,892359.8,346114179,87560609,258553570,합계
경상북도 안동시,2024-12,9916,199055,1643115,745870.1,897244.8,310482069,92471202,218010867,합계
경상북도 구미시,2024-12,6931,163134,1448161,799401.9,648759,257180363,97922668,159257695,합계
경상북도 영주시,2024-12,9967,213429,1456455,596782.6,859672.3,301692521,83441474,218251047,합계
경상북도 영천시,2024-12,5864,98837,929236.7,355193.9,586309,158985244,42748031,116237213,합계
경상북도 상주시,2024-12,7178,106948,1029891,303705.3,726185.6,232479361,40671214,191808147,합계
경상북도 문경시,2024-12,1965,34463,318179,124121.6,194057.3,69662362,13973047,55689315,합계
경상북도 경산시,2024-12,4079,69327,812124,396985.2,415138.7,139169959,46204892,92965067,합계
경상북도 의성군,2024-12,1702,8691,309017,63532,245484.9,40286018,5591291,34694727,합계
경상북도 청송군,2024-12,901,5164,151669,44638.4,107030.5,17213222,3821372,13391850,합계
경상북도 영양군,2024-12,875,5898,174500,71443.6,103056.3,18672488,6354736,12317752,합계
경상북도 영덕군,2024-12,1501,15102,257281,86058.9,171222,24023370,7677964,16345406,합계
경상북도 청도군,2024-12,633,4224,87326,28515.1,58810.8,14383016,2758655,11624361,합계
경상북도 고령군,2024-12,730,5821,188898,62850.4,126047.5,19178787,5027100,14151687,합계
경상북도 성주군,2024-12,1023,9398,235919,77474.1,158444.8,25105005,6884997,18220008,합계
경상북도 칠곡군,2024-12,5250,89344,1056324.4,462531.2,595356.7,169305230,47404118,121901112,합계
경상북도 예천군,2024-12,1269,12589,242099,65392,176706.9,32281828,5798415,26483413,합계
경상북도 봉화군,2024-12,1087,4503,219369,53246,166122.9,25800934,4111200,21689734,합계
경상북도 울진군,2024-12,2222,23564,409593,124503.4,285089.5,52630374,10325728,42304646,합계
경상북도 울릉군,2024-12,780,6480,80601,19478.9,61122,16208336,2833283,13375053,합계
경상남도 창원시,2024-12,106415,2077347,21708583.7,10604221.9,12399610,3422245189,1299997959,2122247230,합계
경상남도 진주시,2024-12,35547,839614,6820304,3585835,3234468.9,1214493168,439449064,775044104,합계
경상남도 통영시,2024-12,13495,305769,2693422,1208360.9,1485061,458438186,147779498,310658688,합계
경상남도 사천시,2024-12,6943,150140,1325079,565656.4,759422.5,251229423,63016256,188213167,합계
경상남도 김해시,2024-12,34557,732940,7009006.8,3563474.8,3456539.1,1150082659,445937933,704144726,합계
경상남도 밀양시,2024-12,7289,120866,1167994,465209.7,702784.2,206966735,53447516,153519219,합계
경상남도 거제시,2024-12,15724,400129,3470842,1868771.9,1602070,595088319,209458687,385629632,합계
경상남도 양산시,2024-12,18969,425668,3714476,1942308.3,1772167.6,678207393,226310786,451896607,합계
경상남도 의령군,2024-12,883,4943,123964,38666.1,85297.8,14729067,3128868,11600199,합계
경상남도 함안군,2024-12,2515,25518,454738,176775.9,277962,70428187,17331149,53097038,합계
경상남도 창녕군,2024-12,3168,21481,550067,153804.3,448637.6,82372904,14583349,67789555,합계
경상남도 고성군,2024-12,2474,26001,402394,134173.6,268220.3,65361713,14249489,51112224,합계
경상남도 남해군,2024-12,2467,17296,399005,119777.7,279227.2,62008104,10534133,51473971,합계
경상남도 하동군,2024-12,1735,8276,303431,64614.1,238816.8,31153626,6143701,25009925,합계
경상남도 산청군,2024-12,1361,14249,278284,116186.5,162097.4,25854719,9724582,16130137,합계
경상남도 함양군,2024-12,1945,14198,310430,68967.4,241462.5,48053175,7155630,40897545,합계
경상남도 거창군,2024-12,4033,65251,687613,226656.9,460956,109614615,25368926,84245689,합계
경상남도 합천군,2024-12,1593,6691,280393,69230,211162.9,34962010,5994518,28967492,합계
제주특별자치도,2024-12,116019,2055378,22113246.4,11789750.8,10652618.1,3495411300,1454793872,2040617428,합계
