지자체명,연월,영엽횟수(회),운행거리(km),영업거리(km),공차거리(km),운행시간(초),영업시간(초),공차시간(초),1대당 1일평균
서울특별시,2022-01,20,177,116,66,31008,17091,13917,1대당 1일평균
부산광역시,2022-01,19,197,103,95,36176,13644,22532,1대당 1일평균
대구광역시,2022-01,18,186,96,91,33306,13097,20209,1대당 1일평균
인천광역시,2022-01,20,223,128,97,36448,16346,20102,1대당 1일평균
광주광역시,2022-01,24,218,127,92,37758,16431,21327,1대당 1일평균
대전광역시,2022-01,26,211,126,87,36104,17629,18475,1대당 1일평균
울산광역시,2022-01,20,191,97,107,34207,12182,22025,1대당 1일평균
세종특별자치시,2022-01,27,325,162,163,46001,16727,29274,1대당 1일평균
경기도 수원시,2022-01,23,246,142,130,44867,18357,26510,1대당 1일평균
경기도 성남시,2022-01,20,250,134,118,39343,15209,24134,1대당 1일평균
경기도 의정부시,2022-01,28,269,147,131,46012,19157,26855,1대당 1일평균
경기도 안양시,2022-01,22,224,124,100,39784,15998,23785,1대당 1일평균
경기도 부천시,2022-01,19,263,106,276,36756,14933,21823,1대당 1일평균
경기도 광명시,2022-01,13,195,96,98,35545,11911,23634,1대당 1일평균
경기도 평택시,2022-01,27,287,151,136,45218,18469,26750,1대당 1일평균
경기도 동두천시,2022-01,24,194,85,112,41161,10830,30331,1대당 1일평균
경기도 안산시,2022-01,26,249,132,204,42141,17557,24584,1대당 1일평균
경기도 고양시,2022-01,20,270,166,121,45713,18613,27100,1대당 1일평균
경기도 과천시,2022-01,23,258,145,113,43537,17387,26149,1대당 1일평균
경기도 구리시,2022-01,23,277,157,120,42329,17593,24736,1대당 1일평균
경기도 남양주시,2022-01,24,289,162,127,44264,17891,26373,1대당 1일평균
경기도 오산시,2022-01,19,243,136,110,39433,16369,23064,1대당 1일평균
경기도 시흥시,2022-01,21,251,134,117,41063,15769,25294,1대당 1일평균
경기도 군포시,2022-01,19,234,122,112,41698,14248,27450,1대당 1일평균
경기도 의왕시,2022-01,20,228,134,94,40925,15777,25147,1대당 1일평균
경기도 하남시,2022-01,19,231,125,106,34780,14882,19898,1대당 1일평균
경기도 용인시,2022-01,25,331,184,148,45827,20574,25253,1대당 1일평균
경기도 파주시,2022-01,24,335,182,153,44722,17901,26820,1대당 1일평균
경기도 이천시,2022-01,25,268,140,128,45707,15579,30128,1대당 1일평균
경기도 안성시,2022-01,18,229,100,129,38445,10383,28062,1대당 1일평균
경기도 김포시,2022-01,17,272,146,126,40039,14702,25337,1대당 1일평균
경기도 화성시,2022-01,19,298,158,140,44960,17125,27834,1대당 1일평균
경기도 광주시,2022-01,17,252,136,116,37123,14264,22859,1대당 1일평균
경기도 양주시,2022-01,25,282,148,134,42146,16505,25640,1대당 1일평균
경기도 포천시,2022-01,18,242,103,142,38444,11087,27357,1대당 1일평균
경기도 여주시,2022-01,20,216,95,126,40331,10166,30165,1대당 1일평균
경기도 연천군,2022-01,25,329,138,191,50393,11518,38875,1대당 1일평균
경기도 가평군,2022-01,19,238,100,138,34770,8900,25869,1대당 1일평균
경기도 양평군,2022-01,23,270,115,155,47194,11330,35864,1대당 1일평균
강원특별자치도 춘천시,2022-01,27,171,85,86,35306,13116,22190,1대당 1일평균
강원특별자치도 원주시,2022-01,28,194,102,92,38413,13639,24774,1대당 1일평균
강원특별자치도 강릉시,2022-01,26,185,96,91,35217,13367,21850,1대당 1일평균
강원특별자치도 동해시,2022-01,25,171,82,90,36967,9921,27046,1대당 1일평균
강원특별자치도 태백시,2022-01,28,220,93,153,36520,9739,26781,1대당 1일평균
강원특별자치도 속초시,2022-01,27,169,78,91,33118,11393,21725,1대당 1일평균
강원특별자치도 삼척시,2022-01,28,171,74,97,37869,9507,28362,1대당 1일평균
강원특별자치도 홍천군,2022-01,22,193,78,115,37920,8324,29595,1대당 1일평균
강원특별자치도 횡성군,2022-01,13,188,63,125,35832,6026,29805,1대당 1일평균
강원특별자치도 영월군,2022-01,20,187,57,131,33734,6353,27381,1대당 1일평균
강원특별자치도 평창군,2022-01,12,234,92,142,25336,7035,18301,1대당 1일평균
강원특별자치도 정선군,2022-01,16,236,90,146,34466,7143,27323,1대당 1일평균
강원특별자치도 철원군,2022-01,14,185,80,106,33386,7269,26117,1대당 1일평균
강원특별자치도 화천군,2022-01,12,166,63,103,30825,5439,25387,1대당 1일평균
강원특별자치도 양구군,2022-01,15,231,102,130,27387,7879,19509,1대당 1일평균
강원특별자치도 인제군,2022-01,10,175,65,109,25274,4880,20393,1대당 1일평균
강원특별자치도 고성군,2022-01,10,224,78,146,37304,6720,30584,1대당 1일평균
강원특별자치도 양양군,2022-01,13,182,72,110,34485,6430,28054,1대당 1일평균
충청북도 청주시,2022-01,19,175,89,94,31322,12582,18740,1대당 1일평균
충청북도 충주시,2022-01,21,162,68,94,31611,9237,22374,1대당 1일평균
충청북도 제천시,2022-01,,,,,,,,1대당 1일평균
충청북도 보은군,2022-01,5,148,36,112,23409,3640,19770,1대당 1일평균
충청북도 옥천군,2022-01,,,,,,,,1대당 1일평균
충청북도 영동군,2022-01,11,152,45,107,30219,4765,25454,1대당 1일평균
충청북도 증평군,2022-01,13,225,60,1073,32681,6584,26098,1대당 1일평균
충청북도 진천군,2022-01,19,239,96,210,36104,9576,26528,1대당 1일평균
충청북도 괴산군,2022-01,,,,,,,,1대당 1일평균
충청북도 음성군,2022-01,18,240,98,142,36289,8971,27318,1대당 1일평균
충청북도 단양군,2022-01,,,,,,,,1대당 1일평균
충청남도 천안시,2022-01,30,260,139,124,42084,18524,23560,1대당 1일평균
충청남도 공주시,2022-01,15,193,68,125,36060,7222,28839,1대당 1일평균
충청남도 보령시,2022-01,17,155,61,93,36243,7405,28838,1대당 1일평균
충청남도 아산시,2022-01,24,252,126,126,41923,13830,28094,1대당 1일평균
충청남도 서산시,2022-01,26,204,94,110,45123,12290,32833,1대당 1일평균
충청남도 논산시,2022-01,15,170,67,103,33109,7776,25333,1대당 1일평균
충청남도 계룡시,2022-01,19,205,86,119,34533,8487,26047,1대당 1일평균
충청남도 당진시,2022-01,17,232,87,145,36228,8215,28013,1대당 1일평균
충청남도 금산군,2022-01,,,,,,,,1대당 1일평균
충청남도 부여군,2022-01,,,,,,,,1대당 1일평균
충청남도 서천군,2022-01,9,173,47,126,30803,4665,26139,1대당 1일평균
충청남도 청양군,2022-01,5,150,42,109,26467,4126,22341,1대당 1일평균
충청남도 홍성군,2022-01,16,166,62,105,34410,6913,27497,1대당 1일평균
충청남도 예산군,2022-01,14,183,62,121,33892,6836,27056,1대당 1일평균
충청남도 태안군,2022-01,11,155,44,111,32226,4587,27639,1대당 1일평균
전북특별자치도 전주시,2022-01,25,193,100,93,36210,15266,20944,1대당 1일평균
전북특별자치도 군산시,2022-01,23,173,77,96,31383,10887,20496,1대당 1일평균
전북특별자치도 익산시,2022-01,1,92,31,61,5258,1539,3720,1대당 1일평균
전북특별자치도 정읍시,2022-01,18,153,56,97,33097,7237,25861,1대당 1일평균
전북특별자치도 남원시,2022-01,16,144,48,95,33126,6018,27108,1대당 1일평균
전북특별자치도 김제시,2022-01,13,143,41,102,26753,5073,21680,1대당 1일평균
전북특별자치도 완주군,2022-01,12,187,74,114,31725,8067,23658,1대당 1일평균
전북특별자치도 진안군,2022-01,7,168,50,118,23394,5607,17788,1대당 1일평균
전북특별자치도 무주군,2022-01,10,242,91,150,26946,8062,18885,1대당 1일평균
전북특별자치도 장수군,2022-01,13,203,88,115,21072,8727,12344,1대당 1일평균
전북특별자치도 임실군,2022-01,5,166,50,116,21446,4801,16646,1대당 1일평균
전북특별자치도 순창군,2022-01,5,142,37,105,20367,3713,16654,1대당 1일평균
전북특별자치도 고창군,2022-01,9,161,48,113,27153,4841,22312,1대당 1일평균
전북특별자치도 부안군,2022-01,8,152,38,128,30093,4240,25853,1대당 1일평균
전라남도 목포시,2022-01,25,189,83,126,33216,12110,21106,1대당 1일평균
전라남도 여수시,2022-01,25,202,105,97,35460,13197,22263,1대당 1일평균
전라남도 순천시,2022-01,27,201,100,101,39561,13065,26495,1대당 1일평균
전라남도 나주시,2022-01,12,205,73,132,30185,7104,23081,1대당 1일평균
전라남도 광양시,2022-01,17,175,75,100,36200,8492,27708,1대당 1일평균
전라남도 담양군,2022-01,8,154,49,105,25068,4803,20265,1대당 1일평균
전라남도 곡성군,2022-01,3,188,35,152,19421,2521,16900,1대당 1일평균
전라남도 구례군,2022-01,9,159,38,122,31378,3461,27917,1대당 1일평균
전라남도 고흥군,2022-01,6,165,38,126,23420,3780,19640,1대당 1일평균
전라남도 보성군,2022-01,6,148,35,112,16128,3484,12644,1대당 1일평균
전라남도 화순군,2022-01,14,159,55,104,36400,6406,29993,1대당 1일평균
전라남도 장흥군,2022-01,6,167,42,124,22075,3743,18332,1대당 1일평균
전라남도 강진군,2022-01,7,183,41,142,23186,4489,18697,1대당 1일평균
전라남도 해남군,2022-01,14,202,59,144,26661,6003,20659,1대당 1일평균
전라남도 영암군,2022-01,7,175,60,116,17140,5463,11677,1대당 1일평균
전라남도 무안군,2022-01,13,191,69,122,28301,7627,20674,1대당 1일평균
전라남도 함평군,2022-01,4,157,27,130,19324,2602,16722,1대당 1일평균
전라남도 영광군,2022-01,9,182,42,140,36485,4669,31816,1대당 1일평균
전라남도 장성군,2022-01,6,153,37,115,33695,3544,30151,1대당 1일평균
전라남도 완도군,2022-01,12,185,49,136,28423,5486,22937,1대당 1일평균
전라남도 진도군,2022-01,4,190,45,146,21793,3667,18126,1대당 1일평균
전라남도 신안군,2022-01,9,166,58,108,20056,6483,13572,1대당 1일평균
경상북도 포항시,2022-01,18,173,79,93,31399,10778,20621,1대당 1일평균
경상북도 경주시,2022-01,17,183,73,121,31587,8407,23180,1대당 1일평균
경상북도 김천시,2022-01,15,156,67,90,32460,7625,24835,1대당 1일평균
경상북도 안동시,2022-01,19,178,69,109,28743,8722,20021,1대당 1일평균
경상북도 구미시,2022-01,22,206,106,100,35977,13282,22695,1대당 1일평균
경상북도 영주시,2022-01,19,136,50,87,30368,7408,22960,1대당 1일평균
경상북도 영천시,2022-01,16,151,54,97,29117,6604,22513,1대당 1일평균
경상북도 상주시,2022-01,14,126,39,87,32902,5215,27687,1대당 1일평균
경상북도 문경시,2022-01,15,139,47,91,32463,5915,26549,1대당 1일평균
경상북도 경산시,2022-01,23,210,105,105,35171,12861,22310,1대당 1일평균
경상북도 의성군,2022-01,4,164,30,134,22823,2733,20090,1대당 1일평균
경상북도 청송군,2022-01,5,170,47,124,17661,4107,13554,1대당 1일평균
경상북도 영양군,2022-01,4,164,45,119,19396,4199,15197,1대당 1일평균
경상북도 영덕군,2022-01,8,147,46,100,14647,4596,10051,1대당 1일평균
경상북도 청도군,2022-01,6,123,37,87,19875,3661,16214,1대당 1일평균
경상북도 고령군,2022-01,5,221,56,165,35194,4921,30272,1대당 1일평균
경상북도 성주군,2022-01,9,213,68,145,18569,5925,12644,1대당 1일평균
경상북도 칠곡군,2022-01,21,265,114,152,44779,11609,33170,1대당 1일평균
경상북도 예천군,2022-01,9,174,44,130,24572,4065,20507,1대당 1일평균
경상북도 봉화군,2022-01,3,154,29,124,20594,2321,18273,1대당 1일평균
경상북도 울진군,2022-01,10,179,48,130,25822,4174,21648,1대당 1일평균
경상북도 울릉군,2022-01,8,90,30,61,22277,4494,17783,1대당 1일평균
경상남도 창원시,2022-01,21,192,91,103,36712,11602,25110,1대당 1일평균
경상남도 진주시,2022-01,22,187,87,112,33307,10932,22376,1대당 1일평균
경상남도 통영시,2022-01,25,211,89,123,35462,11492,23970,1대당 1일평균
경상남도 사천시,2022-01,20,169,67,102,35334,7838,27496,1대당 1일평균
경상남도 김해시,2022-01,22,178,88,90,35070,12095,22975,1대당 1일평균
경상남도 밀양시,2022-01,16,151,53,98,30528,6300,24228,1대당 1일평균
경상남도 거제시,2022-01,22,190,91,99,37894,10649,27245,1대당 1일평균
경상남도 양산시,2022-01,22,180,89,92,37178,11017,26161,1대당 1일평균
경상남도 의령군,2022-01,5,160,42,118,16019,3796,12222,1대당 1일평균
경상남도 함안군,2022-01,8,165,54,112,24646,5334,19312,1대당 1일평균
경상남도 창녕군,2022-01,5,146,31,115,24904,3004,21899,1대당 1일평균
경상남도 고성군,2022-01,8,151,41,110,26098,4455,21643,1대당 1일평균
경상남도 남해군,2022-01,7,161,37,124,22982,3285,19697,1대당 1일평균
경상남도 하동군,2022-01,3,184,29,155,18017,2384,15632,1대당 1일평균
경상남도 산청군,2022-01,7,177,63,115,15851,5247,10604,1대당 1일평균
경상남도 함양군,2022-01,6,152,28,124,21936,2648,19288,1대당 1일평균
경상남도 거창군,2022-01,13,143,43,101,24411,4843,19568,1대당 1일평균
경상남도 합천군,2022-01,4,171,38,133,19190,3601,15589,1대당 1일평균
제주특별자치도,2022-01,22,239,130,111,36603,15279,21325,1대당 1일평균
서울특별시,2022-02,20,180,117,69,30921,16573,14348,1대당 1일평균
부산광역시,2022-02,19,198,104,94,35688,13407,22281,1대당 1일평균
대구광역시,2022-02,18,185,94,93,32640,12627,20013,1대당 1일평균
인천광역시,2022-02,20,227,128,99,36441,15990,20451,1대당 1일평균
광주광역시,2022-02,24,219,128,92,37554,16204,21351,1대당 1일평균
대전광역시,2022-02,27,214,127,88,36140,17479,18661,1대당 1일평균
울산광역시,2022-02,19,190,95,104,33750,11594,22155,1대당 1일평균
세종특별자치시,2022-02,27,328,161,167,46323,16455,29868,1대당 1일평균
경기도 수원시,2022-02,23,247,141,135,44587,17875,26711,1대당 1일평균
경기도 성남시,2022-02,20,249,132,123,39139,14690,24449,1대당 1일평균
경기도 의정부시,2022-02,26,247,130,119,43191,16983,26208,1대당 1일평균
경기도 안양시,2022-02,22,223,121,102,39735,15368,24368,1대당 1일평균
경기도 부천시,2022-02,19,254,109,312,36875,14942,21933,1대당 1일평균
경기도 광명시,2022-02,13,199,96,103,35547,11436,24111,1대당 1일평균
경기도 평택시,2022-02,28,297,157,146,45690,18755,26935,1대당 1일평균
경기도 동두천시,2022-02,26,198,87,113,41428,11018,30411,1대당 1일평균
경기도 안산시,2022-02,26,247,131,236,41501,17015,24486,1대당 1일평균
경기도 고양시,2022-02,20,271,164,115,46051,18047,28005,1대당 1일평균
경기도 과천시,2022-02,23,259,144,115,43636,16929,26707,1대당 1일평균
경기도 구리시,2022-02,23,280,157,123,42608,17428,25180,1대당 1일평균
경기도 남양주시,2022-02,24,294,164,130,44225,17718,26506,1대당 1일평균
경기도 오산시,2022-02,19,245,136,118,40287,16293,23994,1대당 1일평균
경기도 시흥시,2022-02,22,256,136,120,41717,15922,25794,1대당 1일평균
경기도 군포시,2022-02,17,220,110,110,39718,12558,27160,1대당 1일평균
경기도 의왕시,2022-02,21,235,134,101,41388,15612,25776,1대당 1일평균
경기도 하남시,2022-02,19,240,129,111,35178,15175,20003,1대당 1일평균
경기도 용인시,2022-02,25,332,182,166,45542,20045,25497,1대당 1일평균
경기도 파주시,2022-02,24,336,181,155,45770,17607,28163,1대당 1일평균
경기도 이천시,2022-02,24,262,135,137,45195,14870,30325,1대당 1일평균
경기도 안성시,2022-02,18,228,101,127,38837,10280,28557,1대당 1일평균
경기도 김포시,2022-02,17,277,147,130,40604,14630,25973,1대당 1일평균
경기도 화성시,2022-02,19,296,154,146,44675,16537,28138,1대당 1일평균
경기도 광주시,2022-02,18,253,137,116,37233,14039,23194,1대당 1일평균
경기도 양주시,2022-02,24,271,141,130,40907,15652,25254,1대당 1일평균
경기도 포천시,2022-02,17,229,97,132,36927,10312,26615,1대당 1일평균
경기도 여주시,2022-02,20,211,94,117,39479,9866,29612,1대당 1일평균
경기도 연천군,2022-02,25,327,135,192,49302,11032,38270,1대당 1일평균
경기도 가평군,2022-02,19,255,106,149,34696,9209,25487,1대당 1일평균
경기도 양평군,2022-02,23,266,113,223,47423,10914,36509,1대당 1일평균
강원특별자치도 춘천시,2022-02,27,172,83,88,35348,12648,22700,1대당 1일평균
강원특별자치도 원주시,2022-02,28,195,101,94,38529,13263,25266,1대당 1일평균
강원특별자치도 강릉시,2022-02,26,188,96,94,34969,12849,22120,1대당 1일평균
강원특별자치도 동해시,2022-02,24,166,77,89,36493,9120,27373,1대당 1일평균
강원특별자치도 태백시,2022-02,26,220,90,146,36100,9207,26893,1대당 1일평균
강원특별자치도 속초시,2022-02,26,167,74,95,32496,10362,22133,1대당 1일평균
강원특별자치도 삼척시,2022-02,27,169,73,96,38278,9039,29239,1대당 1일평균
강원특별자치도 홍천군,2022-02,22,184,74,110,37498,7773,29726,1대당 1일평균
강원특별자치도 횡성군,2022-02,12,185,60,125,35407,5676,29731,1대당 1일평균
강원특별자치도 영월군,2022-02,19,184,55,129,33274,5932,27342,1대당 1일평균
강원특별자치도 평창군,2022-02,12,223,88,135,24128,6514,17614,1대당 1일평균
강원특별자치도 정선군,2022-02,15,234,88,146,34150,6952,27198,1대당 1일평균
강원특별자치도 철원군,2022-02,13,175,75,100,32318,6588,25731,1대당 1일평균
강원특별자치도 화천군,2022-02,11,148,55,92,29649,4793,24856,1대당 1일평균
강원특별자치도 양구군,2022-02,12,214,93,121,25261,7142,18119,1대당 1일평균
강원특별자치도 인제군,2022-02,8,154,55,98,23630,4149,19480,1대당 1일평균
강원특별자치도 고성군,2022-02,9,211,74,137,35707,6246,29461,1대당 1일평균
강원특별자치도 양양군,2022-02,12,176,68,109,33424,5902,27522,1대당 1일평균
충청북도 청주시,2022-02,19,176,89,94,31175,12517,18658,1대당 1일평균
충청북도 충주시,2022-02,20,161,67,94,31399,8888,22511,1대당 1일평균
충청북도 제천시,2022-02,,,,,,,,1대당 1일평균
충청북도 보은군,2022-02,5,139,36,103,22705,3695,19011,1대당 1일평균
충청북도 옥천군,2022-02,,,,,,,,1대당 1일평균
충청북도 영동군,2022-02,10,141,41,101,28990,4353,24637,1대당 1일평균
충청북도 증평군,2022-02,13,191,57,324,32596,6343,26253,1대당 1일평균
충청북도 진천군,2022-02,19,237,98,191,35683,9613,26070,1대당 1일평균
충청북도 괴산군,2022-02,,,,,,,,1대당 1일평균
충청북도 음성군,2022-02,17,236,95,140,35906,8773,27134,1대당 1일평균
충청북도 단양군,2022-02,,,,,,,,1대당 1일평균
충청남도 천안시,2022-02,30,268,139,148,41858,18335,23524,1대당 1일평균
충청남도 공주시,2022-02,14,182,65,117,35645,6855,28790,1대당 1일평균
충청남도 보령시,2022-02,16,151,59,92,36186,6923,29262,1대당 1일평균
충청남도 아산시,2022-02,24,254,127,127,42017,13766,28251,1대당 1일평균
충청남도 서산시,2022-02,25,197,89,108,44451,11555,32897,1대당 1일평균
충청남도 논산시,2022-02,15,165,65,100,32829,7396,25433,1대당 1일평균
충청남도 계룡시,2022-02,18,202,84,118,34943,8141,26802,1대당 1일평균
충청남도 당진시,2022-02,16,223,83,141,36184,8008,28176,1대당 1일평균
충청남도 금산군,2022-02,,,,,,,,1대당 1일평균
충청남도 부여군,2022-02,,,,,,,,1대당 1일평균
충청남도 서천군,2022-02,8,160,43,117,29759,4066,25694,1대당 1일평균
충청남도 청양군,2022-02,4,143,38,106,25697,3469,22228,1대당 1일평균
충청남도 홍성군,2022-02,16,160,60,100,33505,6783,26722,1대당 1일평균
충청남도 예산군,2022-02,14,184,61,123,33670,6557,27113,1대당 1일평균
충청남도 태안군,2022-02,11,159,47,112,31746,4551,27195,1대당 1일평균
전북특별자치도 전주시,2022-02,25,193,100,94,36096,14969,21127,1대당 1일평균
전북특별자치도 군산시,2022-02,23,174,79,95,31090,10929,20161,1대당 1일평균
전북특별자치도 익산시,2022-02,1,35,4,31,8328,649,7679,1대당 1일평균
전북특별자치도 정읍시,2022-02,17,150,55,95,32526,7021,25506,1대당 1일평균
전북특별자치도 남원시,2022-02,15,139,47,92,32118,5724,26394,1대당 1일평균
전북특별자치도 김제시,2022-02,12,139,40,99,26410,4964,21446,1대당 1일평균
전북특별자치도 완주군,2022-02,12,182,72,109,31017,7907,23110,1대당 1일평균
전북특별자치도 진안군,2022-02,7,175,51,124,22966,5474,17492,1대당 1일평균
전북특별자치도 무주군,2022-02,10,220,82,138,24914,7518,17396,1대당 1일평균
전북특별자치도 장수군,2022-02,12,207,85,121,20874,8105,12769,1대당 1일평균
전북특별자치도 임실군,2022-02,5,155,46,108,20886,4746,16140,1대당 1일평균
전북특별자치도 순창군,2022-02,5,133,36,97,19514,3793,15720,1대당 1일평균
전북특별자치도 고창군,2022-02,8,151,44,107,26243,4555,21688,1대당 1일평균
전북특별자치도 부안군,2022-02,7,146,37,128,28979,4095,24884,1대당 1일평균
전라남도 목포시,2022-02,25,189,83,130,33122,12118,21004,1대당 1일평균
전라남도 여수시,2022-02,25,202,105,97,35130,12790,22340,1대당 1일평균
전라남도 순천시,2022-02,26,199,98,103,38985,12503,26483,1대당 1일평균
전라남도 나주시,2022-02,12,203,72,131,29982,6980,23002,1대당 1일평균
전라남도 광양시,2022-02,17,171,73,98,35561,8204,27357,1대당 1일평균
전라남도 담양군,2022-02,7,147,46,101,24652,4310,20342,1대당 1일평균
전라남도 곡성군,2022-02,3,174,32,142,18204,2536,15668,1대당 1일평균
전라남도 구례군,2022-02,7,142,33,109,29933,2978,26956,1대당 1일평균
전라남도 고흥군,2022-02,6,156,37,119,22614,3552,19063,1대당 1일평균
전라남도 보성군,2022-02,5,137,35,101,14770,3341,11429,1대당 1일평균
전라남도 화순군,2022-02,14,151,54,96,34432,6209,28224,1대당 1일평균
전라남도 장흥군,2022-02,6,161,42,119,21026,3678,17348,1대당 1일평균
전라남도 강진군,2022-02,7,172,39,133,22040,4409,17631,1대당 1일평균
전라남도 해남군,2022-02,13,192,54,138,25761,5644,20117,1대당 1일평균
전라남도 영암군,2022-02,7,168,59,109,16296,5454,10842,1대당 1일평균
전라남도 무안군,2022-02,14,188,70,118,27875,7823,20051,1대당 1일평균
전라남도 함평군,2022-02,3,150,26,124,18367,2333,16034,1대당 1일평균
전라남도 영광군,2022-02,9,173,39,134,35634,4249,31385,1대당 1일평균
전라남도 장성군,2022-02,6,147,38,109,33027,3610,29417,1대당 1일평균
전라남도 완도군,2022-02,12,176,47,129,27343,5171,22172,1대당 1일평균
전라남도 진도군,2022-02,3,186,43,142,20030,3382,16648,1대당 1일평균
전라남도 신안군,2022-02,9,165,59,106,19504,6592,12913,1대당 1일평균
경상북도 포항시,2022-02,18,173,79,94,30990,10441,20549,1대당 1일평균
경상북도 경주시,2022-02,17,187,75,123,31505,8553,22952,1대당 1일평균
경상북도 김천시,2022-02,15,153,64,89,32113,7269,24844,1대당 1일평균
경상북도 안동시,2022-02,19,175,68,107,28637,8513,20124,1대당 1일평균
경상북도 구미시,2022-02,22,203,104,99,35714,12876,22838,1대당 1일평균
경상북도 영주시,2022-02,17,128,45,83,29575,6512,23064,1대당 1일평균
경상북도 영천시,2022-02,15,147,52,95,27987,6169,21817,1대당 1일평균
경상북도 상주시,2022-02,13,122,37,84,32642,4927,27715,1대당 1일평균
경상북도 문경시,2022-02,14,131,44,87,31740,5399,26340,1대당 1일평균
경상북도 경산시,2022-02,22,208,105,103,34834,12790,22043,1대당 1일평균
경상북도 의성군,2022-02,4,152,31,121,21479,2634,18845,1대당 1일평균
경상북도 청송군,2022-02,5,159,45,115,17481,4215,13266,1대당 1일평균
경상북도 영양군,2022-02,4,146,44,102,17228,4090,13137,1대당 1일평균
경상북도 영덕군,2022-02,8,146,46,101,14040,4256,9784,1대당 1일평균
경상북도 청도군,2022-02,6,127,40,88,19600,3868,15732,1대당 1일평균
경상북도 고령군,2022-02,5,205,53,151,32401,4484,27916,1대당 1일평균
경상북도 성주군,2022-02,9,199,63,137,17212,5489,11723,1대당 1일평균
경상북도 칠곡군,2022-02,19,251,107,144,43234,10803,32432,1대당 1일평균
경상북도 예천군,2022-02,8,161,39,123,22761,3608,19153,1대당 1일평균
경상북도 봉화군,2022-02,3,140,26,114,19689,2085,17605,1대당 1일평균
경상북도 울진군,2022-02,10,165,43,123,23567,3778,19790,1대당 1일평균
경상북도 울릉군,2022-02,7,80,27,53,20656,3798,16858,1대당 1일평균
경상남도 창원시,2022-02,20,191,89,104,36233,11158,25075,1대당 1일평균
경상남도 진주시,2022-02,22,188,87,113,32954,10665,22289,1대당 1일평균
경상남도 통영시,2022-02,25,213,89,124,34993,11266,23726,1대당 1일평균
경상남도 사천시,2022-02,19,164,64,103,35026,7329,27697,1대당 1일평균
경상남도 김해시,2022-02,21,178,87,91,34972,11787,23185,1대당 1일평균
경상남도 밀양시,2022-02,15,146,51,96,30036,5962,24074,1대당 1일평균
경상남도 거제시,2022-02,22,191,92,102,37716,10613,27103,1대당 1일평균
경상남도 양산시,2022-02,22,179,88,92,36647,10855,25792,1대당 1일평균
경상남도 의령군,2022-02,5,157,42,115,15723,3857,11866,1대당 1일평균
경상남도 함안군,2022-02,8,160,52,108,23933,5227,18706,1대당 1일평균
경상남도 창녕군,2022-02,4,139,30,108,23985,2960,21025,1대당 1일평균
경상남도 고성군,2022-02,8,146,42,104,25293,4468,20824,1대당 1일평균
경상남도 남해군,2022-02,6,149,35,115,21631,3010,18621,1대당 1일평균
경상남도 하동군,2022-02,3,182,32,150,17579,2643,14937,1대당 1일평균
경상남도 산청군,2022-02,7,168,60,108,15452,5224,10228,1대당 1일평균
경상남도 함양군,2022-02,5,150,27,123,21569,2626,18943,1대당 1일평균
경상남도 거창군,2022-02,12,141,42,99,23437,4537,18900,1대당 1일평균
경상남도 합천군,2022-02,4,168,39,129,17980,3560,14420,1대당 1일평균
제주특별자치도,2022-02,23,243,134,110,36361,15215,21146,1대당 1일평균
서울특별시,2022-03,20,186,122,67,30143,16338,13805,1대당 1일평균
부산광역시,2022-03,19,197,103,94,34942,13072,21870,1대당 1일평균
대구광역시,2022-03,18,186,96,91,31945,12703,19242,1대당 1일평균
인천광역시,2022-03,20,223,127,97,34515,15559,18956,1대당 1일평균
광주광역시,2022-03,24,222,130,96,37124,16284,20840,1대당 1일평균
대전광역시,2022-03,27,213,128,87,35266,17306,17960,1대당 1일평균
울산광역시,2022-03,19,189,94,104,33230,11311,21919,1대당 1일평균
세종특별자치시,2022-03,27,324,161,163,43898,16027,27871,1대당 1일평균
경기도 수원시,2022-03,23,254,147,127,43723,18063,25660,1대당 1일평균
경기도 성남시,2022-03,20,255,135,121,38113,14659,23454,1대당 1일평균
경기도 의정부시,2022-03,26,257,130,133,43504,16563,26941,1대당 1일평균
경기도 안양시,2022-03,22,225,124,101,38842,15338,23504,1대당 1일평균
경기도 부천시,2022-03,19,273,112,304,35597,14884,20713,1대당 1일평균
경기도 광명시,2022-03,13,204,100,103,35012,11559,23454,1대당 1일평균
경기도 평택시,2022-03,28,299,163,137,44348,19018,25330,1대당 1일평균
경기도 동두천시,2022-03,26,198,87,129,41212,10985,30227,1대당 1일평균
경기도 안산시,2022-03,26,245,134,244,40592,17186,23406,1대당 1일평균
경기도 고양시,2022-03,20,277,169,117,45138,18015,27123,1대당 1일평균
경기도 과천시,2022-03,24,271,152,119,43812,17452,26359,1대당 1일평균
경기도 구리시,2022-03,23,282,158,124,41781,17264,24517,1대당 1일평균
경기도 남양주시,2022-03,24,293,160,133,43244,17211,26033,1대당 1일평균
경기도 오산시,2022-03,18,242,135,109,37848,15713,22135,1대당 1일평균
경기도 시흥시,2022-03,22,255,137,119,40234,15633,24601,1대당 1일평균
경기도 군포시,2022-03,19,246,128,118,41902,13951,27951,1대당 1일평균
경기도 의왕시,2022-03,20,230,132,98,39567,15091,24476,1대당 1일평균
경기도 하남시,2022-03,20,252,135,117,35283,15036,20247,1대당 1일평균
경기도 용인시,2022-03,26,336,187,149,45489,20046,25442,1대당 1일평균
경기도 파주시,2022-03,24,343,187,156,44963,17837,27125,1대당 1일평균
경기도 이천시,2022-03,24,282,147,135,44112,15259,28853,1대당 1일평균
경기도 안성시,2022-03,18,236,105,131,37032,10624,26408,1대당 1일평균
경기도 김포시,2022-03,17,274,148,126,39089,14513,24576,1대당 1일평균
경기도 화성시,2022-03,20,303,161,145,44063,17041,27022,1대당 1일평균
경기도 광주시,2022-03,18,253,139,114,36156,13794,22362,1대당 1일평균
경기도 양주시,2022-03,25,267,142,125,40173,15942,24231,1대당 1일평균
경기도 포천시,2022-03,17,237,101,136,35650,10499,25151,1대당 1일평균
경기도 여주시,2022-03,21,223,100,123,38769,10391,28378,1대당 1일평균
경기도 연천군,2022-03,21,278,115,163,43849,9181,34668,1대당 1일평균
경기도 가평군,2022-03,18,245,103,142,33733,8926,24807,1대당 1일평균
경기도 양평군,2022-03,24,280,120,160,46827,11701,35126,1대당 1일평균
강원특별자치도 춘천시,2022-03,28,175,87,89,34752,12981,21771,1대당 1일평균
강원특별자치도 원주시,2022-03,29,200,105,96,38378,13503,24875,1대당 1일평균
강원특별자치도 강릉시,2022-03,25,181,89,93,34304,11942,22362,1대당 1일평균
강원특별자치도 동해시,2022-03,24,166,77,90,36837,9094,27743,1대당 1일평균
강원특별자치도 태백시,2022-03,26,222,89,165,36359,9164,27195,1대당 1일평균
강원특별자치도 속초시,2022-03,21,151,60,92,29774,8182,21593,1대당 1일평균
강원특별자치도 삼척시,2022-03,31,189,82,116,40023,10269,29754,1대당 1일평균
강원특별자치도 홍천군,2022-03,21,179,69,110,37252,7368,29885,1대당 1일평균
강원특별자치도 횡성군,2022-03,12,187,56,131,35167,5438,29729,1대당 1일평균
강원특별자치도 영월군,2022-03,19,189,56,132,33621,6127,27494,1대당 1일평균
강원특별자치도 평창군,2022-03,9,173,63,109,18919,4949,13970,1대당 1일평균
강원특별자치도 정선군,2022-03,14,231,85,150,33999,6423,27576,1대당 1일평균
강원특별자치도 철원군,2022-03,12,167,69,99,29442,6060,23381,1대당 1일평균
강원특별자치도 화천군,2022-03,11,161,61,100,29378,5294,24085,1대당 1일평균
강원특별자치도 양구군,2022-03,13,224,99,125,25346,7767,17579,1대당 1일평균
강원특별자치도 인제군,2022-03,9,172,61,111,23995,4487,19509,1대당 1일평균
강원특별자치도 고성군,2022-03,9,209,70,139,35044,5713,29331,1대당 1일평균
강원특별자치도 양양군,2022-03,12,163,62,101,31971,5446,26525,1대당 1일평균
충청북도 청주시,2022-03,20,181,92,94,31078,12699,18379,1대당 1일평균
충청북도 충주시,2022-03,22,172,74,98,31622,9599,22023,1대당 1일평균
충청북도 제천시,2022-03,,,,,,,,1대당 1일평균
충청북도 보은군,2022-03,5,145,36,108,21290,3841,17449,1대당 1일평균
충청북도 옥천군,2022-03,15,131,37,94,35071,5193,29878,1대당 1일평균
충청북도 영동군,2022-03,12,160,47,112,29157,4857,24300,1대당 1일평균
충청북도 증평군,2022-03,14,190,62,128,33370,6816,26554,1대당 1일평균
충청북도 진천군,2022-03,20,246,102,144,35789,9860,25929,1대당 1일평균
충청북도 괴산군,2022-03,,,,,,,,1대당 1일평균
충청북도 음성군,2022-03,18,244,98,146,36395,8914,27481,1대당 1일평균
충청북도 단양군,2022-03,,,,,,,,1대당 1일평균
충청남도 천안시,2022-03,32,276,151,126,42462,19413,23050,1대당 1일평균
충청남도 공주시,2022-03,15,197,72,124,36165,7697,28468,1대당 1일평균
충청남도 보령시,2022-03,16,150,57,93,35845,6796,29049,1대당 1일평균
충청남도 아산시,2022-03,25,267,137,131,41536,14534,27002,1대당 1일평균
충청남도 서산시,2022-03,26,209,94,115,44373,11912,32461,1대당 1일평균
충청남도 논산시,2022-03,16,177,70,107,32646,7730,24916,1대당 1일평균
충청남도 계룡시,2022-03,16,196,80,116,33727,7588,26139,1대당 1일평균
충청남도 당진시,2022-03,17,234,88,146,35785,8367,27418,1대당 1일평균
충청남도 금산군,2022-03,,,,,,,,1대당 1일평균
충청남도 부여군,2022-03,10,194,56,138,34808,5610,29197,1대당 1일평균
충청남도 서천군,2022-03,8,173,48,125,28450,4215,24235,1대당 1일평균
충청남도 청양군,2022-03,6,160,41,119,26628,4377,22251,1대당 1일평균
충청남도 홍성군,2022-03,18,175,67,108,34401,7432,26969,1대당 1일평균
충청남도 예산군,2022-03,15,193,66,127,33185,6839,26346,1대당 1일평균
충청남도 태안군,2022-03,11,164,48,116,32076,4603,27472,1대당 1일평균
전북특별자치도 전주시,2022-03,26,198,102,96,35940,15067,20873,1대당 1일평균
전북특별자치도 군산시,2022-03,23,180,82,99,31378,11008,20370,1대당 1일평균
전북특별자치도 익산시,2022-03,,,,,,,,1대당 1일평균
전북특별자치도 정읍시,2022-03,17,155,55,100,32745,6860,25885,1대당 1일평균
전북특별자치도 남원시,2022-03,15,147,49,98,32803,5914,26889,1대당 1일평균
전북특별자치도 김제시,2022-03,13,145,43,102,26352,5305,21047,1대당 1일평균
전북특별자치도 완주군,2022-03,13,203,82,122,32034,8606,23429,1대당 1일평균
전북특별자치도 진안군,2022-03,7,215,56,158,24091,5461,18629,1대당 1일평균
전북특별자치도 무주군,2022-03,9,175,62,113,20622,6156,14465,1대당 1일평균
전북특별자치도 장수군,2022-03,13,235,102,133,22860,9743,13116,1대당 1일평균
전북특별자치도 임실군,2022-03,6,200,70,130,21799,6397,15402,1대당 1일평균
전북특별자치도 순창군,2022-03,7,181,59,122,23874,6054,17820,1대당 1일평균
전북특별자치도 고창군,2022-03,9,171,51,120,26172,5069,21104,1대당 1일평균
전북특별자치도 부안군,2022-03,7,152,40,137,28724,4335,24389,1대당 1일평균
전라남도 목포시,2022-03,25,190,82,131,33010,11814,21196,1대당 1일평균
전라남도 여수시,2022-03,24,200,100,100,34989,12212,22777,1대당 1일평균
전라남도 순천시,2022-03,27,203,101,103,39049,12807,26242,1대당 1일평균
전라남도 나주시,2022-03,13,215,77,139,30752,7319,23432,1대당 1일평균
전라남도 광양시,2022-03,18,178,76,101,35968,8554,27415,1대당 1일평균
전라남도 담양군,2022-03,7,151,42,109,24707,4005,20702,1대당 1일평균
전라남도 곡성군,2022-03,3,201,40,161,19908,2769,17139,1대당 1일평균
전라남도 구례군,2022-03,9,167,41,126,31628,3665,27963,1대당 1일평균
전라남도 고흥군,2022-03,6,175,39,136,23417,3707,19710,1대당 1일평균
전라남도 보성군,2022-03,6,161,39,122,16147,3596,12551,1대당 1일평균
전라남도 화순군,2022-03,14,169,57,112,36106,6687,29418,1대당 1일평균
전라남도 장흥군,2022-03,6,171,42,129,20883,3781,17102,1대당 1일평균
전라남도 강진군,2022-03,7,186,42,144,22200,4895,17305,1대당 1일평균
전라남도 해남군,2022-03,13,203,57,146,25949,5751,20197,1대당 1일평균
전라남도 영암군,2022-03,8,179,62,117,16699,5622,11077,1대당 1일평균
전라남도 무안군,2022-03,14,204,73,131,28489,7827,20661,1대당 1일평균
전라남도 함평군,2022-03,3,168,30,138,19404,2965,16439,1대당 1일평균
전라남도 영광군,2022-03,9,179,38,141,36492,4109,32382,1대당 1일평균
전라남도 장성군,2022-03,6,157,39,119,34449,3638,30811,1대당 1일평균
전라남도 완도군,2022-03,12,184,47,136,26816,5260,21556,1대당 1일평균
전라남도 진도군,2022-03,3,202,43,159,20739,3490,17249,1대당 1일평균
전라남도 신안군,2022-03,9,177,60,117,20591,6744,13848,1대당 1일평균
경상북도 포항시,2022-03,18,171,78,94,30355,10221,20133,1대당 1일평균
경상북도 경주시,2022-03,17,181,71,118,30830,8096,22734,1대당 1일평균
경상북도 김천시,2022-03,17,165,72,92,32388,8167,24221,1대당 1일평균
경상북도 안동시,2022-03,20,184,75,109,27917,9205,18712,1대당 1일평균
경상북도 구미시,2022-03,23,208,109,100,35582,13416,22166,1대당 1일평균
경상북도 영주시,2022-03,19,137,49,88,29916,7152,22764,1대당 1일평균
경상북도 영천시,2022-03,15,146,51,95,26736,6166,20570,1대당 1일평균
경상북도 상주시,2022-03,14,130,39,91,33604,5093,28511,1대당 1일평균
경상북도 문경시,2022-03,15,134,45,89,31873,5477,26396,1대당 1일평균
경상북도 경산시,2022-03,24,218,112,106,35161,13530,21632,1대당 1일평균
경상북도 의성군,2022-03,4,168,31,137,22394,2756,19638,1대당 1일평균
경상북도 청송군,2022-03,5,162,47,115,17186,4102,13084,1대당 1일평균
경상북도 영양군,2022-03,4,171,45,126,19870,4315,15555,1대당 1일평균
경상북도 영덕군,2022-03,8,147,45,101,13707,4217,9490,1대당 1일평균
경상북도 청도군,2022-03,6,129,38,91,19497,3896,15601,1대당 1일평균
경상북도 고령군,2022-03,5,213,56,157,31110,4529,26581,1대당 1일평균
경상북도 성주군,2022-03,9,211,66,145,18345,5965,12381,1대당 1일평균
경상북도 칠곡군,2022-03,20,264,114,150,44371,11173,33198,1대당 1일평균
경상북도 예천군,2022-03,8,174,43,131,22974,3948,19026,1대당 1일평균
경상북도 봉화군,2022-03,3,163,29,134,18833,2214,16619,1대당 1일평균
경상북도 울진군,2022-03,10,172,42,129,23482,3783,19699,1대당 1일평균
경상북도 울릉군,2022-03,7,72,24,48,20164,3724,16440,1대당 1일평균
경상남도 창원시,2022-03,20,190,89,103,35543,11048,24495,1대당 1일평균
경상남도 진주시,2022-03,22,187,87,102,32418,10639,21779,1대당 1일평균
경상남도 통영시,2022-03,24,208,85,123,34520,10640,23880,1대당 1일평균
경상남도 사천시,2022-03,19,165,65,100,34794,7411,27383,1대당 1일평균
경상남도 김해시,2022-03,22,179,88,91,34951,11755,23197,1대당 1일평균
경상남도 밀양시,2022-03,14,151,50,101,29258,5632,23626,1대당 1일평균
경상남도 거제시,2022-03,22,189,91,98,37564,10374,27190,1대당 1일평균
경상남도 양산시,2022-03,23,182,90,92,36831,11003,25828,1대당 1일평균
경상남도 의령군,2022-03,5,165,41,123,15880,3581,12299,1대당 1일평균
경상남도 함안군,2022-03,8,158,48,110,23123,4727,18396,1대당 1일평균
경상남도 창녕군,2022-03,5,146,33,113,23272,3273,19999,1대당 1일평균
경상남도 고성군,2022-03,8,151,41,110,24660,4377,20283,1대당 1일평균
경상남도 남해군,2022-03,6,157,35,122,20987,3029,17958,1대당 1일평균
경상남도 하동군,2022-03,4,198,37,162,18938,3211,15727,1대당 1일평균
경상남도 산청군,2022-03,7,186,64,122,16866,5545,11321,1대당 1일평균
경상남도 함양군,2022-03,5,157,27,129,21620,2701,18918,1대당 1일평균
경상남도 거창군,2022-03,13,149,43,106,23387,4795,18592,1대당 1일평균
경상남도 합천군,2022-03,4,179,39,140,18532,3635,14898,1대당 1일평균
제주특별자치도,2022-03,22,226,117,109,34916,13523,21393,1대당 1일평균
서울특별시,2022-04,21,194,129,117,30851,18186,12664,1대당 1일평균
부산광역시,2022-04,21,208,118,90,35273,15293,19980,1대당 1일평균
대구광역시,2022-04,20,196,108,89,32520,14288,18232,1대당 1일평균
인천광역시,2022-04,21,236,142,95,35746,17485,18261,1대당 1일평균
광주광역시,2022-04,26,233,143,98,37590,18029,19561,1대당 1일평균
대전광역시,2022-04,28,220,135,88,35596,18515,17081,1대당 1일평균
울산광역시,2022-04,21,203,107,103,33628,13106,20522,1대당 1일평균
세종특별자치시,2022-04,29,348,177,171,44491,17448,27043,1대당 1일평균
경기도 수원시,2022-04,25,275,169,126,45175,20669,24506,1대당 1일평균
경기도 성남시,2022-04,21,266,149,119,38445,16376,22069,1대당 1일평균
경기도 의정부시,2022-04,29,278,153,140,45586,19454,26131,1대당 1일평균
경기도 안양시,2022-04,23,236,137,99,39352,17367,21985,1대당 1일평균
경기도 부천시,2022-04,20,274,122,301,36526,16394,20132,1대당 1일평균
경기도 광명시,2022-04,15,227,118,109,36210,13638,22572,1대당 1일평균
경기도 평택시,2022-04,29,321,180,140,45561,20955,24606,1대당 1일평균
경기도 동두천시,2022-04,27,219,100,166,42445,12423,30022,1대당 1일평균
경기도 안산시,2022-04,28,258,145,197,41167,18685,22482,1대당 1일평균
경기도 고양시,2022-04,21,298,189,121,45669,20244,25425,1대당 1일평균
경기도 과천시,2022-04,28,302,182,120,47528,21385,26143,1대당 1일평균
경기도 구리시,2022-04,24,287,169,118,41842,18762,23080,1대당 1일평균
경기도 남양주시,2022-04,25,303,172,131,43772,18860,24912,1대당 1일평균
경기도 오산시,2022-04,20,261,154,112,39234,17559,21675,1대당 1일평균
경기도 시흥시,2022-04,21,256,141,119,39155,16241,22913,1대당 1일평균
경기도 군포시,2022-04,22,268,150,118,43466,16538,26928,1대당 1일평균
경기도 의왕시,2022-04,20,231,139,92,36455,15434,21020,1대당 1일평균
경기도 하남시,2022-04,20,252,141,112,35834,16261,19573,1대당 1일평균
경기도 용인시,2022-04,27,356,206,150,46595,22120,24475,1대당 1일평균
경기도 파주시,2022-04,26,360,204,156,45474,19582,25892,1대당 1일평균
경기도 이천시,2022-04,26,287,153,134,44286,16583,27704,1대당 1일평균
경기도 안성시,2022-04,19,251,114,137,37593,11829,25764,1대당 1일평균
경기도 김포시,2022-04,17,284,158,132,39134,15571,23563,1대당 1일평균
경기도 화성시,2022-04,21,343,190,153,46653,19670,26983,1대당 1일평균
경기도 광주시,2022-04,19,265,152,113,36910,15365,21545,1대당 1일평균
경기도 양주시,2022-04,26,279,150,129,40453,16812,23641,1대당 1일평균
경기도 포천시,2022-04,19,267,116,151,36052,12077,23976,1대당 1일평균
경기도 여주시,2022-04,24,252,117,135,41068,12306,28762,1대당 1일평균
경기도 연천군,2022-04,28,370,162,208,49202,13232,35969,1대당 1일평균
경기도 가평군,2022-04,21,284,123,161,34960,10853,24107,1대당 1일평균
경기도 양평군,2022-04,26,305,135,170,46204,13501,32703,1대당 1일평균
강원특별자치도 춘천시,2022-04,27,174,85,89,34566,12868,21698,1대당 1일평균
강원특별자치도 원주시,2022-04,30,208,113,96,37933,14668,23265,1대당 1일평균
강원특별자치도 강릉시,2022-04,27,192,99,94,34599,13467,21132,1대당 1일평균
강원특별자치도 동해시,2022-04,26,178,86,92,37022,10165,26857,1대당 1일평균
강원특별자치도 태백시,2022-04,28,229,95,171,36336,9714,26622,1대당 1일평균
강원특별자치도 속초시,2022-04,25,168,75,94,31739,10372,21368,1대당 1일평균
강원특별자치도 삼척시,2022-04,34,204,92,130,39711,11300,28411,1대당 1일평균
강원특별자치도 홍천군,2022-04,24,201,81,121,36135,8644,27491,1대당 1일평균
강원특별자치도 횡성군,2022-04,15,214,71,143,36842,6741,30100,1대당 1일평균
강원특별자치도 영월군,2022-04,21,201,64,137,33225,6858,26367,1대당 1일평균
강원특별자치도 평창군,2022-04,9,191,69,123,19651,5418,14233,1대당 1일평균
강원특별자치도 정선군,2022-04,15,248,93,171,33140,6898,26242,1대당 1일평균
강원특별자치도 철원군,2022-04,15,201,87,114,30533,7667,22866,1대당 1일평균
강원특별자치도 화천군,2022-04,14,198,81,117,30523,6747,23776,1대당 1일평균
강원특별자치도 양구군,2022-04,15,252,112,139,26951,9115,17836,1대당 1일평균
강원특별자치도 인제군,2022-04,11,206,78,128,25958,5770,20188,1대당 1일평균
강원특별자치도 고성군,2022-04,11,242,86,156,35705,7041,28663,1대당 1일평균
강원특별자치도 양양군,2022-04,14,201,82,119,31932,6930,25002,1대당 1일평균
충청북도 청주시,2022-04,21,191,103,97,31697,14305,17392,1대당 1일평균
충청북도 충주시,2022-04,24,185,83,101,32282,10862,21420,1대당 1일평균
충청북도 제천시,2022-04,,,,,,,,1대당 1일평균
충청북도 보은군,2022-04,5,165,44,121,22040,4636,17405,1대당 1일평균
충청북도 옥천군,2022-04,16,162,52,110,31809,6404,25405,1대당 1일평균
충청북도 영동군,2022-04,13,181,56,124,29379,5635,23744,1대당 1일평균
충청북도 증평군,2022-04,15,206,68,138,32656,7436,25219,1대당 1일평균
충청북도 진천군,2022-04,22,271,114,157,36630,11071,25559,1대당 1일평균
충청북도 괴산군,2022-04,,,,,,,,1대당 1일평균
충청북도 음성군,2022-04,19,273,111,162,37565,10122,27443,1대당 1일평균
충청북도 단양군,2022-04,,,,,,,,1대당 1일평균
충청남도 천안시,2022-04,34,292,166,127,42652,21360,21292,1대당 1일평균
충청남도 공주시,2022-04,18,223,85,137,36347,9073,27274,1대당 1일평균
충청남도 보령시,2022-04,18,170,68,102,36460,8021,28438,1대당 1일평균
충청남도 아산시,2022-04,26,278,149,130,41245,15712,25533,1대당 1일평균
충청남도 서산시,2022-04,28,229,109,120,43614,13346,30268,1대당 1일평균
충청남도 논산시,2022-04,17,194,79,115,33091,8744,24347,1대당 1일평균
충청남도 계룡시,2022-04,18,215,89,126,34041,8718,25323,1대당 1일평균
충청남도 당진시,2022-04,19,259,102,176,36812,9656,27157,1대당 1일평균
충청남도 금산군,2022-04,,,,,,,,1대당 1일평균
충청남도 부여군,2022-04,10,209,60,149,35239,5945,29294,1대당 1일평균
충청남도 서천군,2022-04,9,200,55,145,28259,4901,23358,1대당 1일평균
충청남도 청양군,2022-04,6,159,45,114,23863,4809,19054,1대당 1일평균
충청남도 홍성군,2022-04,21,198,80,118,34826,8547,26279,1대당 1일평균
충청남도 예산군,2022-04,17,215,77,162,33044,7886,25157,1대당 1일평균
충청남도 태안군,2022-04,13,198,60,138,33830,5691,28140,1대당 1일평균
전북특별자치도 전주시,2022-04,29,208,115,94,36727,17264,19463,1대당 1일평균
전북특별자치도 군산시,2022-04,26,194,94,100,31752,12715,19038,1대당 1일평균
전북특별자치도 익산시,2022-04,,,,,,,,1대당 1일평균
전북특별자치도 정읍시,2022-04,19,171,65,106,33119,8026,25092,1대당 1일평균
전북특별자치도 남원시,2022-04,18,164,58,106,33118,7092,26026,1대당 1일평균
전북특별자치도 김제시,2022-04,15,161,49,116,27257,5966,21291,1대당 1일평균
전북특별자치도 완주군,2022-04,14,215,88,137,32599,9516,23082,1대당 1일평균
전북특별자치도 진안군,2022-04,8,240,61,179,25435,6036,19400,1대당 1일평균
전북특별자치도 무주군,2022-04,9,197,68,129,21411,6883,14528,1대당 1일평균
전북특별자치도 장수군,2022-04,12,257,96,160,23371,9295,14076,1대당 1일평균
전북특별자치도 임실군,2022-04,7,226,77,149,23495,6946,16549,1대당 1일평균
전북특별자치도 순창군,2022-04,7,194,58,136,24530,5686,18844,1대당 1일평균
전북특별자치도 고창군,2022-04,10,190,59,131,26699,5884,20814,1대당 1일평균
전북특별자치도 부안군,2022-04,8,169,47,151,28864,4932,23932,1대당 1일평균
전라남도 목포시,2022-04,28,204,95,139,34106,13856,20250,1대당 1일평균
전라남도 여수시,2022-04,28,221,119,106,36273,14633,21640,1대당 1일평균
전라남도 순천시,2022-04,31,227,122,105,39440,15449,23991,1대당 1일평균
전라남도 나주시,2022-04,14,239,87,152,31107,8238,22869,1대당 1일평균
전라남도 광양시,2022-04,20,196,87,108,36366,9701,26665,1대당 1일평균
전라남도 담양군,2022-04,8,173,49,124,25465,4821,20644,1대당 1일평균
전라남도 곡성군,2022-04,3,227,42,185,20105,3022,17082,1대당 1일평균
전라남도 구례군,2022-04,11,207,51,155,34133,4730,29403,1대당 1일평균
전라남도 고흥군,2022-04,7,207,47,171,24851,4446,20406,1대당 1일평균
전라남도 보성군,2022-04,7,187,47,140,18175,4149,14025,1대당 1일평균
전라남도 화순군,2022-04,17,192,67,125,37049,7888,29160,1대당 1일평균
전라남도 장흥군,2022-04,7,204,50,162,22356,4362,17994,1대당 1일평균
전라남도 강진군,2022-04,8,226,49,176,23906,5232,18674,1대당 1일평균
전라남도 해남군,2022-04,15,224,64,160,26531,6564,19967,1대당 1일평균
전라남도 영암군,2022-04,8,201,69,133,18187,6423,11763,1대당 1일평균
전라남도 무안군,2022-04,15,223,80,143,29357,8590,20767,1대당 1일평균
전라남도 함평군,2022-04,3,200,35,165,20944,3297,17647,1대당 1일평균
전라남도 영광군,2022-04,10,202,45,158,36328,4603,31724,1대당 1일평균
전라남도 장성군,2022-04,7,179,46,133,34497,4236,30260,1대당 1일평균
전라남도 완도군,2022-04,13,196,53,143,26950,5924,21025,1대당 1일평균
전라남도 진도군,2022-04,3,208,39,169,19188,3102,16086,1대당 1일평균
전라남도 신안군,2022-04,10,206,66,139,23683,7658,16025,1대당 1일평균
경상북도 포항시,2022-04,21,186,90,96,31347,11870,19477,1대당 1일평균
경상북도 경주시,2022-04,20,212,95,131,33035,11061,21974,1대당 1일평균
경상북도 김천시,2022-04,19,180,83,97,32324,9351,22973,1대당 1일평균
경상북도 안동시,2022-04,24,206,90,116,27724,10848,16876,1대당 1일평균
경상북도 구미시,2022-04,25,222,120,102,35979,14931,21049,1대당 1일평균
경상북도 영주시,2022-04,21,152,57,98,30463,8268,22195,1대당 1일평균
경상북도 영천시,2022-04,17,161,59,102,26912,7133,19779,1대당 1일평균
경상북도 상주시,2022-04,16,142,45,98,34215,5978,28237,1대당 1일평균
경상북도 문경시,2022-04,18,157,56,102,33007,6843,26165,1대당 1일평균
경상북도 경산시,2022-04,24,219,116,103,34519,13866,20653,1대당 1일평균
경상북도 의성군,2022-04,5,189,36,154,22807,3086,19721,1대당 1일평균
경상북도 청송군,2022-04,6,183,51,132,18453,4749,13704,1대당 1일평균
경상북도 영양군,2022-04,4,197,50,147,21381,4714,16667,1대당 1일평균
경상북도 영덕군,2022-04,9,162,51,110,14916,4677,10239,1대당 1일평균
경상북도 청도군,2022-04,7,146,45,101,20057,4791,15266,1대당 1일평균
경상북도 고령군,2022-04,6,227,57,170,32123,4570,27553,1대당 1일평균
경상북도 성주군,2022-04,10,239,76,163,20172,6617,13556,1대당 1일평균
경상북도 칠곡군,2022-04,21,291,127,164,42887,12371,30516,1대당 1일평균
경상북도 예천군,2022-04,9,194,49,145,23670,4384,19286,1대당 1일평균
경상북도 봉화군,2022-04,3,181,31,149,19081,2541,16540,1대당 1일평균
경상북도 울진군,2022-04,11,189,49,141,23607,4231,19376,1대당 1일평균
경상북도 울릉군,2022-04,11,123,40,83,27561,6282,21279,1대당 1일평균
경상남도 창원시,2022-04,23,205,103,109,35990,12827,23163,1대당 1일평균
경상남도 진주시,2022-04,25,201,100,111,32910,12206,20705,1대당 1일평균
경상남도 통영시,2022-04,26,216,94,124,34766,11979,22787,1대당 1일평균
경상남도 사천시,2022-04,22,183,75,109,35267,8558,26709,1대당 1일평균
경상남도 김해시,2022-04,24,193,99,93,35580,13408,22171,1대당 1일평균
경상남도 밀양시,2022-04,16,172,59,124,29923,6726,23198,1대당 1일평균
경상남도 거제시,2022-04,25,209,105,105,38383,11978,26404,1대당 1일평균
경상남도 양산시,2022-04,25,197,100,98,36928,12315,24612,1대당 1일평균
경상남도 의령군,2022-04,5,175,43,132,16690,3937,12752,1대당 1일평균
경상남도 함안군,2022-04,9,184,57,127,24830,5684,19146,1대당 1일평균
경상남도 창녕군,2022-04,5,163,37,125,23764,3633,20132,1대당 1일평균
경상남도 고성군,2022-04,10,172,50,122,25663,5318,20345,1대당 1일평균
경상남도 남해군,2022-04,7,179,43,136,21821,3778,18043,1대당 1일평균
경상남도 하동군,2022-04,4,223,41,183,20163,3399,16764,1대당 1일평균
경상남도 산청군,2022-04,8,202,73,129,18094,6278,11815,1대당 1일평균
경상남도 함양군,2022-04,7,184,37,147,22990,3386,19604,1대당 1일평균
경상남도 거창군,2022-04,15,167,50,117,24308,5617,18691,1대당 1일평균
경상남도 합천군,2022-04,4,199,43,156,20270,4195,16076,1대당 1일평균
제주특별자치도,2022-04,24,242,135,110,35681,15626,20054,1대당 1일평균
서울특별시,2022-05,18,198,127,76,31235,17366,13869,1대당 1일평균
부산광역시,2022-05,22,215,127,88,35515,16275,19240,1대당 1일평균
대구광역시,2022-05,21,199,113,86,32302,14967,17335,1대당 1일평균
인천광역시,2022-05,21,234,145,89,35479,17777,17703,1대당 1일평균
광주광역시,2022-05,27,236,148,91,37186,18525,18661,1대당 1일평균
대전광역시,2022-05,29,221,139,88,35526,18965,16561,1대당 1일평균
울산광역시,2022-05,22,208,113,103,33705,13957,19747,1대당 1일평균
세종특별자치시,2022-05,30,356,186,169,43793,18055,25738,1대당 1일평균
경기도 수원시,2022-05,25,278,174,118,44395,21103,23292,1대당 1일평균
경기도 성남시,2022-05,22,261,148,115,37834,16303,21531,1대당 1일평균
경기도 의정부시,2022-05,30,276,155,257,44816,19829,24988,1대당 1일평균
경기도 안양시,2022-05,24,236,140,96,38836,17857,20978,1대당 1일평균
경기도 부천시,2022-05,20,284,121,277,35162,16183,18978,1대당 1일평균
경기도 광명시,2022-05,14,230,118,112,35360,13478,21883,1대당 1일평균
경기도 평택시,2022-05,29,325,185,141,45014,21292,23722,1대당 1일평균
경기도 동두천시,2022-05,28,230,109,187,42257,13250,29007,1대당 1일평균
경기도 안산시,2022-05,28,252,144,216,40493,18746,21746,1대당 1일평균
경기도 고양시,2022-05,22,303,196,112,45808,20900,24908,1대당 1일평균
경기도 과천시,2022-05,28,294,181,113,45581,21240,24341,1대당 1일평균
경기도 구리시,2022-05,25,284,169,115,41291,18809,22482,1대당 1일평균
경기도 남양주시,2022-05,22,297,151,146,42651,16470,26181,1대당 1일평균
경기도 오산시,2022-05,19,262,157,105,38909,17703,21206,1대당 1일평균
경기도 시흥시,2022-05,22,259,143,116,39053,16463,22590,1대당 1일평균
경기도 군포시,2022-05,24,272,155,117,43380,17173,26207,1대당 1일평균
경기도 의왕시,2022-05,22,234,143,91,36527,16089,20438,1대당 1일평균
경기도 하남시,2022-05,19,238,135,103,34205,15667,18538,1대당 1일평균
경기도 용인시,2022-05,29,384,225,158,49494,24035,25458,1대당 1일평균
경기도 파주시,2022-05,26,365,210,155,44768,19898,24870,1대당 1일평균
경기도 이천시,2022-05,26,288,155,133,43417,16991,26426,1대당 1일평균
경기도 안성시,2022-05,19,257,119,138,37595,12284,25311,1대당 1일평균
경기도 김포시,2022-05,18,283,159,124,38514,15679,22835,1대당 1일평균
경기도 화성시,2022-05,21,345,196,150,46559,20197,26362,1대당 1일평균
경기도 광주시,2022-05,18,256,149,107,35299,14983,20317,1대당 1일평균
경기도 양주시,2022-05,25,266,143,123,38874,16141,22733,1대당 1일평균
경기도 포천시,2022-05,20,280,124,156,35541,12747,22794,1대당 1일평균
경기도 여주시,2022-05,25,264,125,139,40224,12927,27298,1대당 1일평균
경기도 연천군,2022-05,30,421,183,238,50204,14073,36130,1대당 1일평균
경기도 가평군,2022-05,21,291,129,163,34291,11338,22953,1대당 1일평균
경기도 양평군,2022-05,27,316,143,173,45730,14137,31593,1대당 1일평균
강원특별자치도 춘천시,2022-05,28,174,89,86,33840,13573,20267,1대당 1일평균
강원특별자치도 원주시,2022-05,32,219,121,99,38680,15831,22849,1대당 1일평균
강원특별자치도 강릉시,2022-05,30,215,114,101,35695,15002,20693,1대당 1일평균
강원특별자치도 동해시,2022-05,27,190,93,96,37709,10936,26773,1대당 1일평균
강원특별자치도 태백시,2022-05,29,234,99,158,37056,10219,26836,1대당 1일평균
강원특별자치도 속초시,2022-05,28,178,85,93,32216,11832,20385,1대당 1일평균
강원특별자치도 삼척시,2022-05,37,216,100,116,41051,12494,28556,1대당 1일평균
강원특별자치도 홍천군,2022-05,25,218,91,128,36340,9630,26710,1대당 1일평균
강원특별자치도 횡성군,2022-05,16,233,80,153,37297,7480,29817,1대당 1일평균
강원특별자치도 영월군,2022-05,21,206,67,140,33478,7075,26403,1대당 1일평균
강원특별자치도 평창군,2022-05,11,213,79,134,21107,6208,14899,1대당 1일평균
강원특별자치도 정선군,2022-05,17,284,109,177,34568,7976,26592,1대당 1일평균
강원특별자치도 철원군,2022-05,17,228,99,128,32577,8711,23866,1대당 1일평균
강원특별자치도 화천군,2022-05,16,224,95,129,31207,7792,23415,1대당 1일평균
강원특별자치도 양구군,2022-05,18,294,134,161,30350,10864,19486,1대당 1일평균
강원특별자치도 인제군,2022-05,13,243,96,147,29285,7024,22262,1대당 1일평균
강원특별자치도 고성군,2022-05,12,272,103,170,36622,8514,28108,1대당 1일평균
강원특별자치도 양양군,2022-05,15,232,99,134,33412,8137,25275,1대당 1일평균
충청북도 청주시,2022-05,21,194,106,99,31684,14633,17050,1대당 1일평균
충청북도 충주시,2022-05,25,190,88,102,32307,11479,20828,1대당 1일평균
충청북도 제천시,2022-05,,,,,,,,1대당 1일평균
충청북도 보은군,2022-05,5,176,46,130,22087,4864,17223,1대당 1일평균
충청북도 옥천군,2022-05,16,167,56,110,32445,6781,25664,1대당 1일평균
충청북도 영동군,2022-05,14,191,60,131,30027,6091,23936,1대당 1일평균
충청북도 증평군,2022-05,15,216,74,143,32788,7959,24829,1대당 1일평균
충청북도 진천군,2022-05,22,275,116,159,36064,11303,24761,1대당 1일평균
충청북도 괴산군,2022-05,,,,,,,,1대당 1일평균
충청북도 음성군,2022-05,20,283,115,168,37486,10437,27049,1대당 1일평균
충청북도 단양군,2022-05,,,,,,,,1대당 1일평균
충청남도 천안시,2022-05,34,299,172,134,42104,21885,20220,1대당 1일평균
충청남도 공주시,2022-05,18,228,91,137,35572,9560,26012,1대당 1일평균
충청남도 보령시,2022-05,20,187,79,108,37192,9118,28074,1대당 1일평균
충청남도 아산시,2022-05,27,286,156,131,41340,16340,25000,1대당 1일평균
충청남도 서산시,2022-05,29,238,114,124,43228,13951,29277,1대당 1일평균
충청남도 논산시,2022-05,18,200,83,117,33323,9200,24123,1대당 1일평균
충청남도 계룡시,2022-05,22,250,107,143,35155,10155,25001,1대당 1일평균
충청남도 당진시,2022-05,20,266,105,161,36302,9880,26422,1대당 1일평균
충청남도 금산군,2022-05,,,,,,,,1대당 1일평균
충청남도 부여군,2022-05,11,220,66,154,35190,6569,28622,1대당 1일평균
충청남도 서천군,2022-05,11,215,64,151,29818,5698,24121,1대당 1일평균
충청남도 청양군,2022-05,7,179,55,124,24423,5589,18834,1대당 1일평균
충청남도 홍성군,2022-05,22,206,83,124,34750,8890,25860,1대당 1일평균
충청남도 예산군,2022-05,18,226,83,143,32696,8341,24355,1대당 1일평균
충청남도 태안군,2022-05,14,219,68,154,34024,6457,27566,1대당 1일평균
전북특별자치도 전주시,2022-05,30,212,123,89,36863,18439,18424,1대당 1일평균
전북특별자치도 군산시,2022-05,27,200,100,112,31763,13396,18367,1대당 1일평균
전북특별자치도 익산시,2022-05,2,84,11,73,18093,1656,16438,1대당 1일평균
전북특별자치도 정읍시,2022-05,20,177,68,109,33452,8386,25066,1대당 1일평균
전북특별자치도 남원시,2022-05,20,176,63,114,33774,7704,26070,1대당 1일평균
전북특별자치도 김제시,2022-05,15,169,53,115,27255,6440,20815,1대당 1일평균
전북특별자치도 완주군,2022-05,14,223,94,129,32632,10132,22499,1대당 1일평균
전북특별자치도 진안군,2022-05,8,239,64,176,25641,6519,19122,1대당 1일평균
전북특별자치도 무주군,2022-05,7,200,62,138,22006,6138,15868,1대당 1일평균
전북특별자치도 장수군,2022-05,8,251,69,182,22597,6720,15877,1대당 1일평균
전북특별자치도 임실군,2022-05,7,230,77,153,24458,6920,17537,1대당 1일평균
전북특별자치도 순창군,2022-05,7,198,57,140,24275,5754,18520,1대당 1일평균
전북특별자치도 고창군,2022-05,11,204,67,137,27773,6676,21096,1대당 1일평균
전북특별자치도 부안군,2022-05,9,175,49,150,28540,4909,23631,1대당 1일평균
전라남도 목포시,2022-05,29,208,102,133,34283,14782,19500,1대당 1일평균
전라남도 여수시,2022-05,30,228,128,100,36763,16031,20732,1대당 1일평균
전라남도 순천시,2022-05,32,228,125,103,38862,15802,23060,1대당 1일평균
전라남도 나주시,2022-05,14,254,95,159,31849,8865,22984,1대당 1일평균
전라남도 광양시,2022-05,21,200,92,108,36194,10238,25956,1대당 1일평균
전라남도 담양군,2022-05,8,179,53,126,26004,5170,20833,1대당 1일평균
전라남도 곡성군,2022-05,4,234,47,187,20190,3670,16520,1대당 1일평균
전라남도 구례군,2022-05,11,209,51,159,33401,4450,28951,1대당 1일평균
전라남도 고흥군,2022-05,7,204,44,160,24044,4297,19747,1대당 1일평균
전라남도 보성군,2022-05,8,200,51,148,19152,4594,14558,1대당 1일평균
전라남도 화순군,2022-05,17,195,70,125,36579,8275,28303,1대당 1일평균
전라남도 장흥군,2022-05,7,208,51,157,22428,4678,17750,1대당 1일평균
전라남도 강진군,2022-05,8,230,48,184,23950,5022,18928,1대당 1일평균
전라남도 해남군,2022-05,15,230,68,162,26697,6823,19874,1대당 1일평균
전라남도 영암군,2022-05,8,207,72,136,18568,6770,11797,1대당 1일평균
전라남도 무안군,2022-05,15,233,85,149,29729,8939,20791,1대당 1일평균
전라남도 함평군,2022-05,4,210,38,172,21717,3403,18314,1대당 1일평균
전라남도 영광군,2022-05,11,210,48,161,36934,5265,31669,1대당 1일평균
전라남도 장성군,2022-05,8,184,48,135,35136,4462,30674,1대당 1일평균
전라남도 완도군,2022-05,14,206,59,147,27364,6497,20867,1대당 1일평균
전라남도 진도군,2022-05,4,219,45,177,19680,3720,15960,1대당 1일평균
전라남도 신안군,2022-05,10,211,65,146,23901,7187,16713,1대당 1일평균
경상북도 포항시,2022-05,22,191,97,94,31420,12897,18523,1대당 1일평균
경상북도 경주시,2022-05,20,213,93,128,32679,10644,22034,1대당 1일평균
경상북도 김천시,2022-05,20,188,89,99,32283,9953,22329,1대당 1일평균
경상북도 안동시,2022-05,25,213,95,117,27379,11525,15855,1대당 1일평균
경상북도 구미시,2022-05,26,229,127,102,36371,15774,20597,1대당 1일평균
경상북도 영주시,2022-05,23,160,62,98,30510,8979,21531,1대당 1일평균
경상북도 영천시,2022-05,18,172,65,107,27610,7882,19728,1대당 1일평균
경상북도 상주시,2022-05,16,150,48,102,34642,6169,28473,1대당 1일평균
경상북도 문경시,2022-05,18,162,59,103,33110,7088,26022,1대당 1일평균
경상북도 경산시,2022-05,24,239,127,111,36330,14882,21448,1대당 1일평균
경상북도 의성군,2022-05,5,198,37,162,23380,3221,20159,1대당 1일평균
경상북도 청송군,2022-05,6,194,54,140,19406,4924,14482,1대당 1일평균
경상북도 영양군,2022-05,4,196,48,148,21743,4667,17076,1대당 1일평균
경상북도 영덕군,2022-05,9,174,55,119,15739,4930,10808,1대당 1일평균
경상북도 청도군,2022-05,7,156,49,107,20838,5099,15739,1대당 1일평균
경상북도 고령군,2022-05,5,252,57,195,33346,4733,28613,1대당 1일평균
경상북도 성주군,2022-05,10,251,77,175,21294,6805,14489,1대당 1일평균
경상북도 칠곡군,2022-05,20,286,126,160,43618,11976,31642,1대당 1일평균
경상북도 예천군,2022-05,10,203,52,151,23785,4676,19109,1대당 1일평균
경상북도 봉화군,2022-05,3,181,32,149,18664,2689,15975,1대당 1일평균
경상북도 울진군,2022-05,11,202,53,150,24507,4658,19849,1대당 1일평균
경상북도 울릉군,2022-05,14,152,51,101,31601,7935,23666,1대당 1일평균
경상남도 창원시,2022-05,24,211,109,105,35942,13542,22400,1대당 1일평균
경상남도 진주시,2022-05,26,209,108,106,33068,13243,19825,1대당 1일평균
경상남도 통영시,2022-05,26,221,97,126,34836,12376,22460,1대당 1일평균
경상남도 사천시,2022-05,23,191,79,112,35040,9004,26036,1대당 1일평균
경상남도 김해시,2022-05,25,200,105,95,35775,14056,21719,1대당 1일평균
경상남도 밀양시,2022-05,16,177,61,118,29742,7010,22732,1대당 1일평균
경상남도 거제시,2022-05,26,218,112,106,38420,12876,25544,1대당 1일평균
경상남도 양산시,2022-05,25,200,103,98,36505,12514,23991,1대당 1일평균
경상남도 의령군,2022-05,5,182,46,136,17020,4053,12967,1대당 1일평균
경상남도 함안군,2022-05,9,191,60,131,25369,5959,19409,1대당 1일평균
경상남도 창녕군,2022-05,6,174,40,134,24089,3791,20298,1대당 1일평균
경상남도 고성군,2022-05,10,180,52,129,26028,5404,20624,1대당 1일평균
경상남도 남해군,2022-05,7,189,44,145,22402,3849,18553,1대당 1일평균
경상남도 하동군,2022-05,4,226,40,186,20839,3631,17208,1대당 1일평균
경상남도 산청군,2022-05,8,219,80,140,19474,6816,12659,1대당 1일평균
경상남도 함양군,2022-05,7,191,40,151,23556,3827,19729,1대당 1일평균
경상남도 거창군,2022-05,16,171,52,119,24983,5879,19104,1대당 1일평균
경상남도 합천군,2022-05,4,213,46,166,21589,4290,17300,1대당 1일평균
제주특별자치도,2022-05,23,242,139,105,34923,15843,19080,1대당 1일평균
서울특별시,2022-06,18,197,126,72,30809,17106,13703,1대당 1일평균
부산광역시,2022-06,22,213,127,86,35225,16315,18910,1대당 1일평균
대구광역시,2022-06,21,195,111,84,31947,14645,17301,1대당 1일평균
인천광역시,2022-06,21,232,145,88,35099,17552,17547,1대당 1일평균
광주광역시,2022-06,26,231,145,88,36861,18192,18669,1대당 1일평균
대전광역시,2022-06,28,219,137,87,35142,18703,16439,1대당 1일평균
울산광역시,2022-06,22,207,113,101,33437,13845,19592,1대당 1일평균
세종특별자치시,2022-06,29,349,181,168,43661,17527,26133,1대당 1일평균
경기도 수원시,2022-06,24,262,164,113,42315,19885,22431,1대당 1일평균
경기도 성남시,2022-06,21,258,148,111,37622,16205,21417,1대당 1일평균
경기도 의정부시,2022-06,29,276,155,137,44813,19658,25155,1대당 1일평균
경기도 안양시,2022-06,24,235,140,95,38271,17685,20586,1대당 1일평균
경기도 부천시,2022-06,20,290,123,346,34991,16137,18854,1대당 1일평균
경기도 광명시,2022-06,14,231,119,112,34907,13298,21609,1대당 1일평균
경기도 평택시,2022-06,29,325,184,141,45596,21183,24413,1대당 1일평균
경기도 동두천시,2022-06,28,225,109,192,41233,13287,27946,1대당 1일평균
경기도 안산시,2022-06,27,255,143,211,39689,18344,21345,1대당 1일평균
경기도 고양시,2022-06,22,308,201,112,46229,21421,24808,1대당 1일평균
경기도 과천시,2022-06,26,279,171,108,43199,20007,23191,1대당 1일평균
경기도 구리시,2022-06,25,282,170,112,40902,18898,22004,1대당 1일평균
경기도 남양주시,2022-06,24,292,162,130,42063,17587,24476,1대당 1일평균
경기도 오산시,2022-06,19,261,157,104,39117,17710,21406,1대당 1일평균
경기도 시흥시,2022-06,22,253,142,112,38513,16335,22178,1대당 1일평균
경기도 군포시,2022-06,23,267,153,114,42392,17059,25333,1대당 1일평균
경기도 의왕시,2022-06,21,232,137,95,36269,15643,20626,1대당 1일평균
경기도 하남시,2022-06,20,249,142,107,35453,16460,18992,1대당 1일평균
경기도 용인시,2022-06,30,382,226,156,50438,24584,25855,1대당 1일평균
경기도 파주시,2022-06,25,365,212,154,44577,19993,24584,1대당 1일평균
경기도 이천시,2022-06,26,285,156,129,43066,17007,26059,1대당 1일평균
경기도 안성시,2022-06,19,258,122,136,37252,12270,24982,1대당 1일평균
경기도 김포시,2022-06,17,277,157,121,37636,15284,22353,1대당 1일평균
경기도 화성시,2022-06,19,339,176,163,45703,17957,27746,1대당 1일평균
경기도 광주시,2022-06,18,259,152,107,35381,15076,20306,1대당 1일평균
경기도 양주시,2022-06,25,265,142,122,38727,16176,22551,1대당 1일평균
경기도 포천시,2022-06,19,270,120,150,33873,12220,21653,1대당 1일평균
경기도 여주시,2022-06,23,254,119,135,39341,12215,27127,1대당 1일평균
경기도 연천군,2022-06,34,460,209,251,53656,16528,37128,1대당 1일평균
경기도 가평군,2022-06,21,309,140,169,35131,12242,22888,1대당 1일평균
경기도 양평군,2022-06,27,320,143,177,45347,14110,31237,1대당 1일평균
강원특별자치도 춘천시,2022-06,27,170,87,83,33149,13212,19938,1대당 1일평균
강원특별자치도 원주시,2022-06,31,213,118,96,37813,15588,22225,1대당 1일평균
강원특별자치도 강릉시,2022-06,29,202,111,92,34972,15067,19905,1대당 1일평균
강원특별자치도 동해시,2022-06,28,189,94,95,37409,10996,26413,1대당 1일평균
강원특별자치도 태백시,2022-06,29,236,102,152,36751,10426,26325,1대당 1일평균
강원특별자치도 속초시,2022-06,28,175,86,97,31739,12093,19646,1대당 1일평균
강원특별자치도 삼척시,2022-06,36,215,99,116,41041,12257,28783,1대당 1일평균
강원특별자치도 홍천군,2022-06,17,221,66,155,38469,6591,31878,1대당 1일평균
강원특별자치도 횡성군,2022-06,16,225,77,148,37005,7116,29889,1대당 1일평균
강원특별자치도 영월군,2022-06,22,208,69,139,33270,7157,26113,1대당 1일평균
강원특별자치도 평창군,2022-06,11,223,84,139,21971,6628,15343,1대당 1일평균
강원특별자치도 정선군,2022-06,19,305,123,182,34757,9046,25711,1대당 1일평균
강원특별자치도 철원군,2022-06,16,223,97,125,33004,8493,24511,1대당 1일평균
강원특별자치도 화천군,2022-06,16,232,98,134,32288,7927,24361,1대당 1일평균
강원특별자치도 양구군,2022-06,16,272,124,149,28767,10039,18728,1대당 1일평균
강원특별자치도 인제군,2022-06,14,256,103,153,30108,7454,22654,1대당 1일평균
강원특별자치도 고성군,2022-06,14,290,115,176,37433,9600,27833,1대당 1일평균
강원특별자치도 양양군,2022-06,16,255,118,137,33910,9364,24545,1대당 1일평균
충청북도 청주시,2022-06,21,190,104,98,31312,14364,16948,1대당 1일평균
충청북도 충주시,2022-06,25,184,86,98,31886,11282,20604,1대당 1일평균
충청북도 제천시,2022-06,,,,,,,,1대당 1일평균
충청북도 보은군,2022-06,5,179,47,132,22818,5065,17753,1대당 1일평균
충청북도 옥천군,2022-06,17,168,58,110,32422,6901,25522,1대당 1일평균
충청북도 영동군,2022-06,15,195,63,132,30941,6191,24750,1대당 1일평균
충청북도 증평군,2022-06,14,203,67,182,32046,7218,24828,1대당 1일평균
충청북도 진천군,2022-06,23,275,117,158,36680,11420,25260,1대당 1일평균
충청북도 괴산군,2022-06,,,,,,,,1대당 1일평균
충청북도 음성군,2022-06,20,284,113,174,37754,10234,27520,1대당 1일평균
충청북도 단양군,2022-06,,,,,,,,1대당 1일평균
충청남도 천안시,2022-06,33,293,167,128,41397,20975,20422,1대당 1일평균
충청남도 공주시,2022-06,18,225,87,138,35689,9252,26438,1대당 1일평균
충청남도 보령시,2022-06,20,189,81,108,36845,9297,27548,1대당 1일평균
충청남도 아산시,2022-06,26,281,150,132,41230,15753,25476,1대당 1일평균
충청남도 서산시,2022-06,29,238,113,124,44953,14083,30870,1대당 1일평균
충청남도 논산시,2022-06,18,199,85,145,33179,9422,23758,1대당 1일평균
충청남도 계룡시,2022-06,22,251,109,142,35560,10303,25257,1대당 1일평균
충청남도 당진시,2022-06,19,260,101,158,36493,9615,26878,1대당 1일평균
충청남도 금산군,2022-06,,,,,,,,1대당 1일평균
충청남도 부여군,2022-06,11,220,70,151,34809,6939,27870,1대당 1일평균
충청남도 서천군,2022-06,10,219,60,158,30131,5275,24857,1대당 1일평균
충청남도 청양군,2022-06,7,198,57,141,26053,5314,20739,1대당 1일평균
충청남도 홍성군,2022-06,22,204,83,122,34735,8996,25739,1대당 1일평균
충청남도 예산군,2022-06,18,222,79,143,32813,8015,24798,1대당 1일평균
충청남도 태안군,2022-06,13,211,66,145,33179,6223,26956,1대당 1일평균
전북특별자치도 전주시,2022-06,30,208,120,89,36354,17943,18411,1대당 1일평균
전북특별자치도 군산시,2022-06,27,197,99,114,31598,13296,18301,1대당 1일평균
전북특별자치도 익산시,2022-06,,,,,,,,1대당 1일평균
전북특별자치도 정읍시,2022-06,20,175,67,108,33453,8321,25132,1대당 1일평균
전북특별자치도 남원시,2022-06,19,167,60,108,33305,7227,26078,1대당 1일평균
전북특별자치도 김제시,2022-06,15,164,52,112,26963,6403,20560,1대당 1일평균
전북특별자치도 완주군,2022-06,14,222,94,128,32661,10095,22566,1대당 1일평균
전북특별자치도 진안군,2022-06,8,237,63,174,25663,6249,19414,1대당 1일평균
전북특별자치도 무주군,2022-06,6,199,61,138,21943,5887,16056,1대당 1일평균
전북특별자치도 장수군,2022-06,8,253,68,185,22690,6884,15807,1대당 1일평균
전북특별자치도 임실군,2022-06,7,222,75,147,24309,6678,17631,1대당 1일평균
전북특별자치도 순창군,2022-06,7,197,59,138,24431,5805,18627,1대당 1일평균
전북특별자치도 고창군,2022-06,11,205,67,138,28189,6656,21533,1대당 1일평균
전북특별자치도 부안군,2022-06,9,176,51,143,28328,5055,23273,1대당 1일평균
전라남도 목포시,2022-06,29,206,101,129,34107,14674,19432,1대당 1일평균
전라남도 여수시,2022-06,29,225,127,98,36203,15839,20364,1대당 1일평균
전라남도 순천시,2022-06,31,224,122,105,38397,15350,23046,1대당 1일평균
전라남도 나주시,2022-06,14,248,93,156,31407,8567,22840,1대당 1일평균
전라남도 광양시,2022-06,20,196,91,105,36233,10144,26089,1대당 1일평균
전라남도 담양군,2022-06,8,177,53,124,26358,5245,21113,1대당 1일평균
전라남도 곡성군,2022-06,4,218,43,174,21686,3275,18411,1대당 1일평균
전라남도 구례군,2022-06,12,195,49,146,34046,4563,29483,1대당 1일평균
전라남도 고흥군,2022-06,7,207,47,159,24371,4509,19862,1대당 1일평균
전라남도 보성군,2022-06,7,193,49,145,18640,4369,14271,1대당 1일평균
전라남도 화순군,2022-06,17,193,71,122,36367,8330,28037,1대당 1일평균
전라남도 장흥군,2022-06,7,204,52,151,22350,4694,17655,1대당 1일평균
전라남도 강진군,2022-06,7,224,44,204,24189,4654,19535,1대당 1일평균
전라남도 해남군,2022-06,15,232,68,165,27117,6748,20369,1대당 1일평균
전라남도 영암군,2022-06,8,206,72,134,18705,6834,11871,1대당 1일평균
전라남도 무안군,2022-06,15,232,85,148,29898,9216,20682,1대당 1일평균
전라남도 함평군,2022-06,4,206,34,172,21218,2941,18276,1대당 1일평균
전라남도 영광군,2022-06,11,221,51,170,38477,5425,33052,1대당 1일평균
전라남도 장성군,2022-06,8,186,49,136,35092,4608,30485,1대당 1일평균
전라남도 완도군,2022-06,14,209,58,151,27690,6148,21542,1대당 1일평균
전라남도 진도군,2022-06,5,239,57,182,20950,4513,16437,1대당 1일평균
전라남도 신안군,2022-06,10,210,64,146,23948,7291,16656,1대당 1일평균
경상북도 포항시,2022-06,22,189,96,95,31272,12824,18448,1대당 1일평균
경상북도 경주시,2022-06,20,225,93,147,34440,10431,24009,1대당 1일평균
경상북도 김천시,2022-06,19,185,87,117,32097,9761,22337,1대당 1일평균
경상북도 안동시,2022-06,25,208,92,116,27381,11251,16130,1대당 1일평균
경상북도 구미시,2022-06,26,221,124,97,35716,15402,20314,1대당 1일평균
경상북도 영주시,2022-06,23,159,62,98,30153,8861,21292,1대당 1일평균
경상북도 영천시,2022-06,19,172,65,107,27437,7807,19630,1대당 1일평균
경상북도 상주시,2022-06,17,146,47,100,34871,6214,28657,1대당 1일평균
경상북도 문경시,2022-06,19,168,62,107,33324,7335,25989,1대당 1일평균
경상북도 경산시,2022-06,22,223,117,106,35546,13883,21663,1대당 1일평균
경상북도 의성군,2022-06,5,202,38,164,23362,3216,20147,1대당 1일평균
경상북도 청송군,2022-06,6,200,56,144,20154,5049,15105,1대당 1일평균
경상북도 영양군,2022-06,4,198,49,149,22447,4724,17722,1대당 1일평균
경상북도 영덕군,2022-06,10,179,59,120,16542,5423,11119,1대당 1일평균
경상북도 청도군,2022-06,7,161,51,110,21852,5433,16419,1대당 1일평균
경상북도 고령군,2022-06,5,266,58,208,34454,4610,29844,1대당 1일평균
경상북도 성주군,2022-06,10,248,77,171,21070,6757,14313,1대당 1일평균
경상북도 칠곡군,2022-06,17,300,124,176,41630,11407,30223,1대당 1일평균
경상북도 예천군,2022-06,10,206,53,154,23997,4740,19257,1대당 1일평균
경상북도 봉화군,2022-06,3,182,34,148,18816,2784,16032,1대당 1일평균
경상북도 울진군,2022-06,12,201,55,149,24564,4773,19791,1대당 1일평균
경상북도 울릉군,2022-06,13,139,49,90,28143,7388,20756,1대당 1일평균
경상남도 창원시,2022-06,23,207,107,104,35230,13274,21956,1대당 1일평균
경상남도 진주시,2022-06,26,207,106,113,32817,13092,19725,1대당 1일평균
경상남도 통영시,2022-06,27,220,101,119,34393,12957,21436,1대당 1일평균
경상남도 사천시,2022-06,23,191,79,111,34758,9022,25735,1대당 1일평균
경상남도 김해시,2022-06,25,197,104,93,35338,13944,21394,1대당 1일평균
경상남도 밀양시,2022-06,16,176,61,115,29801,6921,22880,1대당 1일평균
경상남도 거제시,2022-06,27,222,115,107,38167,13243,24924,1대당 1일평균
경상남도 양산시,2022-06,25,199,103,97,36393,12524,23869,1대당 1일평균
경상남도 의령군,2022-06,5,175,46,129,16497,4085,12412,1대당 1일평균
경상남도 함안군,2022-06,9,186,59,127,25579,5857,19722,1대당 1일평균
경상남도 창녕군,2022-06,6,173,40,133,23997,3863,20134,1대당 1일평균
경상남도 고성군,2022-06,11,183,55,128,26525,5784,20742,1대당 1일평균
경상남도 남해군,2022-06,8,185,46,170,22180,3948,18231,1대당 1일평균
경상남도 하동군,2022-06,4,226,41,185,20650,3564,17086,1대당 1일평균
경상남도 산청군,2022-06,8,207,78,129,18700,6793,11907,1대당 1일평균
경상남도 함양군,2022-06,7,186,39,147,23403,3654,19749,1대당 1일평균
경상남도 거창군,2022-06,16,169,51,118,25128,5833,19295,1대당 1일평균
경상남도 합천군,2022-06,4,207,46,161,20978,4254,16724,1대당 1일평균
제주특별자치도,2022-06,23,242,141,102,34766,16083,18683,1대당 1일평균
서울특별시,2022-07,18,196,124,73,31103,17132,13971,1대당 1일평균
부산광역시,2022-07,22,211,125,86,35663,16344,19319,1대당 1일평균
대구광역시,2022-07,21,194,110,85,31983,14610,17373,1대당 1일평균
인천광역시,2022-07,21,233,144,89,35876,17608,18268,1대당 1일평균
광주광역시,2022-07,26,226,141,86,36713,17821,18892,1대당 1일평균
대전광역시,2022-07,28,215,134,85,34773,18451,16322,1대당 1일평균
울산광역시,2022-07,23,207,113,103,33963,13954,20009,1대당 1일평균
세종특별자치시,2022-07,27,345,177,167,44358,17402,26956,1대당 1일평균
경기도 수원시,2022-07,23,257,159,105,42159,19389,22770,1대당 1일평균
경기도 성남시,2022-07,21,253,142,111,37900,15865,22035,1대당 1일평균
경기도 의정부시,2022-07,29,267,150,137,44713,19475,25237,1대당 1일평균
경기도 안양시,2022-07,24,231,137,94,38420,17601,20820,1대당 1일평균
경기도 부천시,2022-07,20,293,120,384,36219,16034,20185,1대당 1일평균
경기도 광명시,2022-07,14,224,114,110,35870,13074,22795,1대당 1일평균
경기도 평택시,2022-07,28,322,181,142,45519,21004,24515,1대당 1일평균
경기도 동두천시,2022-07,29,232,112,212,41399,13549,27850,1대당 1일평균
경기도 안산시,2022-07,27,254,143,180,40668,18589,22079,1대당 1일평균
경기도 고양시,2022-07,22,300,194,118,46332,20868,25464,1대당 1일평균
경기도 과천시,2022-07,26,275,169,106,43060,19842,23218,1대당 1일평균
경기도 구리시,2022-07,25,280,167,112,41271,18751,22520,1대당 1일평균
경기도 남양주시,2022-07,25,292,173,121,42739,18904,23835,1대당 1일평균
경기도 오산시,2022-07,19,255,152,103,39009,17485,21523,1대당 1일평균
경기도 시흥시,2022-07,21,250,139,110,39026,16256,22770,1대당 1일평균
경기도 군포시,2022-07,23,259,145,114,42019,16509,25509,1대당 1일평균
경기도 의왕시,2022-07,19,212,125,87,36047,14805,21242,1대당 1일평균
경기도 하남시,2022-07,21,266,154,111,37905,17500,20405,1대당 1일평균
경기도 용인시,2022-07,30,378,227,151,51820,25032,26788,1대당 1일평균
경기도 파주시,2022-07,25,363,209,155,45025,19917,25108,1대당 1일평균
경기도 이천시,2022-07,26,292,157,134,44098,17128,26969,1대당 1일평균
경기도 안성시,2022-07,18,248,114,134,36474,11761,24713,1대당 1일평균
경기도 김포시,2022-07,18,282,158,124,39248,15664,23584,1대당 1일평균
경기도 화성시,2022-07,16,335,147,188,47213,15102,32110,1대당 1일평균
경기도 광주시,2022-07,18,262,152,110,36049,15146,20903,1대당 1일평균
경기도 양주시,2022-07,23,255,135,120,37311,15583,21728,1대당 1일평균
경기도 포천시,2022-07,19,274,121,154,35443,12576,22867,1대당 1일평균
경기도 여주시,2022-07,22,257,122,135,38522,12274,26248,1대당 1일평균
경기도 연천군,2022-07,32,441,193,248,52231,15337,36894,1대당 1일평균
경기도 가평군,2022-07,22,332,157,175,37036,13655,23381,1대당 1일평균
경기도 양평군,2022-07,26,316,140,177,45043,13858,31185,1대당 1일평균
강원특별자치도 춘천시,2022-07,26,167,83,84,33388,12773,20615,1대당 1일평균
강원특별자치도 원주시,2022-07,31,208,114,97,37769,15265,22503,1대당 1일평균
강원특별자치도 강릉시,2022-07,29,203,112,92,35155,15097,20058,1대당 1일평균
강원특별자치도 동해시,2022-07,28,189,94,95,37249,11213,26036,1대당 1일평균
강원특별자치도 태백시,2022-07,30,237,106,147,36778,11003,25775,1대당 1일평균
강원특별자치도 속초시,2022-07,29,177,89,97,32401,12760,19642,1대당 1일평균
강원특별자치도 삼척시,2022-07,35,215,99,122,42005,12460,29544,1대당 1일평균
강원특별자치도 홍천군,2022-07,17,232,67,165,39155,6628,32527,1대당 1일평균
강원특별자치도 횡성군,2022-07,15,222,76,146,37964,7129,30835,1대당 1일평균
강원특별자치도 영월군,2022-07,22,213,69,144,34452,7385,27068,1대당 1일평균
강원특별자치도 평창군,2022-07,12,227,88,139,22874,6860,16015,1대당 1일평균
강원특별자치도 정선군,2022-07,20,308,128,181,35720,9663,26057,1대당 1일평균
강원특별자치도 철원군,2022-07,15,214,91,123,32522,7695,24826,1대당 1일평균
강원특별자치도 화천군,2022-07,16,233,98,135,33470,8013,25457,1대당 1일평균
강원특별자치도 양구군,2022-07,17,272,122,150,29945,10059,19886,1대당 1일평균
강원특별자치도 인제군,2022-07,13,253,99,154,30793,7146,23648,1대당 1일평균
강원특별자치도 고성군,2022-07,14,269,111,158,38771,9476,29295,1대당 1일평균
강원특별자치도 양양군,2022-07,20,309,162,147,38517,12424,26092,1대당 1일평균
충청북도 청주시,2022-07,21,188,102,97,31532,14253,17278,1대당 1일평균
충청북도 충주시,2022-07,24,181,83,98,31803,11141,20662,1대당 1일평균
충청북도 제천시,2022-07,,,,,,,,1대당 1일평균
충청북도 보은군,2022-07,6,171,46,125,23372,4857,18515,1대당 1일평균
충청북도 옥천군,2022-07,17,168,58,110,33625,7110,26515,1대당 1일평균
충청북도 영동군,2022-07,14,186,59,126,31281,6093,25188,1대당 1일평균
충청북도 증평군,2022-07,14,200,65,199,32719,7137,25582,1대당 1일평균
충청북도 진천군,2022-07,23,280,122,159,37065,11872,25193,1대당 1일평균
충청북도 괴산군,2022-07,,,,,,,,1대당 1일평균
충청북도 음성군,2022-07,20,289,117,172,38644,10514,28130,1대당 1일평균
충청북도 단양군,2022-07,,,,,,,,1대당 1일평균
충청남도 천안시,2022-07,29,289,153,140,41555,19110,22445,1대당 1일평균
충청남도 공주시,2022-07,17,222,86,137,36010,8958,27052,1대당 1일평균
충청남도 보령시,2022-07,22,200,91,109,38160,10333,27827,1대당 1일평균
충청남도 아산시,2022-07,25,271,143,128,40860,15277,25583,1대당 1일평균
충청남도 서산시,2022-07,30,236,112,124,45921,14464,31457,1대당 1일평균
충청남도 논산시,2022-07,18,199,84,115,33025,9352,23674,1대당 1일평균
충청남도 계룡시,2022-07,23,248,109,138,35071,10571,24499,1대당 1일평균
충청남도 당진시,2022-07,19,261,101,161,36353,9476,26877,1대당 1일평균
충청남도 금산군,2022-07,,,,,,,,1대당 1일평균
충청남도 부여군,2022-07,12,222,74,148,35893,7290,28604,1대당 1일평균
충청남도 서천군,2022-07,10,210,54,156,30353,5219,25134,1대당 1일평균
충청남도 청양군,2022-07,5,172,46,126,24933,4474,20459,1대당 1일평균
충청남도 홍성군,2022-07,21,204,83,121,35678,9143,26535,1대당 1일평균
충청남도 예산군,2022-07,18,222,78,144,37938,7622,30316,1대당 1일평균
충청남도 태안군,2022-07,13,206,63,143,33775,6068,27707,1대당 1일평균
전북특별자치도 전주시,2022-07,29,205,116,89,36443,17501,18942,1대당 1일평균
전북특별자치도 군산시,2022-07,27,194,97,106,31780,13316,18464,1대당 1일평균
전북특별자치도 익산시,2022-07,25,193,89,104,36286,11705,24580,1대당 1일평균
전북특별자치도 정읍시,2022-07,20,170,65,105,33450,8245,25205,1대당 1일평균
전북특별자치도 남원시,2022-07,19,168,60,107,33458,7335,26123,1대당 1일평균
전북특별자치도 김제시,2022-07,16,163,51,112,27408,6302,21105,1대당 1일평균
전북특별자치도 완주군,2022-07,14,215,90,126,32985,9694,23291,1대당 1일평균
전북특별자치도 진안군,2022-07,8,229,62,167,26261,6253,20008,1대당 1일평균
전북특별자치도 무주군,2022-07,6,193,60,133,20798,5731,15066,1대당 1일평균
전북특별자치도 장수군,2022-07,6,251,60,192,22243,5975,16268,1대당 1일평균
전북특별자치도 임실군,2022-07,7,213,69,144,24543,6216,18327,1대당 1일평균
전북특별자치도 순창군,2022-07,6,187,55,132,23571,5431,18140,1대당 1일평균
전북특별자치도 고창군,2022-07,12,201,64,137,27670,6309,21361,1대당 1일평균
전북특별자치도 부안군,2022-07,9,176,50,137,30335,5010,25325,1대당 1일평균
전라남도 목포시,2022-07,28,201,97,128,34003,14335,19668,1대당 1일평균
전라남도 여수시,2022-07,30,225,130,96,36625,16366,20259,1대당 1일평균
전라남도 순천시,2022-07,30,219,118,101,38118,15078,23040,1대당 1일평균
전라남도 나주시,2022-07,13,238,90,148,31163,8344,22819,1대당 1일평균
전라남도 광양시,2022-07,20,195,89,105,36261,10134,26127,1대당 1일평균
전라남도 담양군,2022-07,8,179,56,122,26456,5388,21068,1대당 1일평균
전라남도 곡성군,2022-07,4,223,40,183,19865,3004,16861,1대당 1일평균
전라남도 구례군,2022-07,11,184,44,141,32928,3978,28951,1대당 1일평균
전라남도 고흥군,2022-07,7,197,47,150,24313,4520,19793,1대당 1일평균
전라남도 보성군,2022-07,7,183,48,136,18606,4216,14390,1대당 1일평균
전라남도 화순군,2022-07,17,193,69,123,36226,8219,28007,1대당 1일평균
전라남도 장흥군,2022-07,7,202,53,149,22891,4841,18050,1대당 1일평균
전라남도 강진군,2022-07,7,214,42,183,24418,4538,19880,1대당 1일평균
전라남도 해남군,2022-07,15,221,64,157,27364,6532,20832,1대당 1일평균
전라남도 영암군,2022-07,8,207,72,136,18777,6787,11990,1대당 1일평균
전라남도 무안군,2022-07,16,232,87,145,30302,9322,20980,1대당 1일평균
전라남도 함평군,2022-07,4,189,33,156,21420,2902,18518,1대당 1일평균
전라남도 영광군,2022-07,11,211,50,161,38390,5272,33118,1대당 1일평균
전라남도 장성군,2022-07,8,190,51,139,35386,4645,30741,1대당 1일평균
전라남도 완도군,2022-07,14,206,58,148,29234,6321,22913,1대당 1일평균
전라남도 진도군,2022-07,5,211,52,159,21422,4660,16762,1대당 1일평균
전라남도 신안군,2022-07,9,198,61,138,23394,7053,16341,1대당 1일평균
경상북도 포항시,2022-07,22,188,95,99,31418,12828,18590,1대당 1일평균
경상북도 경주시,2022-07,23,236,101,147,35643,11390,24254,1대당 1일평균
경상북도 김천시,2022-07,19,180,84,96,32297,9483,22814,1대당 1일평균
경상북도 안동시,2022-07,24,200,88,112,27046,10982,16064,1대당 1일평균
경상북도 구미시,2022-07,26,222,124,98,36022,15615,20406,1대당 1일평균
경상북도 영주시,2022-07,22,154,59,95,30393,8636,21756,1대당 1일평균
경상북도 영천시,2022-07,19,172,66,106,28119,8076,20043,1대당 1일평균
경상북도 상주시,2022-07,17,146,49,97,34521,6552,27969,1대당 1일평균
경상북도 문경시,2022-07,18,175,61,114,32631,6879,25752,1대당 1일평균
경상북도 경산시,2022-07,21,214,111,103,35181,13261,21920,1대당 1일평균
경상북도 의성군,2022-07,5,190,38,152,23962,3265,20697,1대당 1일평균
경상북도 청송군,2022-07,6,196,52,144,19883,4876,15008,1대당 1일평균
경상북도 영양군,2022-07,4,189,48,141,22195,4698,17497,1대당 1일평균
경상북도 영덕군,2022-07,10,181,60,121,16882,5512,11370,1대당 1일평균
경상북도 청도군,2022-07,8,159,50,108,22144,5251,16892,1대당 1일평균
경상북도 고령군,2022-07,5,282,60,223,36093,4582,31511,1대당 1일평균
경상북도 성주군,2022-07,10,261,80,181,21722,6945,14778,1대당 1일평균
경상북도 칠곡군,2022-07,22,305,132,173,46260,12926,33335,1대당 1일평균
경상북도 예천군,2022-07,9,201,49,152,24476,4378,20098,1대당 1일평균
경상북도 봉화군,2022-07,4,184,35,149,19777,2760,17017,1대당 1일평균
경상북도 울진군,2022-07,12,203,54,150,25065,4697,20368,1대당 1일평균
경상북도 울릉군,2022-07,13,127,47,80,27190,7320,19869,1대당 1일평균
경상남도 창원시,2022-07,24,207,107,105,35591,13504,22087,1대당 1일평균
경상남도 진주시,2022-07,26,205,105,107,33186,13076,20110,1대당 1일평균
경상남도 통영시,2022-07,28,218,102,117,34591,13116,21475,1대당 1일평균
경상남도 사천시,2022-07,24,192,81,111,34874,9407,25467,1대당 1일평균
경상남도 김해시,2022-07,25,199,105,94,35453,14201,21252,1대당 1일평균
경상남도 밀양시,2022-07,17,179,64,116,30858,7321,23537,1대당 1일평균
경상남도 거제시,2022-07,28,223,117,106,38467,13735,24732,1대당 1일평균
경상남도 양산시,2022-07,25,198,102,96,36392,12537,23854,1대당 1일평균
경상남도 의령군,2022-07,5,167,43,124,16427,3856,12571,1대당 1일평균
경상남도 함안군,2022-07,10,191,61,130,27028,6066,20962,1대당 1일평균
경상남도 창녕군,2022-07,6,174,41,134,25009,3953,21056,1대당 1일평균
경상남도 고성군,2022-07,11,181,55,125,27659,5920,21739,1대당 1일평균
경상남도 남해군,2022-07,7,177,43,190,23245,3774,19471,1대당 1일평균
경상남도 하동군,2022-07,4,220,40,179,21058,3520,17538,1대당 1일평균
경상남도 산청군,2022-07,9,205,80,125,18821,6804,12017,1대당 1일평균
경상남도 함양군,2022-07,7,189,40,149,23577,3805,19772,1대당 1일평균
경상남도 거창군,2022-07,15,169,51,118,25854,5882,19973,1대당 1일평균
경상남도 합천군,2022-07,4,204,47,157,21266,4249,17017,1대당 1일평균
제주특별자치도,2022-07,23,237,137,101,35018,15612,19406,1대당 1일평균
서울특별시,2022-08,17,197,123,83,31710,17092,14618,1대당 1일평균
부산광역시,2022-08,22,208,123,87,35649,16239,19410,1대당 1일평균
대구광역시,2022-08,21,193,109,85,32121,14550,17571,1대당 1일평균
인천광역시,2022-08,21,231,143,89,35588,17453,18135,1대당 1일평균
광주광역시,2022-08,25,224,138,89,36434,17386,19049,1대당 1일평균
대전광역시,2022-08,28,214,133,82,34895,18359,16536,1대당 1일평균
울산광역시,2022-08,22,203,110,105,33577,13522,20054,1대당 1일평균
세종특별자치시,2022-08,27,335,173,162,43265,17120,26146,1대당 1일평균
경기도 수원시,2022-08,22,250,155,109,41505,19062,22443,1대당 1일평균
경기도 성남시,2022-08,20,247,136,111,37668,15551,22117,1대당 1일평균
경기도 의정부시,2022-08,28,264,147,121,43877,19084,24793,1대당 1일평균
경기도 안양시,2022-08,23,226,134,93,37985,17340,20645,1대당 1일평균
경기도 부천시,2022-08,19,287,116,366,35367,15499,19869,1대당 1일평균
경기도 광명시,2022-08,14,221,113,109,35739,13078,22662,1대당 1일평균
경기도 평택시,2022-08,27,316,177,139,44801,20648,24153,1대당 1일평균
경기도 동두천시,2022-08,28,219,106,213,41051,12910,28142,1대당 1일평균
경기도 안산시,2022-08,27,251,141,180,40547,18435,22112,1대당 1일평균
경기도 고양시,2022-08,21,298,193,114,45999,20783,25216,1대당 1일평균
경기도 과천시,2022-08,26,270,165,105,42854,19448,23406,1대당 1일평균
경기도 구리시,2022-08,24,280,167,113,41297,18829,22469,1대당 1일평균
경기도 남양주시,2022-08,25,290,171,118,42894,18898,23996,1대당 1일평균
경기도 오산시,2022-08,18,249,146,104,38202,17109,21093,1대당 1일평균
경기도 시흥시,2022-08,21,244,136,108,38715,16055,22661,1대당 1일평균
경기도 군포시,2022-08,22,253,139,114,42145,16134,26011,1대당 1일평균
경기도 의왕시,2022-08,20,225,130,95,36986,15539,21446,1대당 1일평균
경기도 하남시,2022-08,20,260,150,110,37499,17140,20359,1대당 1일평균
경기도 용인시,2022-08,29,364,218,146,50476,24307,26169,1대당 1일평균
경기도 파주시,2022-08,25,352,201,151,44506,19391,25116,1대당 1일평균
경기도 이천시,2022-08,25,291,156,136,43446,16712,26734,1대당 1일평균
경기도 안성시,2022-08,19,248,115,132,37378,11984,25394,1대당 1일평균
경기도 김포시,2022-08,18,287,161,127,39962,15915,24048,1대당 1일평균
경기도 화성시,2022-08,14,321,136,185,45742,14017,31724,1대당 1일평균
경기도 광주시,2022-08,17,261,150,111,36373,15249,21123,1대당 1일평균
경기도 양주시,2022-08,22,250,133,117,36749,15143,21606,1대당 1일평균
경기도 포천시,2022-08,18,263,115,148,34154,12114,22040,1대당 1일평균
경기도 여주시,2022-08,21,236,110,126,37892,11555,26338,1대당 1일평균
경기도 연천군,2022-08,23,272,122,150,36366,10047,26319,1대당 1일평균
경기도 가평군,2022-08,20,322,151,171,36044,13368,22676,1대당 1일평균
경기도 양평군,2022-08,25,300,133,167,45459,13665,31794,1대당 1일평균
강원특별자치도 춘천시,2022-08,25,164,81,83,32905,12516,20389,1대당 1일평균
강원특별자치도 원주시,2022-08,30,203,111,94,37375,14826,22549,1대당 1일평균
강원특별자치도 강릉시,2022-08,29,208,118,94,35523,15977,19546,1대당 1일평균
강원특별자치도 동해시,2022-08,28,192,98,94,37341,11663,25678,1대당 1일평균
강원특별자치도 태백시,2022-08,29,236,104,164,36240,10873,25367,1대당 1일평균
강원특별자치도 속초시,2022-08,29,178,92,97,32358,13439,18918,1대당 1일평균
강원특별자치도 삼척시,2022-08,36,223,106,117,41681,13052,28629,1대당 1일평균
강원특별자치도 홍천군,2022-08,16,234,66,168,38202,6549,31653,1대당 1일평균
강원특별자치도 횡성군,2022-08,15,227,76,151,37440,7138,30301,1대당 1일평균
강원특별자치도 영월군,2022-08,22,210,69,141,33715,7347,26367,1대당 1일평균
강원특별자치도 평창군,2022-08,12,234,90,143,23630,7251,16379,1대당 1일평균
강원특별자치도 정선군,2022-08,21,316,135,181,35531,10514,25016,1대당 1일평균
강원특별자치도 철원군,2022-08,15,208,89,120,31575,7582,23993,1대당 1일평균
강원특별자치도 화천군,2022-08,16,230,97,133,32610,7985,24625,1대당 1일평균
강원특별자치도 양구군,2022-08,18,289,131,158,31519,10884,20635,1대당 1일평균
강원특별자치도 인제군,2022-08,13,252,100,152,30615,7236,23379,1대당 1일평균
강원특별자치도 고성군,2022-08,13,268,109,159,38368,9516,28852,1대당 1일평균
강원특별자치도 양양군,2022-08,22,347,199,148,39112,14810,24302,1대당 1일평균
충청북도 청주시,2022-08,20,187,101,97,31182,13992,17190,1대당 1일평균
충청북도 충주시,2022-08,23,178,81,97,31533,10749,20784,1대당 1일평균
충청북도 제천시,2022-08,,,,,,,,1대당 1일평균
충청북도 보은군,2022-08,5,170,47,123,22973,4936,18037,1대당 1일평균
충청북도 옥천군,2022-08,17,167,58,109,33563,7095,26467,1대당 1일평균
충청북도 영동군,2022-08,14,189,62,127,31260,6325,24935,1대당 1일평균
충청북도 증평군,2022-08,14,197,63,246,32543,7001,25541,1대당 1일평균
충청북도 진천군,2022-08,22,270,119,151,35500,11610,23890,1대당 1일평균
충청북도 괴산군,2022-08,11,238,86,152,25520,8053,17467,1대당 1일평균
충청북도 음성군,2022-08,20,279,113,165,37986,10330,27656,1대당 1일평균
충청북도 단양군,2022-08,,,,,,,,1대당 1일평균
충청남도 천안시,2022-08,31,286,159,133,42863,20327,22535,1대당 1일평균
충청남도 공주시,2022-08,17,213,82,131,35400,8700,26699,1대당 1일평균
충청남도 보령시,2022-08,21,199,90,108,36887,10222,26665,1대당 1일평균
충청남도 아산시,2022-08,25,269,143,126,41004,15362,25642,1대당 1일평균
충청남도 서산시,2022-08,28,224,105,119,45026,13617,31409,1대당 1일평균
충청남도 논산시,2022-08,17,193,81,112,32788,9147,23641,1대당 1일평균
충청남도 계룡시,2022-08,21,243,105,138,34943,10090,24853,1대당 1일평균
충청남도 당진시,2022-08,18,252,98,154,36005,9397,26608,1대당 1일평균
충청남도 금산군,2022-08,,,,,,,,1대당 1일평균
충청남도 부여군,2022-08,10,207,62,145,35023,6319,28704,1대당 1일평균
충청남도 서천군,2022-08,9,211,56,154,29941,5172,24769,1대당 1일평균
충청남도 청양군,2022-08,6,184,56,129,26968,5816,21152,1대당 1일평균
충청남도 홍성군,2022-08,20,197,79,118,34793,8633,26160,1대당 1일평균
충청남도 예산군,2022-08,17,213,73,139,37541,7243,30298,1대당 1일평균
충청남도 태안군,2022-08,13,210,66,144,33067,6150,26917,1대당 1일평균
전북특별자치도 전주시,2022-08,29,203,115,88,36324,17372,18952,1대당 1일평균
전북특별자치도 군산시,2022-08,26,191,96,96,31236,13005,18231,1대당 1일평균
전북특별자치도 익산시,2022-08,25,191,91,100,36274,11875,24399,1대당 1일평균
전북특별자치도 정읍시,2022-08,20,172,66,105,33555,8285,25271,1대당 1일평균
전북특별자치도 남원시,2022-08,19,168,60,108,33052,7345,25707,1대당 1일평균
전북특별자치도 김제시,2022-08,15,162,50,112,27235,6168,21067,1대당 1일평균
전북특별자치도 완주군,2022-08,13,217,91,126,32934,9611,23323,1대당 1일평균
전북특별자치도 진안군,2022-08,8,225,67,158,25509,6619,18890,1대당 1일평균
전북특별자치도 무주군,2022-08,6,198,61,137,20205,5693,14511,1대당 1일평균
전북특별자치도 장수군,2022-08,5,244,59,186,21217,6031,15186,1대당 1일평균
전북특별자치도 임실군,2022-08,7,220,70,150,24542,6182,18360,1대당 1일평균
전북특별자치도 순창군,2022-08,6,179,55,123,22843,5454,17390,1대당 1일평균
전북특별자치도 고창군,2022-08,11,202,64,139,28260,6372,21887,1대당 1일평균
전북특별자치도 부안군,2022-08,9,182,52,137,30714,5109,25605,1대당 1일평균
전라남도 목포시,2022-08,29,200,98,126,34116,14364,19752,1대당 1일평균
전라남도 여수시,2022-08,29,220,127,92,36145,16349,19796,1대당 1일평균
전라남도 순천시,2022-08,30,219,117,102,38550,15077,23473,1대당 1일평균
전라남도 나주시,2022-08,13,237,88,149,31150,8134,23016,1대당 1일평균
전라남도 광양시,2022-08,20,190,86,104,36188,9806,26382,1대당 1일평균
전라남도 담양군,2022-08,8,176,56,120,26176,5495,20681,1대당 1일평균
전라남도 곡성군,2022-08,4,211,43,168,20272,3841,16431,1대당 1일평균
전라남도 구례군,2022-08,12,206,53,153,34448,4688,29760,1대당 1일평균
전라남도 고흥군,2022-08,7,184,45,139,24029,4272,19758,1대당 1일평균
전라남도 보성군,2022-08,8,193,52,141,19355,4640,14715,1대당 1일평균
전라남도 화순군,2022-08,16,187,67,120,35673,7946,27727,1대당 1일평균
전라남도 장흥군,2022-08,7,203,52,151,23138,4753,18385,1대당 1일평균
전라남도 강진군,2022-08,7,211,43,168,24765,4644,20122,1대당 1일평균
전라남도 해남군,2022-08,15,227,64,164,28061,6426,21635,1대당 1일평균
전라남도 영암군,2022-08,8,203,72,131,18717,6800,11917,1대당 1일평균
전라남도 무안군,2022-08,15,227,84,143,30015,9041,20974,1대당 1일평균
전라남도 함평군,2022-08,3,184,32,152,21145,2953,18191,1대당 1일평균
전라남도 영광군,2022-08,11,217,52,165,38230,5420,32809,1대당 1일평균
전라남도 장성군,2022-08,8,186,51,135,34539,4680,29859,1대당 1일평균
전라남도 완도군,2022-08,14,203,55,147,29251,6089,23162,1대당 1일평균
전라남도 진도군,2022-08,4,213,55,160,22533,4994,17539,1대당 1일평균
전라남도 신안군,2022-08,9,210,65,145,24245,7262,16983,1대당 1일평균
경상북도 포항시,2022-08,21,186,94,101,31214,12519,18695,1대당 1일평균
경상북도 경주시,2022-08,23,233,102,146,35353,11662,23691,1대당 1일평균
경상북도 김천시,2022-08,18,178,83,96,32290,9334,22956,1대당 1일평균
경상북도 안동시,2022-08,24,200,87,113,27107,10943,16164,1대당 1일평균
경상북도 구미시,2022-08,26,220,123,97,35994,15462,20532,1대당 1일평균
경상북도 영주시,2022-08,21,151,58,94,29867,8316,21550,1대당 1일평균
경상북도 영천시,2022-08,19,170,65,106,28124,7884,20240,1대당 1일평균
경상북도 상주시,2022-08,17,144,47,97,34235,6370,27865,1대당 1일평균
경상북도 문경시,2022-08,19,172,63,108,34138,7279,26858,1대당 1일평균
경상북도 경산시,2022-08,20,209,107,101,35159,12872,22287,1대당 1일평균
경상북도 의성군,2022-08,5,190,37,152,23520,3211,20309,1대당 1일평균
경상북도 청송군,2022-08,6,194,54,140,20120,4911,15210,1대당 1일평균
경상북도 영양군,2022-08,4,195,50,145,22569,4708,17861,1대당 1일평균
경상북도 영덕군,2022-08,10,184,61,124,17290,5576,11714,1대당 1일평균
경상북도 청도군,2022-08,8,160,51,110,22349,5406,16943,1대당 1일평균
경상북도 고령군,2022-08,5,262,63,198,35351,5016,30335,1대당 1일평균
경상북도 성주군,2022-08,10,254,80,174,21635,6931,14704,1대당 1일평균
경상북도 칠곡군,2022-08,19,301,127,175,43754,11954,31800,1대당 1일평균
경상북도 예천군,2022-08,9,192,49,142,23731,4449,19282,1대당 1일평균
경상북도 봉화군,2022-08,4,195,38,157,20499,3352,17147,1대당 1일평균
경상북도 울진군,2022-08,12,206,54,152,25177,4751,20425,1대당 1일평균
경상북도 울릉군,2022-08,13,136,52,83,29224,7815,21410,1대당 1일평균
경상남도 창원시,2022-08,23,203,105,109,35315,13179,22136,1대당 1일평균
경상남도 진주시,2022-08,26,203,103,103,33222,12816,20407,1대당 1일평균
경상남도 통영시,2022-08,28,217,103,125,34557,13497,21059,1대당 1일평균
경상남도 사천시,2022-08,23,189,80,109,34698,9259,25439,1대당 1일평균
경상남도 김해시,2022-08,23,199,102,103,34703,13525,21179,1대당 1일평균
경상남도 밀양시,2022-08,17,177,62,115,30131,7171,22960,1대당 1일평균
경상남도 거제시,2022-08,27,219,115,104,37933,13461,24472,1대당 1일평균
경상남도 양산시,2022-08,24,194,100,94,35937,12359,23578,1대당 1일평균
경상남도 의령군,2022-08,5,174,44,130,17370,4118,13252,1대당 1일평균
경상남도 함안군,2022-08,10,187,61,127,26620,6085,20535,1대당 1일평균
경상남도 창녕군,2022-08,6,174,40,134,25089,3892,21197,1대당 1일평균
경상남도 고성군,2022-08,11,181,56,126,27642,5947,21695,1대당 1일평균
경상남도 남해군,2022-08,8,190,45,144,24126,4019,20107,1대당 1일평균
경상남도 하동군,2022-08,5,223,42,181,21669,3903,17766,1대당 1일평균
경상남도 산청군,2022-08,9,212,83,129,19757,7186,12571,1대당 1일평균
경상남도 함양군,2022-08,7,181,38,143,23791,3757,20033,1대당 1일평균
경상남도 거창군,2022-08,15,168,52,116,25452,5900,19552,1대당 1일평균
경상남도 합천군,2022-08,5,201,47,154,21286,4288,16998,1대당 1일평균
제주특별자치도,2022-08,22,234,135,100,34807,15660,19147,1대당 1일평균
서울특별시,2022-09,16,196,123,85,31554,16931,14623,1대당 1일평균
부산광역시,2022-09,21,208,124,86,35014,16147,18867,1대당 1일평균
대구광역시,2022-09,21,194,112,85,31719,14858,16860,1대당 1일평균
인천광역시,2022-09,20,233,144,88,35498,17635,17862,1대당 1일평균
광주광역시,2022-09,25,228,143,86,36543,18171,18373,1대당 1일평균
대전광역시,2022-09,27,215,135,83,34802,18802,16000,1대당 1일평균
울산광역시,2022-09,22,203,112,99,32877,13922,18955,1대당 1일평균
세종특별자치시,2022-09,28,350,182,169,44061,17582,26479,1대당 1일평균
경기도 수원시,2022-09,22,255,158,117,41759,19523,22236,1대당 1일평균
경기도 성남시,2022-09,20,255,141,117,37619,15815,21804,1대당 1일평균
경기도 의정부시,2022-09,27,262,147,134,43234,18950,24284,1대당 1일평균
경기도 안양시,2022-09,23,230,137,93,38074,17700,20374,1대당 1일평균
경기도 부천시,2022-09,19,304,121,400,35990,16201,19789,1대당 1일평균
경기도 광명시,2022-09,14,229,116,114,35926,13408,22517,1대당 1일평균
경기도 평택시,2022-09,27,323,183,141,45938,21562,24376,1대당 1일평균
경기도 동두천시,2022-09,29,227,114,225,40498,13666,26831,1대당 1일평균
경기도 안산시,2022-09,27,255,143,202,40269,18651,21618,1대당 1일평균
경기도 고양시,2022-09,21,304,197,112,46392,21089,25303,1대당 1일평균
경기도 과천시,2022-09,25,272,168,104,42139,19700,22440,1대당 1일평균
경기도 구리시,2022-09,24,290,174,116,41820,19245,22576,1대당 1일평균
경기도 남양주시,2022-09,25,293,175,118,42827,18990,23837,1대당 1일평균
경기도 오산시,2022-09,18,259,156,103,39781,18083,21699,1대당 1일평균
경기도 시흥시,2022-09,20,252,139,113,39206,16042,23164,1대당 1일평균
경기도 군포시,2022-09,21,245,138,107,40006,15700,24306,1대당 1일평균
경기도 의왕시,2022-09,20,230,137,93,35990,15862,20128,1대당 1일평균
경기도 하남시,2022-09,20,279,161,117,39027,17827,21200,1대당 1일평균
경기도 용인시,2022-09,29,371,225,147,50820,24911,25909,1대당 1일평균
경기도 파주시,2022-09,25,360,207,157,44565,19803,24762,1대당 1일평균
경기도 이천시,2022-09,25,290,157,134,43624,16885,26739,1대당 1일평균
경기도 안성시,2022-09,18,255,119,136,37529,12217,25312,1대당 1일평균
경기도 김포시,2022-09,18,288,161,126,39328,15961,23367,1대당 1일평균
경기도 화성시,2022-09,14,322,134,189,45535,13860,31675,1대당 1일평균
경기도 광주시,2022-09,17,267,157,110,36799,15529,21270,1대당 1일평균
경기도 양주시,2022-09,23,255,137,118,37006,15758,21248,1대당 1일평균
경기도 포천시,2022-09,19,277,124,155,34588,12833,21755,1대당 1일평균
경기도 여주시,2022-09,23,257,121,136,39507,12689,26818,1대당 1일평균
경기도 연천군,2022-09,26,352,154,198,39431,13098,26333,1대당 1일평균
경기도 가평군,2022-09,20,286,130,158,33628,11448,22180,1대당 1일평균
경기도 양평군,2022-09,26,310,138,172,45376,13771,31605,1대당 1일평균
강원특별자치도 춘천시,2022-09,27,169,87,82,33066,13604,19462,1대당 1일평균
강원특별자치도 원주시,2022-09,31,215,120,102,37630,15881,21749,1대당 1일평균
강원특별자치도 강릉시,2022-09,27,196,104,92,34051,13935,20116,1대당 1일평균
강원특별자치도 동해시,2022-09,28,192,98,95,36754,11578,25175,1대당 1일평균
강원특별자치도 태백시,2022-09,30,234,105,183,35696,10829,24867,1대당 1일평균
강원특별자치도 속초시,2022-09,26,173,82,105,30977,11194,19782,1대당 1일평균
강원특별자치도 삼척시,2022-09,39,226,107,119,41252,13278,27974,1대당 1일평균
강원특별자치도 홍천군,2022-09,16,220,61,160,37766,5896,31870,1대당 1일평균
강원특별자치도 횡성군,2022-09,16,234,81,153,36762,7517,29245,1대당 1일평균
강원특별자치도 영월군,2022-09,21,206,67,139,33068,7098,25970,1대당 1일평균
강원특별자치도 평창군,2022-09,11,224,85,139,22177,6592,15585,1대당 1일평균
강원특별자치도 정선군,2022-09,19,294,124,184,34461,9308,25153,1대당 1일평균
강원특별자치도 철원군,2022-09,15,218,95,123,31715,8116,23599,1대당 1일평균
강원특별자치도 화천군,2022-09,16,244,103,140,31834,8233,23602,1대당 1일평균
강원특별자치도 양구군,2022-09,17,284,128,156,29917,10588,19328,1대당 1일평균
강원특별자치도 인제군,2022-09,13,257,102,155,29078,7152,21925,1대당 1일평균
강원특별자치도 고성군,2022-09,12,244,93,151,36415,7681,28734,1대당 1일평균
강원특별자치도 양양군,2022-09,15,249,111,138,33287,8848,24439,1대당 1일평균
충청북도 청주시,2022-09,20,190,104,96,31302,14558,16745,1대당 1일평균
충청북도 충주시,2022-09,24,187,87,100,31722,11423,20299,1대당 1일평균
충청북도 제천시,2022-09,,,,,,,,1대당 1일평균
충청북도 보은군,2022-09,5,177,47,130,22402,4788,17614,1대당 1일평균
충청북도 옥천군,2022-09,17,176,61,115,32988,7325,25663,1대당 1일평균
충청북도 영동군,2022-09,15,197,65,133,30600,6400,24200,1대당 1일평균
충청북도 증평군,2022-09,13,202,67,228,32441,7306,25135,1대당 1일평균
충청북도 진천군,2022-09,23,278,130,149,36166,12951,23215,1대당 1일평균
충청북도 괴산군,2022-09,9,259,94,165,27263,8364,18898,1대당 1일평균
충청북도 음성군,2022-09,20,298,121,177,38273,10903,27370,1대당 1일평균
충청북도 단양군,2022-09,,,,,,,,1대당 1일평균
충청남도 천안시,2022-09,31,297,169,131,41897,21537,20360,1대당 1일평균
충청남도 공주시,2022-09,18,227,91,136,35141,9595,25546,1대당 1일평균
충청남도 보령시,2022-09,20,186,79,107,35774,9261,26513,1대당 1일평균
충청남도 아산시,2022-09,26,279,151,186,40936,15953,24983,1대당 1일평균
충청남도 서산시,2022-09,29,243,115,137,46252,14391,31861,1대당 1일평균
충청남도 논산시,2022-09,18,206,89,118,32886,9792,23094,1대당 1일평균
충청남도 계룡시,2022-09,22,251,111,140,34894,10648,24246,1대당 1일평균
충청남도 당진시,2022-09,18,260,102,158,35622,9648,25974,1대당 1일평균
충청남도 금산군,2022-09,,,,,,,,1대당 1일평균
충청남도 부여군,2022-09,11,226,67,159,35419,6546,28873,1대당 1일평균
충청남도 서천군,2022-09,11,224,63,160,30197,5880,24317,1대당 1일평균
충청남도 청양군,2022-09,6,202,58,144,28814,6215,22600,1대당 1일평균
충청남도 홍성군,2022-09,23,211,88,122,35216,9485,25731,1대당 1일평균
충청남도 예산군,2022-09,17,233,81,152,37063,7823,29240,1대당 1일평균
충청남도 태안군,2022-09,13,226,74,152,33300,6634,26666,1대당 1일평균
전북특별자치도 전주시,2022-09,28,204,116,88,36189,17624,18565,1대당 1일평균
전북특별자치도 군산시,2022-09,26,198,101,97,31102,13586,17516,1대당 1일평균
전북특별자치도 익산시,2022-09,26,202,101,103,36204,13003,23201,1대당 1일평균
전북특별자치도 정읍시,2022-09,20,179,70,109,33234,8657,24577,1대당 1일평균
전북특별자치도 남원시,2022-09,19,168,62,107,32259,7538,24721,1대당 1일평균
전북특별자치도 김제시,2022-09,17,175,58,117,27546,7181,20364,1대당 1일평균
전북특별자치도 완주군,2022-09,14,222,94,127,32840,10100,22739,1대당 1일평균
전북특별자치도 진안군,2022-09,8,241,64,177,25658,6296,19362,1대당 1일평균
전북특별자치도 무주군,2022-09,6,192,59,133,19616,5627,13989,1대당 1일평균
전북특별자치도 장수군,2022-09,5,247,53,194,20901,5248,15653,1대당 1일평균
전북특별자치도 임실군,2022-09,7,234,78,156,24461,6915,17546,1대당 1일평균
전북특별자치도 순창군,2022-09,7,196,61,136,24115,5841,18274,1대당 1일평균
전북특별자치도 고창군,2022-09,12,214,71,143,28469,6805,21664,1대당 1일평균
전북특별자치도 부안군,2022-09,9,185,54,140,30110,5362,24747,1대당 1일평균
전라남도 목포시,2022-09,28,201,97,139,33729,14243,19486,1대당 1일평균
전라남도 여수시,2022-09,28,213,118,96,34958,14826,20131,1대당 1일평균
전라남도 순천시,2022-09,30,221,119,102,38148,15180,22967,1대당 1일평균
전라남도 나주시,2022-09,13,248,94,154,30629,8633,21996,1대당 1일평균
전라남도 광양시,2022-09,20,193,88,105,35870,9950,25920,1대당 1일평균
전라남도 담양군,2022-09,8,182,56,126,26018,5397,20621,1대당 1일평균
전라남도 곡성군,2022-09,4,232,50,182,20589,4021,16568,1대당 1일평균
전라남도 구례군,2022-09,11,198,49,148,32062,4365,27697,1대당 1일평균
전라남도 고흥군,2022-09,8,215,54,161,25572,4751,20821,1대당 1일평균
전라남도 보성군,2022-09,8,204,56,149,19668,4827,14842,1대당 1일평균
전라남도 화순군,2022-09,16,189,68,121,35086,8042,27044,1대당 1일평균
전라남도 장흥군,2022-09,7,207,55,152,22339,4894,17445,1대당 1일평균
전라남도 강진군,2022-09,7,217,44,174,24022,4555,19466,1대당 1일평균
전라남도 해남군,2022-09,15,227,65,162,27443,6552,20892,1대당 1일평균
전라남도 영암군,2022-09,8,207,72,135,18651,6723,11927,1대당 1일평균
전라남도 무안군,2022-09,16,237,89,148,30497,9479,21017,1대당 1일평균
전라남도 함평군,2022-09,4,206,39,167,21595,3366,18229,1대당 1일평균
전라남도 영광군,2022-09,12,227,58,169,37428,6086,31342,1대당 1일평균
전라남도 장성군,2022-09,8,195,54,141,34986,4953,30033,1대당 1일평균
전라남도 완도군,2022-09,14,203,57,146,27591,6280,21311,1대당 1일평균
전라남도 진도군,2022-09,5,230,59,258,23052,5359,17693,1대당 1일평균
전라남도 신안군,2022-09,9,205,65,140,23150,7412,15738,1대당 1일평균
경상북도 포항시,2022-09,21,188,98,97,30640,13074,17565,1대당 1일평균
경상북도 경주시,2022-09,21,207,88,121,31432,10105,21328,1대당 1일평균
경상북도 김천시,2022-09,19,187,90,98,32089,10110,21979,1대당 1일평균
경상북도 안동시,2022-09,25,211,95,116,27234,11618,15616,1대당 1일평균
경상북도 구미시,2022-09,25,222,125,97,35478,15647,19830,1대당 1일평균
경상북도 영주시,2022-09,23,159,63,96,29991,9000,20991,1대당 1일평균
경상북도 영천시,2022-09,19,176,68,108,27468,8271,19197,1대당 1일평균
경상북도 상주시,2022-09,17,150,50,100,33973,6569,27404,1대당 1일평균
경상북도 문경시,2022-09,19,182,67,115,34136,7671,26465,1대당 1일평균
경상북도 경산시,2022-09,22,233,124,112,37114,14691,22423,1대당 1일평균
경상북도 의성군,2022-09,5,201,38,162,23556,3391,20165,1대당 1일평균
경상북도 청송군,2022-09,6,204,58,147,20615,5106,15509,1대당 1일평균
경상북도 영양군,2022-09,4,201,50,150,21985,4785,17200,1대당 1일평균
경상북도 영덕군,2022-09,9,178,57,121,16272,5076,11196,1대당 1일평균
경상북도 청도군,2022-09,8,163,51,111,21234,5238,15996,1대당 1일평균
경상북도 고령군,2022-09,5,286,65,221,32669,4933,27736,1대당 1일평균
경상북도 성주군,2022-09,10,254,79,176,21202,6866,14336,1대당 1일평균
경상북도 칠곡군,2022-09,20,312,137,175,43763,12897,30867,1대당 1일평균
경상북도 예천군,2022-09,9,199,52,148,23434,4572,18862,1대당 1일평균
경상북도 봉화군,2022-09,4,203,36,167,19909,2986,16923,1대당 1일평균
경상북도 울진군,2022-09,11,212,55,156,24283,4724,19559,1대당 1일평균
경상북도 울릉군,2022-09,10,109,37,72,23513,5437,18076,1대당 1일평균
경상남도 창원시,2022-09,23,206,108,103,34859,13666,21193,1대당 1일평균
경상남도 진주시,2022-09,26,209,109,105,32918,13435,19483,1대당 1일평균
경상남도 통영시,2022-09,27,218,101,118,34204,12927,21277,1대당 1일평균
경상남도 사천시,2022-09,24,197,84,113,34588,9745,24843,1대당 1일평균
경상남도 김해시,2022-09,23,199,102,97,34520,13628,20892,1대당 1일평균
경상남도 밀양시,2022-09,18,184,67,116,29954,7818,22136,1대당 1일평균
경상남도 거제시,2022-09,26,215,112,103,37256,13135,24121,1대당 1일평균
경상남도 양산시,2022-09,24,198,103,96,35679,12584,23095,1대당 1일평균
경상남도 의령군,2022-09,6,196,54,143,18070,4648,13422,1대당 1일평균
경상남도 함안군,2022-09,11,200,71,129,26762,7107,19655,1대당 1일평균
경상남도 창녕군,2022-09,6,181,43,137,24928,4175,20753,1대당 1일평균
경상남도 고성군,2022-09,11,184,59,126,26957,6224,20734,1대당 1일평균
경상남도 남해군,2022-09,8,186,45,141,22092,4005,18087,1대당 1일평균
경상남도 하동군,2022-09,4,230,42,188,20930,3876,17054,1대당 1일평균
경상남도 산청군,2022-09,9,219,83,136,19742,6866,12876,1대당 1일평균
경상남도 함양군,2022-09,7,185,40,145,23294,3902,19392,1대당 1일평균
경상남도 거창군,2022-09,17,181,57,124,25502,6416,19086,1대당 1일평균
경상남도 합천군,2022-09,5,205,48,158,20667,4412,16255,1대당 1일평균
제주특별자치도,2022-09,20,217,119,99,32872,14021,18851,1대당 1일평균
서울특별시,2022-10,17,210,130,177,33142,17198,15944,1대당 1일평균
부산광역시,2022-10,21,212,125,91,35148,16104,19044,1대당 1일평균
대구광역시,2022-10,20,195,111,85,31852,14623,17229,1대당 1일평균
인천광역시,2022-10,20,235,145,90,35410,17428,17982,1대당 1일평균
광주광역시,2022-10,25,228,141,87,36437,17852,18585,1대당 1일평균
대전광역시,2022-10,27,217,136,85,34830,18653,16177,1대당 1일평균
울산광역시,2022-10,21,202,109,102,32766,13472,19293,1대당 1일평균
세종특별자치시,2022-10,27,339,175,164,42787,17195,25592,1대당 1일평균
경기도 수원시,2022-10,22,256,159,117,41759,19533,22226,1대당 1일평균
경기도 성남시,2022-10,20,257,141,119,37396,15531,21866,1대당 1일평균
경기도 의정부시,2022-10,27,266,148,131,43481,18797,24685,1대당 1일평균
경기도 안양시,2022-10,23,232,138,94,37890,17516,20374,1대당 1일평균
경기도 부천시,2022-10,19,303,122,454,35738,15923,19815,1대당 1일평균
경기도 광명시,2022-10,13,232,116,116,35584,13150,22434,1대당 1일평균
경기도 평택시,2022-10,29,305,174,131,44577,20416,24161,1대당 1일평균
경기도 동두천시,2022-10,28,220,109,146,40384,13306,27078,1대당 1일평균
경기도 안산시,2022-10,26,255,143,204,39725,18516,21209,1대당 1일평균
경기도 고양시,2022-10,21,304,195,114,46271,20830,25441,1대당 1일평균
경기도 과천시,2022-10,24,269,165,104,41959,19327,22631,1대당 1일평균
경기도 구리시,2022-10,24,290,172,118,41712,18936,22776,1대당 1일평균
경기도 남양주시,2022-10,25,299,178,121,43487,19349,24138,1대당 1일평균
경기도 오산시,2022-10,18,253,155,99,39430,17997,21433,1대당 1일평균
경기도 시흥시,2022-10,19,251,140,111,38674,15869,22805,1대당 1일평균
경기도 군포시,2022-10,22,257,144,113,41611,16340,25271,1대당 1일평균
경기도 의왕시,2022-10,21,237,140,97,36469,15877,20592,1대당 1일평균
경기도 하남시,2022-10,20,283,162,121,38831,17485,21345,1대당 1일평균
경기도 용인시,2022-10,28,371,224,147,50184,24353,25832,1대당 1일평균
경기도 파주시,2022-10,25,361,208,167,44469,19703,24765,1대당 1일평균
경기도 이천시,2022-10,25,288,154,134,43421,16651,26771,1대당 1일평균
경기도 안성시,2022-10,18,247,116,130,35881,11709,24172,1대당 1일평균
경기도 김포시,2022-10,17,289,163,126,39831,15987,23844,1대당 1일평균
경기도 화성시,2022-10,16,320,149,171,46052,15510,30541,1대당 1일평균
경기도 광주시,2022-10,16,261,151,110,36318,14839,21479,1대당 1일평균
경기도 양주시,2022-10,23,259,140,119,37707,15938,21769,1대당 1일평균
경기도 포천시,2022-10,18,266,119,148,34134,12388,21746,1대당 1일평균
경기도 여주시,2022-10,23,248,116,131,38007,12212,25795,1대당 1일평균
경기도 연천군,2022-10,23,323,137,185,41822,11935,29887,1대당 1일평균
경기도 가평군,2022-10,21,287,132,156,34374,12175,22199,1대당 1일평균
경기도 양평군,2022-10,26,311,139,172,45437,13861,31575,1대당 1일평균
강원특별자치도 춘천시,2022-10,26,167,85,82,32699,13072,19627,1대당 1일평균
강원특별자치도 원주시,2022-10,30,212,117,95,37069,15551,21518,1대당 1일평균
강원특별자치도 강릉시,2022-10,27,194,103,92,33948,13998,19949,1대당 1일평균
강원특별자치도 동해시,2022-10,27,186,93,93,36465,11028,25438,1대당 1일평균
강원특별자치도 태백시,2022-10,29,229,101,174,35367,10549,24818,1대당 1일평균
강원특별자치도 속초시,2022-10,26,175,84,100,31602,11840,19762,1대당 1일평균
강원특별자치도 삼척시,2022-10,39,221,105,115,40612,13248,27363,1대당 1일평균
강원특별자치도 홍천군,2022-10,15,208,55,152,37453,5492,31961,1대당 1일평균
강원특별자치도 횡성군,2022-10,16,233,82,151,36632,7659,28973,1대당 1일평균
강원특별자치도 영월군,2022-10,21,206,66,140,33107,7025,26081,1대당 1일평균
강원특별자치도 평창군,2022-10,11,237,91,146,23540,7215,16325,1대당 1일평균
강원특별자치도 정선군,2022-10,18,287,120,195,34997,9000,25997,1대당 1일평균
강원특별자치도 철원군,2022-10,19,240,112,128,33832,10180,23651,1대당 1일평균
강원특별자치도 화천군,2022-10,15,229,96,133,32210,7886,24325,1대당 1일평균
강원특별자치도 양구군,2022-10,16,275,124,150,29424,10283,19141,1대당 1일평균
강원특별자치도 인제군,2022-10,12,258,102,156,30066,7277,22788,1대당 1일평균
강원특별자치도 고성군,2022-10,12,244,94,149,37281,8115,29167,1대당 1일평균
강원특별자치도 양양군,2022-10,12,257,90,166,34584,7555,27030,1대당 1일평균
충청북도 청주시,2022-10,20,190,103,96,31285,14236,17049,1대당 1일평균
충청북도 충주시,2022-10,24,185,86,99,31364,11247,20116,1대당 1일평균
충청북도 제천시,2022-10,,,,,,,,1대당 1일평균
충청북도 보은군,2022-10,6,185,49,135,23536,5050,18486,1대당 1일평균
충청북도 옥천군,2022-10,16,170,57,113,31948,6904,25044,1대당 1일평균
충청북도 영동군,2022-10,15,201,66,135,31231,6529,24702,1대당 1일평균
충청북도 증평군,2022-10,13,202,68,342,31930,7299,24631,1대당 1일평균
충청북도 진천군,2022-10,24,281,134,146,36303,13183,23119,1대당 1일평균
충청북도 괴산군,2022-10,9,252,90,162,26798,8076,18722,1대당 1일평균
충청북도 음성군,2022-10,19,285,115,170,37189,10385,26804,1대당 1일평균
충청북도 단양군,2022-10,,,,,,,,1대당 1일평균
충청남도 천안시,2022-10,31,296,170,128,41854,21348,20506,1대당 1일평균
충청남도 공주시,2022-10,18,232,93,139,35772,9863,25909,1대당 1일평균
충청남도 보령시,2022-10,19,180,77,103,35183,8934,26248,1대당 1일평균
충청남도 아산시,2022-10,26,279,150,229,40901,15889,25013,1대당 1일평균
충청남도 서산시,2022-10,29,238,113,125,45482,14194,31288,1대당 1일평균
충청남도 논산시,2022-10,18,208,89,119,32909,9671,23239,1대당 1일평균
충청남도 계룡시,2022-10,22,261,120,141,35153,11752,23402,1대당 1일평균
충청남도 당진시,2022-10,18,255,99,156,35150,9344,25806,1대당 1일평균
충청남도 금산군,2022-10,,,,,,,,1대당 1일평균
충청남도 부여군,2022-10,11,216,65,151,35758,6548,29210,1대당 1일평균
충청남도 서천군,2022-10,10,219,58,161,28871,5402,23469,1대당 1일평균
충청남도 청양군,2022-10,5,174,50,125,25219,5120,20099,1대당 1일평균
충청남도 홍성군,2022-10,22,203,83,120,34176,9029,25146,1대당 1일평균
충청남도 예산군,2022-10,17,223,78,145,36211,7750,28462,1대당 1일평균
충청남도 태안군,2022-10,13,222,70,151,32975,6448,26526,1대당 1일평균
전북특별자치도 전주시,2022-10,28,205,117,88,36029,17619,18410,1대당 1일평균
전북특별자치도 군산시,2022-10,26,195,98,99,30708,13235,17473,1대당 1일평균
전북특별자치도 익산시,2022-10,25,199,97,102,35706,12607,23099,1대당 1일평균
전북특별자치도 정읍시,2022-10,20,179,69,110,32992,8531,24461,1대당 1일평균
전북특별자치도 남원시,2022-10,18,167,60,106,32368,7256,25112,1대당 1일평균
전북특별자치도 김제시,2022-10,15,169,55,114,26488,6556,19932,1대당 1일평균
전북특별자치도 완주군,2022-10,13,217,91,126,32484,9804,22680,1대당 1일평균
전북특별자치도 진안군,2022-10,8,243,66,176,25529,6279,19250,1대당 1일평균
전북특별자치도 무주군,2022-10,6,199,60,139,20296,5542,14754,1대당 1일평균
전북특별자치도 장수군,2022-10,5,244,49,195,20618,4606,16012,1대당 1일평균
전북특별자치도 임실군,2022-10,7,223,77,146,23317,6829,16488,1대당 1일평균
전북특별자치도 순창군,2022-10,7,204,62,142,25017,6070,18947,1대당 1일평균
전북특별자치도 고창군,2022-10,12,213,70,143,28048,6804,21244,1대당 1일평균
전북특별자치도 부안군,2022-10,9,180,52,138,28771,5137,23634,1대당 1일평균
전라남도 목포시,2022-10,29,206,102,132,33947,14919,19027,1대당 1일평균
전라남도 여수시,2022-10,28,220,122,98,35471,15277,20194,1대당 1일평균
전라남도 순천시,2022-10,30,228,123,105,38716,15551,23165,1대당 1일평균
전라남도 나주시,2022-10,13,246,92,153,30457,8375,22082,1대당 1일평균
전라남도 광양시,2022-10,19,194,87,107,35561,9670,25892,1대당 1일평균
전라남도 담양군,2022-10,8,179,55,124,26332,5340,20992,1대당 1일평균
전라남도 곡성군,2022-10,4,215,43,172,18498,3352,15146,1대당 1일평균
전라남도 구례군,2022-10,11,209,55,154,33255,4815,28440,1대당 1일평균
전라남도 고흥군,2022-10,7,196,48,149,24103,4418,19685,1대당 1일평균
전라남도 보성군,2022-10,8,198,56,142,19185,4725,14460,1대당 1일평균
전라남도 화순군,2022-10,16,186,66,119,35634,8008,27626,1대당 1일평균
전라남도 장흥군,2022-10,6,199,51,148,21824,4453,17371,1대당 1일평균
전라남도 강진군,2022-10,7,209,44,166,22587,4696,17891,1대당 1일평균
전라남도 해남군,2022-10,14,230,66,164,27020,6490,20529,1대당 1일평균
전라남도 영암군,2022-10,9,218,77,141,19154,7137,12017,1대당 1일평균
전라남도 무안군,2022-10,16,239,93,147,30073,9837,20236,1대당 1일평균
전라남도 함평군,2022-10,4,192,37,156,20933,3123,17810,1대당 1일평균
전라남도 영광군,2022-10,11,209,53,156,36365,5442,30924,1대당 1일평균
전라남도 장성군,2022-10,8,187,52,135,34393,4854,29539,1대당 1일평균
전라남도 완도군,2022-10,14,205,58,147,27646,6306,21340,1대당 1일평균
전라남도 진도군,2022-10,5,247,63,258,23785,5505,18280,1대당 1일평균
전라남도 신안군,2022-10,9,201,65,136,22707,7469,15238,1대당 1일평균
경상북도 포항시,2022-10,21,187,94,98,30569,12473,18096,1대당 1일평균
경상북도 경주시,2022-10,23,218,101,118,32702,11476,21226,1대당 1일평균
경상북도 김천시,2022-10,19,187,89,98,31852,9996,21856,1대당 1일평균
경상북도 안동시,2022-10,25,207,95,113,26992,11679,15312,1대당 1일평균
경상북도 구미시,2022-10,25,222,125,97,35450,15571,19879,1대당 1일평균
경상북도 영주시,2022-10,22,159,62,97,29034,8805,20229,1대당 1일평균
경상북도 영천시,2022-10,19,174,67,108,27196,8073,19123,1대당 1일평균
경상북도 상주시,2022-10,17,151,50,100,33599,6640,26958,1대당 1일평균
경상북도 문경시,2022-10,18,177,65,112,33904,7397,26507,1대당 1일평균
경상북도 경산시,2022-10,21,221,116,105,35925,13688,22237,1대당 1일평균
경상북도 의성군,2022-10,5,192,37,155,22926,3274,19652,1대당 1일평균
경상북도 청송군,2022-10,6,217,60,156,22197,5231,16966,1대당 1일평균
경상북도 영양군,2022-10,4,205,48,157,20542,4432,16110,1대당 1일평균
경상북도 영덕군,2022-10,10,184,59,125,16722,5304,11418,1대당 1일평균
경상북도 청도군,2022-10,8,171,54,116,21960,5452,16508,1대당 1일평균
경상북도 고령군,2022-10,5,285,64,221,30414,4714,25700,1대당 1일평균
경상북도 성주군,2022-10,10,241,77,164,20819,6792,14027,1대당 1일평균
경상북도 칠곡군,2022-10,18,251,107,144,37056,10217,26839,1대당 1일평균
경상북도 예천군,2022-10,9,200,51,149,23220,4524,18696,1대당 1일평균
경상북도 봉화군,2022-10,4,187,34,153,19585,2690,16895,1대당 1일평균
경상북도 울진군,2022-10,12,219,56,164,24698,4843,19855,1대당 1일평균
경상북도 울릉군,2022-10,11,122,42,80,26600,6589,20011,1대당 1일평균
경상남도 창원시,2022-10,22,199,105,96,33341,13273,20068,1대당 1일평균
경상남도 진주시,2022-10,26,208,108,102,32826,13638,19187,1대당 1일평균
경상남도 통영시,2022-10,26,217,98,119,34326,12556,21770,1대당 1일평균
경상남도 사천시,2022-10,22,191,80,111,34135,9201,24934,1대당 1일평균
경상남도 김해시,2022-10,22,198,100,98,34606,13188,21417,1대당 1일평균
경상남도 밀양시,2022-10,17,178,64,114,29721,7308,22413,1대당 1일평균
경상남도 거제시,2022-10,26,215,111,104,37646,12890,24756,1대당 1일평균
경상남도 양산시,2022-10,23,196,101,95,35707,12316,23390,1대당 1일평균
경상남도 의령군,2022-10,6,185,51,134,17085,4356,12729,1대당 1일평균
경상남도 함안군,2022-10,9,190,62,128,25785,6167,19617,1대당 1일평균
경상남도 창녕군,2022-10,6,175,40,135,24117,3895,20222,1대당 1일평균
경상남도 고성군,2022-10,10,182,56,127,26276,5767,20509,1대당 1일평균
경상남도 남해군,2022-10,7,181,44,137,21130,3813,17317,1대당 1일평균
경상남도 하동군,2022-10,4,232,44,189,20810,3921,16889,1대당 1일평균
경상남도 산청군,2022-10,8,221,84,137,19768,7069,12700,1대당 1일평균
경상남도 함양군,2022-10,7,190,41,149,23477,3790,19687,1대당 1일평균
경상남도 거창군,2022-10,16,175,54,121,25239,6159,19079,1대당 1일평균
경상남도 합천군,2022-10,4,203,46,157,20590,4272,16318,1대당 1일평균
제주특별자치도,2022-10,21,227,124,103,33785,14677,19108,1대당 1일평균
서울특별시,2022-11,17,213,129,215,33833,17038,16795,1대당 1일평균
부산광역시,2022-11,21,208,120,93,35223,15589,19633,1대당 1일평균
대구광역시,2022-11,20,191,108,84,32111,14348,17762,1대당 1일평균
인천광역시,2022-11,20,235,143,92,35774,17238,18536,1대당 1일평균
광주광역시,2022-11,24,223,137,88,36317,17429,18888,1대당 1일평균
대전광역시,2022-11,27,216,133,83,34986,18315,16671,1대당 1일평균
울산광역시,2022-11,21,200,108,102,32772,13190,19582,1대당 1일평균
세종특별자치시,2022-11,28,352,182,169,44063,17641,26422,1대당 1일평균
경기도 수원시,2022-11,22,254,156,116,41891,19213,22678,1대당 1일평균
경기도 성남시,2022-11,19,255,137,121,37787,15227,22560,1대당 1일평균
경기도 의정부시,2022-11,27,261,145,120,43430,18715,24715,1대당 1일평균
경기도 안양시,2022-11,22,229,134,95,37857,16971,20886,1대당 1일평균
경기도 부천시,2022-11,19,308,121,457,36490,15867,20623,1대당 1일평균
경기도 광명시,2022-11,13,230,112,118,36138,12678,23460,1대당 1일평균
경기도 평택시,2022-11,30,283,158,126,43470,18762,24708,1대당 1일평균
경기도 동두천시,2022-11,26,200,97,102,39446,12024,27423,1대당 1일평균
경기도 안산시,2022-11,26,252,139,206,39311,18230,21081,1대당 1일평균
경기도 고양시,2022-11,21,301,191,115,46976,20605,26371,1대당 1일평균
경기도 과천시,2022-11,24,266,161,119,41678,18660,23018,1대당 1일평균
경기도 구리시,2022-11,23,290,171,119,42237,18771,23465,1대당 1일평균
경기도 남양주시,2022-11,24,296,174,122,43417,18852,24565,1대당 1일평균
경기도 오산시,2022-11,18,255,154,102,40261,17983,22278,1대당 1일평균
경기도 시흥시,2022-11,20,250,139,111,39007,15870,23137,1대당 1일평균
경기도 군포시,2022-11,22,255,143,112,42325,16430,25895,1대당 1일평균
경기도 의왕시,2022-11,20,234,137,97,36953,15289,21663,1대당 1일평균
경기도 하남시,2022-11,20,284,160,124,39653,17212,22442,1대당 1일평균
경기도 용인시,2022-11,17,262,133,129,37224,14612,22613,1대당 1일평균
경기도 파주시,2022-11,24,347,199,160,44119,19000,25119,1대당 1일평균
경기도 이천시,2022-11,25,287,152,165,44114,16333,27781,1대당 1일평균
경기도 안성시,2022-11,18,243,113,130,36655,11389,25266,1대당 1일평균
경기도 김포시,2022-11,17,281,156,126,39359,15366,23993,1대당 1일평균
경기도 화성시,2022-11,16,318,151,167,47185,15867,31318,1대당 1일평균
경기도 광주시,2022-11,16,255,145,110,36362,14355,22007,1대당 1일평균
경기도 양주시,2022-11,23,256,137,119,37689,15477,22212,1대당 1일평균
경기도 포천시,2022-11,18,262,117,214,35183,12063,23120,1대당 1일평균
경기도 여주시,2022-11,22,240,113,127,37608,11763,25846,1대당 1일평균
경기도 연천군,2022-11,23,326,133,193,43589,11181,32408,1대당 1일평균
경기도 가평군,2022-11,20,279,124,154,34337,11045,23293,1대당 1일평균
경기도 양평군,2022-11,25,300,134,166,44549,13180,31369,1대당 1일평균
강원특별자치도 춘천시,2022-11,26,165,83,82,32728,12796,19932,1대당 1일평균
강원특별자치도 원주시,2022-11,30,209,115,96,36995,15202,21792,1대당 1일평균
강원특별자치도 강릉시,2022-11,26,183,95,89,33366,12855,20511,1대당 1일평균
강원특별자치도 동해시,2022-11,24,173,83,90,35425,9784,25641,1대당 1일평균
강원특별자치도 태백시,2022-11,28,226,99,127,35286,10181,25106,1대당 1일평균
강원특별자치도 속초시,2022-11,25,166,76,96,30720,10552,20167,1대당 1일평균
강원특별자치도 삼척시,2022-11,37,212,99,120,39818,12421,27397,1대당 1일평균
강원특별자치도 홍천군,2022-11,14,195,51,144,36320,5132,31188,1대당 1일평균
강원특별자치도 횡성군,2022-11,14,217,74,143,36207,6886,29321,1대당 1일평균
강원특별자치도 영월군,2022-11,20,197,62,134,33176,6560,26616,1대당 1일평균
강원특별자치도 평창군,2022-11,10,196,72,124,20458,5627,14831,1대당 1일평균
강원특별자치도 정선군,2022-11,17,272,111,161,35016,8181,26835,1대당 1일평균
강원특별자치도 철원군,2022-11,16,209,93,116,31478,8075,23403,1대당 1일평균
강원특별자치도 화천군,2022-11,15,212,90,122,31148,7506,23642,1대당 1일평균
강원특별자치도 양구군,2022-11,16,264,119,145,29183,9785,19398,1대당 1일평균
강원특별자치도 인제군,2022-11,12,225,87,139,27802,6265,21537,1대당 1일평균
강원특별자치도 고성군,2022-11,11,223,85,138,36662,7074,29587,1대당 1일평균
강원특별자치도 양양군,2022-11,11,178,68,110,30299,6001,24298,1대당 1일평균
충청북도 청주시,2022-11,20,188,102,98,31323,14052,17270,1대당 1일평균
충청북도 충주시,2022-11,23,181,82,98,31376,10791,20586,1대당 1일평균
충청북도 제천시,2022-11,19,178,63,115,30185,8303,21882,1대당 1일평균
충청북도 보은군,2022-11,6,185,50,135,24016,5009,19007,1대당 1일평균
충청북도 옥천군,2022-11,16,167,56,111,32276,6809,25467,1대당 1일평균
충청북도 영동군,2022-11,14,191,61,130,31350,6080,25270,1대당 1일평균
충청북도 증평군,2022-11,13,196,64,241,32364,6946,25418,1대당 1일평균
충청북도 진천군,2022-11,23,268,128,140,35864,12580,23283,1대당 1일평균
충청북도 괴산군,2022-11,9,253,89,164,27571,7978,19592,1대당 1일평균
충청북도 음성군,2022-11,19,278,112,166,37235,10194,27041,1대당 1일평균
충청북도 단양군,2022-11,,,,,,,,1대당 1일평균
충청남도 천안시,2022-11,30,292,166,127,41435,20980,20455,1대당 1일평균
충청남도 공주시,2022-11,17,226,89,137,35596,9147,26449,1대당 1일평균
충청남도 보령시,2022-11,18,176,74,103,35083,8546,26538,1대당 1일평균
충청남도 아산시,2022-11,25,274,148,260,40452,15751,24700,1대당 1일평균
충청남도 서산시,2022-11,28,229,109,144,45012,13713,31299,1대당 1일평균
충청남도 논산시,2022-11,17,200,85,115,32355,9290,23065,1대당 1일평균
충청남도 계룡시,2022-11,20,234,103,132,34289,10488,23801,1대당 1일평균
충청남도 당진시,2022-11,18,255,99,168,35523,9357,26166,1대당 1일평균
충청남도 금산군,2022-11,,,,,,,,1대당 1일평균
충청남도 부여군,2022-11,11,217,69,148,35006,6514,28492,1대당 1일평균
충청남도 서천군,2022-11,10,212,60,152,29094,5384,23710,1대당 1일평균
충청남도 청양군,2022-11,6,192,48,144,26010,4956,21054,1대당 1일평균
충청남도 홍성군,2022-11,21,196,80,116,33794,8669,25126,1대당 1일평균
충청남도 예산군,2022-11,17,222,76,161,36381,7495,28886,1대당 1일평균
충청남도 태안군,2022-11,13,209,65,144,33253,6075,27179,1대당 1일평균
전북특별자치도 전주시,2022-11,27,197,109,89,35165,16568,18597,1대당 1일평균
전북특별자치도 군산시,2022-11,24,186,92,100,29986,12448,17539,1대당 1일평균
전북특별자치도 익산시,2022-11,25,196,95,101,35666,12274,23392,1대당 1일평균
전북특별자치도 정읍시,2022-11,20,181,71,110,33030,8899,24131,1대당 1일평균
전북특별자치도 남원시,2022-11,18,165,59,106,32149,7213,24936,1대당 1일평균
전북특별자치도 김제시,2022-11,15,164,52,117,26616,6200,20417,1대당 1일평균
전북특별자치도 완주군,2022-11,13,218,90,134,32811,9737,23074,1대당 1일평균
전북특별자치도 진안군,2022-11,8,231,61,170,25822,5915,19907,1대당 1일평균
전북특별자치도 무주군,2022-11,6,178,52,126,19669,5140,14529,1대당 1일평균
전북특별자치도 장수군,2022-11,5,247,50,196,20778,4804,15974,1대당 1일평균
전북특별자치도 임실군,2022-11,7,228,77,151,23987,6737,17250,1대당 1일평균
전북특별자치도 순창군,2022-11,7,200,58,141,24742,5622,19120,1대당 1일평균
전북특별자치도 고창군,2022-11,12,213,69,144,28394,6635,21758,1대당 1일평균
전북특별자치도 부안군,2022-11,9,180,50,137,29527,5252,24275,1대당 1일평균
전라남도 목포시,2022-11,26,191,90,126,32453,13384,19069,1대당 1일평균
전라남도 여수시,2022-11,27,210,113,98,34622,14148,20473,1대당 1일평균
전라남도 순천시,2022-11,29,221,118,103,38162,15153,23009,1대당 1일평균
전라남도 나주시,2022-11,13,247,93,155,30784,8428,22355,1대당 1일평균
전라남도 광양시,2022-11,19,192,86,106,35848,9678,26170,1대당 1일평균
전라남도 담양군,2022-11,8,176,54,123,25840,5144,20696,1대당 1일평균
전라남도 곡성군,2022-11,3,216,42,173,19144,3241,15903,1대당 1일평균
전라남도 구례군,2022-11,11,184,47,137,31938,4190,27748,1대당 1일평균
전라남도 고흥군,2022-11,7,198,46,151,24756,4331,20425,1대당 1일평균
전라남도 보성군,2022-11,8,204,58,146,19826,4957,14869,1대당 1일평균
전라남도 화순군,2022-11,16,186,67,119,35753,7940,27813,1대당 1일평균
전라남도 장흥군,2022-11,6,200,52,148,23234,4603,18631,1대당 1일평균
전라남도 강진군,2022-11,7,213,43,170,23312,4722,18591,1대당 1일평균
전라남도 해남군,2022-11,15,235,68,167,27853,6625,21229,1대당 1일평균
전라남도 영암군,2022-11,9,214,73,141,19194,6768,12427,1대당 1일평균
전라남도 무안군,2022-11,16,242,93,149,30952,9869,21083,1대당 1일평균
전라남도 함평군,2022-11,4,202,37,165,21712,3069,18643,1대당 1일평균
전라남도 영광군,2022-11,12,206,54,152,36470,5758,30712,1대당 1일평균
전라남도 장성군,2022-11,8,186,51,136,34473,4604,29869,1대당 1일평균
전라남도 완도군,2022-11,14,202,57,145,27767,6283,21483,1대당 1일평균
전라남도 진도군,2022-11,5,246,64,238,23786,5606,18180,1대당 1일평균
전라남도 신안군,2022-11,9,192,61,131,21730,7035,14695,1대당 1일평균
경상북도 포항시,2022-11,20,183,92,96,30290,12257,18033,1대당 1일평균
경상북도 경주시,2022-11,22,206,92,115,31931,10556,21375,1대당 1일평균
경상북도 김천시,2022-11,18,185,86,99,31698,9576,22122,1대당 1일평균
경상북도 안동시,2022-11,24,204,91,114,27336,11198,16138,1대당 1일평균
경상북도 구미시,2022-11,25,221,124,97,35754,15540,20213,1대당 1일평균
경상북도 영주시,2022-11,21,153,59,95,29398,8485,20913,1대당 1일평균
경상북도 영천시,2022-11,18,168,64,109,27829,7847,19982,1대당 1일평균
경상북도 상주시,2022-11,16,148,48,100,33423,6422,27001,1대당 1일평균
경상북도 문경시,2022-11,18,170,62,108,33059,7070,25990,1대당 1일평균
경상북도 경산시,2022-11,22,221,118,103,35972,13984,21988,1대당 1일평균
경상북도 의성군,2022-11,5,195,38,156,23631,3355,20277,1대당 1일평균
경상북도 청송군,2022-11,6,208,56,152,21860,4849,17011,1대당 1일평균
경상북도 영양군,2022-11,4,208,45,162,21771,4236,17535,1대당 1일평균
경상북도 영덕군,2022-11,9,169,55,114,15536,4853,10683,1대당 1일평균
경상북도 청도군,2022-11,7,161,48,113,21135,4875,16260,1대당 1일평균
경상북도 고령군,2022-11,4,227,55,172,26766,4014,22752,1대당 1일평균
경상북도 성주군,2022-11,10,232,75,158,20547,6814,13733,1대당 1일평균
경상북도 칠곡군,2022-11,18,233,97,136,35208,9626,25582,1대당 1일평균
경상북도 예천군,2022-11,9,200,50,150,24136,4421,19715,1대당 1일평균
경상북도 봉화군,2022-11,3,179,31,147,20104,2494,17611,1대당 1일평균
경상북도 울진군,2022-11,11,201,52,149,23994,4506,19488,1대당 1일평균
경상북도 울릉군,2022-11,9,87,28,59,20321,4300,16021,1대당 1일평균
경상남도 창원시,2022-11,20,193,96,104,33333,12182,21151,1대당 1일평균
경상남도 진주시,2022-11,24,201,101,105,32783,12465,20318,1대당 1일평균
경상남도 통영시,2022-11,25,214,93,121,34198,11885,22313,1대당 1일평균
경상남도 사천시,2022-11,22,187,77,110,33843,8821,25023,1대당 1일평균
경상남도 김해시,2022-11,22,195,97,98,34696,12927,21769,1대당 1일평균
경상남도 밀양시,2022-11,17,177,64,117,29678,7314,22364,1대당 1일평균
경상남도 거제시,2022-11,25,211,108,103,37773,12623,25150,1대당 1일평균
경상남도 양산시,2022-11,23,190,98,94,36045,12010,24035,1대당 1일평균
경상남도 의령군,2022-11,6,183,51,132,17153,4507,12647,1대당 1일평균
경상남도 함안군,2022-11,9,181,59,121,25559,5850,19709,1대당 1일평균
경상남도 창녕군,2022-11,6,175,40,135,23841,3773,20068,1대당 1일평균
경상남도 고성군,2022-11,10,181,55,126,26411,5637,20774,1대당 1일평균
경상남도 남해군,2022-11,8,174,49,126,21665,4226,17439,1대당 1일평균
경상남도 하동군,2022-11,4,228,43,185,20690,3779,16911,1대당 1일평균
경상남도 산청군,2022-11,8,193,76,117,17832,6531,11301,1대당 1일평균
경상남도 함양군,2022-11,6,169,33,136,22766,3186,19579,1대당 1일평균
경상남도 거창군,2022-11,16,170,52,118,25078,5861,19217,1대당 1일평균
경상남도 합천군,2022-11,4,200,46,154,20434,4522,15912,1대당 1일평균
제주특별자치도,2022-11,20,218,117,105,33201,13974,19228,1대당 1일평균
서울특별시,2022-12,16,214,129,219,34586,16776,17810,1대당 1일평균
부산광역시,2022-12,20,208,117,94,35613,15295,20318,1대당 1일평균
대구광역시,2022-12,20,194,110,84,33248,14716,18533,1대당 1일평균
인천광역시,2022-12,20,233,143,91,36406,17281,19125,1대당 1일평균
광주광역시,2022-12,23,215,134,81,36727,17924,18804,1대당 1일평균
대전광역시,2022-12,27,211,132,82,34892,18340,16552,1대당 1일평균
울산광역시,2022-12,20,194,105,99,32522,13072,19450,1대당 1일평균
세종특별자치시,2022-12,28,339,177,162,44035,17696,26339,1대당 1일평균
경기도 수원시,2022-12,22,249,154,111,42287,19129,23159,1대당 1일평균
경기도 성남시,2022-12,20,254,139,118,38684,15619,23065,1대당 1일평균
경기도 의정부시,2022-12,28,262,148,115,44426,19498,24928,1대당 1일평균
경기도 안양시,2022-12,25,273,163,109,42216,19808,22408,1대당 1일평균
경기도 부천시,2022-12,19,305,121,1158,36463,16015,20448,1대당 1일평균
경기도 광명시,2022-12,12,229,107,121,37525,11925,25600,1대당 1일평균
경기도 평택시,2022-12,30,272,153,132,42044,18463,23581,1대당 1일평균
경기도 동두천시,2022-12,28,213,103,145,40561,12658,27903,1대당 1일평균
경기도 안산시,2022-12,27,247,139,174,39781,18565,21216,1대당 1일평균
경기도 고양시,2022-12,21,299,193,114,46940,21025,25915,1대당 1일평균
경기도 과천시,2022-12,25,270,167,103,43157,19639,23518,1대당 1일평균
경기도 구리시,2022-12,24,285,170,115,42595,18957,23639,1대당 1일평균
경기도 남양주시,2022-12,25,294,175,118,43688,19140,24549,1대당 1일평균
경기도 오산시,2022-12,18,250,152,98,39797,17866,21931,1대당 1일평균
경기도 시흥시,2022-12,21,251,143,113,39753,16493,23261,1대당 1일평균
경기도 군포시,2022-12,23,255,148,108,42083,16973,25111,1대당 1일평균
경기도 의왕시,2022-12,20,221,133,89,36430,15316,21114,1대당 1일평균
경기도 하남시,2022-12,20,284,160,124,40347,17623,22723,1대당 1일평균
경기도 용인시,2022-12,13,220,105,120,32581,11759,20822,1대당 1일평균
경기도 파주시,2022-12,22,281,161,120,36567,15750,20817,1대당 1일평균
경기도 이천시,2022-12,25,299,161,212,44850,17275,27575,1대당 1일평균
경기도 안성시,2022-12,18,242,117,126,37405,12076,25328,1대당 1일평균
경기도 김포시,2022-12,17,278,156,122,39140,15432,23709,1대당 1일평균
경기도 화성시,2022-12,16,302,155,147,45133,16424,28708,1대당 1일평균
경기도 광주시,2022-12,16,255,146,109,36593,14675,21918,1대당 1일평균
경기도 양주시,2022-12,23,252,136,117,37637,15664,21973,1대당 1일평균
경기도 포천시,2022-12,18,267,118,149,36125,12298,23827,1대당 1일평균
경기도 여주시,2022-12,22,243,114,148,39285,12124,27160,1대당 1일평균
경기도 연천군,2022-12,24,309,133,176,43618,11334,32284,1대당 1일평균
경기도 가평군,2022-12,19,267,119,148,34576,10727,23850,1대당 1일평균
경기도 양평군,2022-12,16,246,85,162,42527,8195,34332,1대당 1일평균
강원특별자치도 춘천시,2022-12,27,163,85,78,33027,13437,19590,1대당 1일평균
강원특별자치도 원주시,2022-12,27,187,102,86,35038,14029,21009,1대당 1일평균
강원특별자치도 강릉시,2022-12,24,175,88,87,32964,12210,20754,1대당 1일평균
강원특별자치도 동해시,2022-12,21,151,70,81,32504,8367,24137,1대당 1일평균
강원특별자치도 태백시,2022-12,30,232,103,129,36088,10860,25229,1대당 1일평균
강원특별자치도 속초시,2022-12,26,166,78,98,31256,11143,20114,1대당 1일평균
강원특별자치도 삼척시,2022-12,33,193,86,107,37834,10803,27031,1대당 1일평균
강원특별자치도 홍천군,2022-12,15,205,56,149,37203,5744,31459,1대당 1일평균
강원특별자치도 횡성군,2022-12,16,222,77,145,37465,7394,30071,1대당 1일평균
강원특별자치도 영월군,2022-12,22,196,63,133,33603,7079,26523,1대당 1일평균
강원특별자치도 평창군,2022-12,12,242,96,145,27026,7447,19579,1대당 1일평균
강원특별자치도 정선군,2022-12,19,273,113,161,35691,8764,26928,1대당 1일평균
강원특별자치도 철원군,2022-12,14,194,80,114,31091,6947,24144,1대당 1일평균
강원특별자치도 화천군,2022-12,14,200,81,119,32887,7032,25855,1대당 1일평균
강원특별자치도 양구군,2022-12,17,269,122,147,30605,9861,20745,1대당 1일평균
강원특별자치도 인제군,2022-12,12,220,88,132,29342,6476,22866,1대당 1일평균
강원특별자치도 고성군,2022-12,12,228,89,139,38246,7404,30842,1대당 1일평균
강원특별자치도 양양군,2022-12,12,170,66,104,31225,5905,25319,1대당 1일평균
충청북도 청주시,2022-12,20,185,102,87,32337,14611,17725,1대당 1일평균
충청북도 충주시,2022-12,23,176,81,95,31802,11202,20599,1대당 1일평균
충청북도 제천시,2022-12,20,165,65,101,30009,9005,21004,1대당 1일평균
충청북도 보은군,2022-12,6,180,47,133,25579,4906,20673,1대당 1일평균
충청북도 옥천군,2022-12,18,171,60,111,33926,7577,26349,1대당 1일평균
충청북도 영동군,2022-12,15,184,60,123,32852,6211,26641,1대당 1일평균
충청북도 증평군,2022-12,14,206,68,177,34343,7804,26540,1대당 1일평균
충청북도 진천군,2022-12,22,275,120,156,36650,12010,24640,1대당 1일평균
충청북도 괴산군,2022-12,9,240,85,155,28131,7654,20476,1대당 1일평균
충청북도 음성군,2022-12,20,284,117,167,38147,10894,27253,1대당 1일평균
충청북도 단양군,2022-12,,,,,,,,1대당 1일평균
충청남도 천안시,2022-12,29,288,166,130,41597,21512,20085,1대당 1일평균
충청남도 공주시,2022-12,18,222,88,134,35864,9426,26437,1대당 1일평균
충청남도 보령시,2022-12,19,173,73,99,34815,8957,25858,1대당 1일평균
충청남도 아산시,2022-12,25,266,145,212,40834,16129,24705,1대당 1일평균
충청남도 서산시,2022-12,30,243,119,168,46518,15489,31028,1대당 1일평균
충청남도 논산시,2022-12,18,205,89,116,32574,9944,22630,1대당 1일평균
충청남도 계룡시,2022-12,22,238,108,130,35349,11408,23941,1대당 1일평균
충청남도 당진시,2022-12,19,262,105,157,36762,10419,26343,1대당 1일평균
충청남도 금산군,2022-12,,,,,,,,1대당 1일평균
충청남도 부여군,2022-12,11,209,69,141,34745,6566,28179,1대당 1일평균
충청남도 서천군,2022-12,10,206,61,146,32541,6269,26272,1대당 1일평균
충청남도 청양군,2022-12,6,187,44,143,28905,4974,23931,1대당 1일평균
충청남도 홍성군,2022-12,21,202,84,118,34905,9428,25477,1대당 1일평균
충청남도 예산군,2022-12,18,220,78,142,36657,7917,28740,1대당 1일평균
충청남도 태안군,2022-12,13,200,61,138,33432,5971,27462,1대당 1일평균
전북특별자치도 전주시,2022-12,24,178,99,80,33690,15624,18066,1대당 1일평균
전북특별자치도 군산시,2022-12,23,170,86,85,29380,12772,16608,1대당 1일평균
전북특별자치도 익산시,2022-12,25,193,96,97,35711,13015,22696,1대당 1일평균
전북특별자치도 정읍시,2022-12,21,171,71,100,33076,9858,23218,1대당 1일평균
전북특별자치도 남원시,2022-12,19,163,62,101,32484,7804,24680,1대당 1일평균
전북특별자치도 김제시,2022-12,16,161,54,108,27529,6904,20625,1대당 1일평균
전북특별자치도 완주군,2022-12,13,208,88,122,32839,9784,23055,1대당 1일평균
전북특별자치도 진안군,2022-12,8,230,58,172,28155,6125,22030,1대당 1일평균
전북특별자치도 무주군,2022-12,7,215,69,145,23949,6222,17727,1대당 1일평균
전북특별자치도 장수군,2022-12,4,234,46,188,21844,5088,16756,1대당 1일평균
전북특별자치도 임실군,2022-12,6,203,66,139,23594,6455,17139,1대당 1일평균
전북특별자치도 순창군,2022-12,7,198,56,142,26215,5786,20428,1대당 1일평균
전북특별자치도 고창군,2022-12,13,210,69,141,30213,7032,23181,1대당 1일평균
전북특별자치도 부안군,2022-12,10,174,50,130,30936,5569,25367,1대당 1일평균
전라남도 목포시,2022-12,26,187,91,114,32594,14019,18575,1대당 1일평균
전라남도 여수시,2022-12,26,203,109,94,34258,13814,20444,1대당 1일평균
전라남도 순천시,2022-12,29,219,117,102,38665,15178,23487,1대당 1일평균
전라남도 나주시,2022-12,13,244,95,149,31260,8893,22367,1대당 1일평균
전라남도 광양시,2022-12,19,192,89,103,35380,10030,25350,1대당 1일평균
전라남도 담양군,2022-12,8,173,53,120,25366,5240,20125,1대당 1일평균
전라남도 곡성군,2022-12,4,207,38,169,20655,3212,17443,1대당 1일평균
전라남도 구례군,2022-12,11,181,46,135,32544,4227,28318,1대당 1일평균
전라남도 고흥군,2022-12,8,196,49,148,25408,4648,20760,1대당 1일평균
전라남도 보성군,2022-12,8,198,56,141,20423,4954,15469,1대당 1일평균
전라남도 화순군,2022-12,18,186,69,117,35601,8771,26830,1대당 1일평균
전라남도 장흥군,2022-12,7,200,53,147,24870,4998,19872,1대당 1일평균
전라남도 강진군,2022-12,7,215,45,170,24870,4630,20239,1대당 1일평균
전라남도 해남군,2022-12,15,236,71,166,28531,7156,21375,1대당 1일평균
전라남도 영암군,2022-12,8,212,69,143,20079,6677,13402,1대당 1일평균
전라남도 무안군,2022-12,16,239,92,146,31157,9888,21269,1대당 1일평균
전라남도 함평군,2022-12,4,200,35,165,22648,3192,19456,1대당 1일평균
전라남도 영광군,2022-12,13,212,56,156,37083,6390,30693,1대당 1일평균
전라남도 장성군,2022-12,9,190,53,137,34268,5278,28989,1대당 1일평균
전라남도 완도군,2022-12,14,198,55,143,28897,6217,22681,1대당 1일평균
전라남도 진도군,2022-12,5,231,57,262,24941,5177,19764,1대당 1일평균
전라남도 신안군,2022-12,9,187,62,126,21477,6766,14711,1대당 1일평균
경상북도 포항시,2022-12,21,185,95,96,30891,12726,18165,1대당 1일평균
경상북도 경주시,2022-12,25,204,90,114,32231,10508,21722,1대당 1일평균
경상북도 김천시,2022-12,19,182,88,94,31941,10001,21941,1대당 1일평균
경상북도 안동시,2022-12,25,202,92,109,27742,11537,16205,1대당 1일평균
경상북도 구미시,2022-12,26,221,126,96,36213,15872,20341,1대당 1일평균
경상북도 영주시,2022-12,22,151,60,90,29565,9026,20539,1대당 1일평균
경상북도 영천시,2022-12,19,173,67,106,28408,8260,20148,1대당 1일평균
경상북도 상주시,2022-12,17,143,48,95,33054,6760,26294,1대당 1일평균
경상북도 문경시,2022-12,19,167,63,104,32360,7616,24744,1대당 1일평균
경상북도 경산시,2022-12,21,217,115,102,35623,13603,22020,1대당 1일평균
경상북도 의성군,2022-12,5,190,37,153,24962,3275,21687,1대당 1일평균
경상북도 청송군,2022-12,6,201,54,147,20847,4578,16269,1대당 1일평균
경상북도 영양군,2022-12,4,190,46,144,20247,4417,15831,1대당 1일평균
경상북도 영덕군,2022-12,10,170,56,114,16449,5209,11240,1대당 1일평균
경상북도 청도군,2022-12,7,159,49,110,23050,4977,18073,1대당 1일평균
경상북도 고령군,2022-12,4,240,53,187,29660,3987,25673,1대당 1일평균
경상북도 성주군,2022-12,10,222,72,150,20518,6708,13810,1대당 1일평균
경상북도 칠곡군,2022-12,19,245,102,143,37421,10221,27201,1대당 1일평균
경상북도 예천군,2022-12,10,197,53,144,26020,4765,21255,1대당 1일평균
경상북도 봉화군,2022-12,4,179,32,147,22691,2604,20086,1대당 1일평균
경상북도 울진군,2022-12,12,213,55,158,25288,4708,20580,1대당 1일평균
경상북도 울릉군,2022-12,9,74,27,48,20264,4006,16259,1대당 1일평균
경상남도 창원시,2022-12,22,214,105,123,34806,12886,21921,1대당 1일평균
경상남도 진주시,2022-12,25,203,102,102,33337,12570,20767,1대당 1일평균
경상남도 통영시,2022-12,26,216,98,119,34571,12550,22021,1대당 1일평균
경상남도 사천시,2022-12,23,188,79,109,34074,9070,25003,1대당 1일평균
경상남도 김해시,2022-12,23,202,103,99,34922,13599,21322,1대당 1일평균
경상남도 밀양시,2022-12,17,175,64,111,29905,7499,22406,1대당 1일평균
경상남도 거제시,2022-12,27,219,114,104,38424,13403,25020,1대당 1일평균
경상남도 양산시,2022-12,24,195,101,94,35902,12363,23539,1대당 1일평균
경상남도 의령군,2022-12,6,180,48,132,17436,4209,13227,1대당 1일평균
경상남도 함안군,2022-12,10,187,61,126,26873,6006,20867,1대당 1일평균
경상남도 창녕군,2022-12,6,178,41,137,25539,3921,21618,1대당 1일평균
경상남도 고성군,2022-12,11,179,54,126,27634,5780,21854,1대당 1일평균
경상남도 남해군,2022-12,7,169,44,125,22583,3843,18739,1대당 1일평균
경상남도 하동군,2022-12,4,213,40,173,20578,3700,16878,1대당 1일평균
경상남도 산청군,2022-12,9,180,78,103,16991,6739,10252,1대당 1일평균
경상남도 함양군,2022-12,7,167,34,133,23730,3452,20279,1대당 1일평균
경상남도 거창군,2022-12,18,175,56,119,27337,6586,20752,1대당 1일평균
경상남도 합천군,2022-12,4,198,45,153,20823,4230,16593,1대당 1일평균
제주특별자치도,2022-12,21,211,115,99,33068,14003,19065,1대당 1일평균
