지자체명,연월,영엽횟수(회),운행거리(km),영업거리(km),공차거리(km),운행시간(초),영업시간(초),공차시간(초),1대당 1일평균
서울특별시,2023-01,15,210,122,253,34271,15582,18689,1대당 1일평균
부산광역시,2023-01,19,206,114,93,35278,14485,20793,1대당 1일평균
대구광역시,2023-01,19,187,100,87,32600,12998,19602,1대당 1일평균
인천광역시,2023-01,19,230,138,93,35716,16465,19251,1대당 1일평균
광주광역시,2023-01,23,216,130,89,36203,16421,19782,1대당 1일평균
대전광역시,2023-01,25,207,123,84,34408,16782,17625,1대당 1일평균
울산광역시,2023-01,18,185,94,98,32054,11446,20607,1대당 1일평균
세종특별자치시,2023-01,27,346,176,170,45298,17513,27784,1대당 1일평균
경기도 수원시,2023-01,22,246,148,121,41873,18186,23687,1대당 1일평균
경기도 성남시,2023-01,19,247,132,119,37942,14886,23056,1대당 1일평균
경기도 의정부시,2023-01,27,259,142,121,43644,18360,25284,1대당 1일평균
경기도 안양시,2023-01,24,269,157,112,41998,19163,22835,1대당 1일평균
경기도 부천시,2023-01,18,297,117,771,36028,15256,20772,1대당 1일평균
경기도 광명시,2023-01,11,220,98,124,36632,10760,25872,1대당 1일평균
경기도 평택시,2023-01,26,239,131,112,37072,15736,21336,1대당 1일평균
경기도 동두천시,2023-01,26,209,94,169,41246,11520,29726,1대당 1일평균
경기도 안산시,2023-01,26,248,137,192,39597,18064,21533,1대당 1일평균
경기도 고양시,2023-01,21,291,184,118,46526,20020,26506,1대당 1일평균
경기도 과천시,2023-01,23,262,155,107,42206,18090,24116,1대당 1일평균
경기도 구리시,2023-01,24,286,166,120,42712,18580,24131,1대당 1일평균
경기도 남양주시,2023-01,25,293,173,120,43650,18765,24884,1대당 1일평균
경기도 오산시,2023-01,17,242,140,103,38369,16009,22361,1대당 1일평균
경기도 시흥시,2023-01,20,253,143,110,39594,16472,23122,1대당 1일평균
경기도 군포시,2023-01,23,249,144,105,41324,16721,24603,1대당 1일평균
경기도 의왕시,2023-01,18,214,123,103,35666,14139,21527,1대당 1일평균
경기도 하남시,2023-01,20,267,150,117,38540,16805,21735,1대당 1일평균
경기도 용인시,2023-01,13,216,99,123,32638,10979,21659,1대당 1일평균
경기도 파주시,2023-01,21,286,159,127,37283,15477,21806,1대당 1일평균
경기도 이천시,2023-01,25,284,150,232,45254,16157,29097,1대당 1일평균
경기도 안성시,2023-01,17,225,104,121,36778,10620,26158,1대당 1일평균
경기도 김포시,2023-01,17,280,154,126,39196,15182,24015,1대당 1일평균
경기도 화성시,2023-01,14,292,134,158,43111,13970,29141,1대당 1일평균
경기도 광주시,2023-01,16,254,143,111,36363,14061,22302,1대당 1일평균
경기도 양주시,2023-01,22,254,136,119,37681,15472,22208,1대당 1일평균
경기도 포천시,2023-01,18,266,118,148,36431,12208,24223,1대당 1일평균
경기도 여주시,2023-01,20,223,101,122,37564,10791,26773,1대당 1일평균
경기도 연천군,2023-01,21,303,129,174,40829,10782,30047,1대당 1일평균
경기도 가평군,2023-01,19,263,118,146,35304,10433,24871,1대당 1일평균
경기도 양평군,2023-01,21,293,107,191,37743,10325,27418,1대당 1일평균
강원특별자치도 춘천시,2023-01,24,157,76,81,32564,11637,20928,1대당 1일평균
강원특별자치도 원주시,2023-01,24,171,88,85,33568,11879,21689,1대당 1일평균
강원특별자치도 강릉시,2023-01,23,173,87,87,32251,11656,20595,1대당 1일평균
강원특별자치도 동해시,2023-01,20,149,69,80,32454,8165,24290,1대당 1일평균
강원특별자치도 태백시,2023-01,29,233,105,128,36363,10780,25584,1대당 1일평균
강원특별자치도 속초시,2023-01,26,163,77,87,31240,11478,19762,1대당 1일평균
강원특별자치도 삼척시,2023-01,29,182,79,103,38494,9669,28824,1대당 1일평균
강원특별자치도 홍천군,2023-01,14,198,52,146,37022,5304,31717,1대당 1일평균
강원특별자치도 횡성군,2023-01,14,196,70,125,36591,6613,29979,1대당 1일평균
강원특별자치도 영월군,2023-01,21,192,60,132,33254,6411,26843,1대당 1일평균
강원특별자치도 평창군,2023-01,12,231,94,137,26573,7294,19279,1대당 1일평균
강원특별자치도 정선군,2023-01,21,289,120,169,35966,9509,26457,1대당 1일평균
강원특별자치도 철원군,2023-01,13,187,77,110,30237,6716,23521,1대당 1일평균
강원특별자치도 화천군,2023-01,15,209,87,123,34084,7532,26552,1대당 1일평균
강원특별자치도 양구군,2023-01,14,233,105,128,27647,8244,19404,1대당 1일평균
강원특별자치도 인제군,2023-01,12,222,91,131,29155,6532,22623,1대당 1일평균
강원특별자치도 고성군,2023-01,11,216,84,133,38292,7195,31097,1대당 1일평균
강원특별자치도 양양군,2023-01,12,164,64,100,31611,5887,25724,1대당 1일평균
충청북도 청주시,2023-01,19,182,96,88,31810,13259,18550,1대당 1일평균
충청북도 충주시,2023-01,21,167,72,95,31409,9814,21594,1대당 1일평균
충청북도 제천시,2023-01,18,158,56,106,29412,7579,21833,1대당 1일평균
충청북도 보은군,2023-01,6,169,47,122,24456,4644,19813,1대당 1일평균
충청북도 옥천군,2023-01,16,155,54,101,33361,6512,26849,1대당 1일평균
충청북도 영동군,2023-01,13,170,54,116,31766,5486,26280,1대당 1일평균
충청북도 증평군,2023-01,13,192,62,131,33170,6866,26304,1대당 1일평균
충청북도 진천군,2023-01,21,271,116,156,36130,11038,25092,1대당 1일평균
충청북도 괴산군,2023-01,8,205,76,129,24850,7081,17769,1대당 1일평균
충청북도 음성군,2023-01,19,263,109,154,37702,9945,27757,1대당 1일평균
충청북도 단양군,2023-01,,,,,,,,1대당 1일평균
충청남도 천안시,2023-01,29,284,158,129,41783,19633,22150,1대당 1일평균
충청남도 공주시,2023-01,16,206,79,127,34896,8179,26716,1대당 1일평균
충청남도 보령시,2023-01,18,164,69,95,34724,8229,26495,1대당 1일평균
충청남도 아산시,2023-01,24,257,135,122,40328,14656,25672,1대당 1일평균
충청남도 서산시,2023-01,30,232,111,171,46761,14479,32281,1대당 1일평균
충청남도 논산시,2023-01,17,191,83,109,31900,9048,22852,1대당 1일평균
충청남도 계룡시,2023-01,21,234,102,132,35334,10436,24898,1대당 1일평균
충청남도 당진시,2023-01,18,251,98,153,35771,9501,26270,1대당 1일평균
충청남도 금산군,2023-01,,,,,,,,1대당 1일평균
충청남도 부여군,2023-01,11,201,65,136,35988,6051,29937,1대당 1일평균
충청남도 서천군,2023-01,10,193,55,137,31825,5185,26640,1대당 1일평균
충청남도 청양군,2023-01,5,192,50,142,30179,5110,25069,1대당 1일평균
충청남도 홍성군,2023-01,17,183,72,118,33667,7696,25971,1대당 1일평균
충청남도 예산군,2023-01,16,216,73,143,37052,7142,29910,1대당 1일평균
충청남도 태안군,2023-01,12,174,52,121,33572,5295,28277,1대당 1일평균
전북특별자치도 전주시,2023-01,23,178,94,84,33220,14207,19013,1대당 1일평균
전북특별자치도 군산시,2023-01,22,172,82,91,29380,11186,18194,1대당 1일평균
전북특별자치도 익산시,2023-01,23,190,90,101,35617,11525,24092,1대당 1일평균
전북특별자치도 정읍시,2023-01,19,163,65,103,32291,8088,24204,1대당 1일평균
전북특별자치도 남원시,2023-01,18,154,56,98,32499,6806,25693,1대당 1일평균
전북특별자치도 김제시,2023-01,14,154,48,106,26868,5789,21079,1대당 1일평균
전북특별자치도 완주군,2023-01,12,191,77,114,30995,8261,22734,1대당 1일평균
전북특별자치도 진안군,2023-01,7,186,56,130,24746,5570,19176,1대당 1일평균
전북특별자치도 무주군,2023-01,8,236,83,153,25069,7207,17861,1대당 1일평균
전북특별자치도 장수군,2023-01,3,209,38,171,18510,3546,14963,1대당 1일평균
전북특별자치도 임실군,2023-01,5,187,55,131,21697,5140,16557,1대당 1일평균
전북특별자치도 순창군,2023-01,5,161,46,114,22588,4678,17911,1대당 1일평균
전북특별자치도 고창군,2023-01,11,191,60,130,28049,6156,21893,1대당 1일평균
전북특별자치도 부안군,2023-01,9,165,43,127,29901,4606,25295,1대당 1일평균
전라남도 목포시,2023-01,26,186,90,96,31985,13453,18531,1대당 1일평균
전라남도 여수시,2023-01,25,199,104,95,34026,12982,21044,1대당 1일평균
전라남도 순천시,2023-01,28,215,111,104,38262,14057,24205,1대당 1일평균
전라남도 나주시,2023-01,12,226,85,140,30057,7852,22205,1대당 1일평균
전라남도 광양시,2023-01,19,186,85,104,35815,9428,26387,1대당 1일평균
전라남도 담양군,2023-01,7,163,50,113,25223,4696,20527,1대당 1일평균
전라남도 곡성군,2023-01,3,208,37,170,19276,2941,16334,1대당 1일평균
전라남도 구례군,2023-01,10,165,41,124,30784,3712,27072,1대당 1일평균
전라남도 고흥군,2023-01,8,190,50,140,24974,4407,20567,1대당 1일평균
전라남도 보성군,2023-01,7,183,54,129,18355,4599,13756,1대당 1일평균
전라남도 화순군,2023-01,16,167,63,104,34453,7654,26799,1대당 1일평균
전라남도 장흥군,2023-01,7,195,54,141,24166,4777,19390,1대당 1일평균
전라남도 강진군,2023-01,7,203,43,162,23859,4247,19613,1대당 1일평균
전라남도 해남군,2023-01,14,223,65,158,27307,6323,20984,1대당 1일평균
전라남도 영암군,2023-01,8,207,70,137,18825,6440,12385,1대당 1일평균
전라남도 무안군,2023-01,16,230,92,138,30279,9814,20464,1대당 1일평균
전라남도 함평군,2023-01,4,186,36,151,21798,3201,18597,1대당 1일평균
전라남도 영광군,2023-01,13,210,59,151,37299,6359,30940,1대당 1일평균
전라남도 장성군,2023-01,7,169,47,122,33712,4340,29372,1대당 1일평균
전라남도 완도군,2023-01,13,199,57,143,28656,6142,22514,1대당 1일평균
전라남도 진도군,2023-01,5,225,59,177,24157,5253,18903,1대당 1일평균
전라남도 신안군,2023-01,9,173,61,112,19781,6758,13023,1대당 1일평균
경상북도 포항시,2023-01,20,181,91,100,30498,11986,18512,1대당 1일평균
경상북도 경주시,2023-01,18,194,84,110,31453,9306,22148,1대당 1일평균
경상북도 김천시,2023-01,17,171,79,92,31666,8821,22845,1대당 1일평균
경상북도 안동시,2023-01,23,192,85,107,28004,10568,17436,1대당 1일평균
경상북도 구미시,2023-01,25,220,124,97,35999,15076,20924,1대당 1일평균
경상북도 영주시,2023-01,20,145,56,89,29677,8027,21651,1대당 1일평균
경상북도 영천시,2023-01,18,166,63,103,28043,7688,20355,1대당 1일평균
경상북도 상주시,2023-01,15,134,44,89,32523,5975,26548,1대당 1일평균
경상북도 문경시,2023-01,18,160,59,101,32524,6933,25591,1대당 1일평균
경상북도 경산시,2023-01,20,211,107,104,35662,12588,23074,1대당 1일평균
경상북도 의성군,2023-01,5,180,36,145,24741,3167,21574,1대당 1일평균
경상북도 청송군,2023-01,6,179,51,128,20281,4471,15810,1대당 1일평균
경상북도 영양군,2023-01,5,179,49,130,18932,4657,14275,1대당 1일평균
경상북도 영덕군,2023-01,10,170,56,114,16155,5072,11083,1대당 1일평균
경상북도 청도군,2023-01,8,155,50,105,22750,5110,17640,1대당 1일평균
경상북도 고령군,2023-01,4,236,54,182,29499,3973,25526,1대당 1일평균
경상북도 성주군,2023-01,9,221,71,150,19824,6131,13693,1대당 1일평균
경상북도 칠곡군,2023-01,18,251,108,143,38223,10030,28193,1대당 1일평균
경상북도 예천군,2023-01,9,180,46,134,25206,4119,21087,1대당 1일평균
경상북도 봉화군,2023-01,3,159,29,130,21147,2280,18867,1대당 1일평균
경상북도 울진군,2023-01,12,201,55,145,24856,4679,20177,1대당 1일평균
경상북도 울릉군,2023-01,8,80,29,51,20602,4341,16261,1대당 1일평균
경상남도 창원시,2023-01,19,195,89,117,33380,10867,22513,1대당 1일평균
경상남도 진주시,2023-01,23,197,96,101,32661,11708,20952,1대당 1일평균
경상남도 통영시,2023-01,26,216,97,120,34167,12244,21923,1대당 1일평균
경상남도 사천시,2023-01,22,187,78,109,34145,8900,25245,1대당 1일평균
경상남도 김해시,2023-01,22,200,99,101,34789,12785,22005,1대당 1일평균
경상남도 밀양시,2023-01,16,170,61,110,29723,6970,22753,1대당 1일평균
경상남도 거제시,2023-01,26,215,111,104,38146,12708,25438,1대당 1일평균
경상남도 양산시,2023-01,23,193,98,95,35952,11863,24089,1대당 1일평균
경상남도 의령군,2023-01,6,178,51,127,17084,4341,12743,1대당 1일평균
경상남도 함안군,2023-01,10,191,70,121,27177,6717,20460,1대당 1일평균
경상남도 창녕군,2023-01,6,168,39,129,25095,3672,21423,1대당 1일평균
경상남도 고성군,2023-01,10,179,55,124,27166,5776,21390,1대당 1일평균
경상남도 남해군,2023-01,8,167,43,124,22816,3789,19027,1대당 1일평균
경상남도 하동군,2023-01,4,193,35,158,18746,3033,15713,1대당 1일평균
경상남도 산청군,2023-01,7,167,70,97,15555,6027,9528,1대당 1일평균
경상남도 함양군,2023-01,7,162,33,129,23537,3108,20429,1대당 1일평균
경상남도 거창군,2023-01,16,168,54,113,26247,6123,20124,1대당 1일평균
경상남도 합천군,2023-01,4,182,43,139,20212,4013,16199,1대당 1일평균
제주특별자치도,2023-01,20,217,117,100,33409,13953,19455,1대당 1일평균
서울특별시,2023-02,15,208,120,243,34834,15570,19265,1대당 1일평균
부산광역시,2023-02,20,205,114,91,35312,14716,20596,1대당 1일평균
대구광역시,2023-02,17,182,91,91,31247,12011,19236,1대당 1일평균
인천광역시,2023-02,18,216,125,96,35441,15504,19937,1대당 1일평균
광주광역시,2023-02,24,218,132,89,36441,16582,19859,1대당 1일평균
대전광역시,2023-02,25,209,128,81,34644,17401,17244,1대당 1일평균
울산광역시,2023-02,18,184,93,100,32286,11359,20927,1대당 1일평균
세종특별자치시,2023-02,28,367,188,180,47350,18402,28948,1대당 1일평균
경기도 수원시,2023-02,22,245,146,128,42185,18157,24028,1대당 1일평균
경기도 성남시,2023-02,19,252,134,120,38318,14857,23461,1대당 1일평균
경기도 의정부시,2023-02,27,262,142,123,44623,18219,26404,1대당 1일평균
경기도 안양시,2023-02,24,275,157,118,43141,18936,24205,1대당 1일평균
경기도 부천시,2023-02,16,209,92,253,31912,12891,19021,1대당 1일평균
경기도 광명시,2023-02,11,210,97,113,36377,10756,25621,1대당 1일평균
경기도 평택시,2023-02,26,241,132,111,37885,15813,22073,1대당 1일평균
경기도 동두천시,2023-02,24,202,90,112,40012,10818,29194,1대당 1일평균
경기도 안산시,2023-02,26,248,138,226,39679,18055,21624,1대당 1일평균
경기도 고양시,2023-02,21,292,180,118,48179,19829,28350,1대당 1일평균
경기도 과천시,2023-02,23,265,154,111,42797,17948,24849,1대당 1일평균
경기도 구리시,2023-02,24,291,168,123,43519,18819,24700,1대당 1일평균
경기도 남양주시,2023-02,19,228,126,102,36336,14189,22147,1대당 1일평균
경기도 오산시,2023-02,18,249,143,108,40339,16794,23545,1대당 1일평균
경기도 시흥시,2023-02,17,211,112,100,35692,13650,22042,1대당 1일평균
경기도 군포시,2023-02,22,258,146,112,42692,16786,25905,1대당 1일평균
경기도 의왕시,2023-02,18,208,118,90,37004,13939,23065,1대당 1일평균
경기도 하남시,2023-02,21,293,161,132,41757,17723,24034,1대당 1일평균
경기도 용인시,2023-02,14,220,108,141,33280,12075,21205,1대당 1일평균
경기도 파주시,2023-02,25,351,195,156,50679,18933,31746,1대당 1일평균
경기도 이천시,2023-02,24,272,141,243,45640,15333,30307,1대당 1일평균
경기도 안성시,2023-02,17,228,105,123,37475,10691,26784,1대당 1일평균
경기도 김포시,2023-02,17,279,153,128,41047,15190,25857,1대당 1일평균
경기도 화성시,2023-02,17,304,157,147,44941,16320,28622,1대당 1일평균
경기도 광주시,2023-02,17,260,144,116,37195,14122,23073,1대당 1일평균
경기도 양주시,2023-02,23,260,138,123,38764,15446,23318,1대당 1일평균
경기도 포천시,2023-02,18,254,111,143,36300,11315,24985,1대당 1일평균
경기도 여주시,2023-02,21,221,104,118,38663,11346,27317,1대당 1일평균
경기도 연천군,2023-02,22,304,128,176,42140,10442,31698,1대당 1일평균
경기도 가평군,2023-02,19,266,119,147,35402,10472,24930,1대당 1일평균
경기도 양평군,2023-02,22,273,114,166,36724,11030,25694,1대당 1일평균
강원특별자치도 춘천시,2023-02,24,158,76,82,32932,11513,21419,1대당 1일평균
강원특별자치도 원주시,2023-02,23,171,86,91,33915,11524,22391,1대당 1일평균
강원특별자치도 강릉시,2023-02,25,183,97,87,32714,13213,19501,1대당 1일평균
강원특별자치도 동해시,2023-02,20,148,68,79,32473,8152,24321,1대당 1일평균
강원특별자치도 태백시,2023-02,27,225,96,129,35619,9782,25837,1대당 1일평균
강원특별자치도 속초시,2023-02,25,165,77,92,31113,10752,20362,1대당 1일평균
강원특별자치도 삼척시,2023-02,31,192,87,105,38497,10796,27700,1대당 1일평균
강원특별자치도 홍천군,2023-02,16,185,60,125,36665,6101,30564,1대당 1일평균
강원특별자치도 횡성군,2023-02,13,191,63,127,36347,5912,30436,1대당 1일평균
강원특별자치도 영월군,2023-02,19,197,61,136,33523,6271,27251,1대당 1일평균
강원특별자치도 평창군,2023-02,12,224,90,135,24590,6673,17916,1대당 1일평균
강원특별자치도 정선군,2023-02,20,279,117,163,35497,9092,26405,1대당 1일평균
강원특별자치도 철원군,2023-02,13,185,78,107,29681,6497,23183,1대당 1일평균
강원특별자치도 화천군,2023-02,13,182,73,108,31540,6012,25529,1대당 1일평균
강원특별자치도 양구군,2023-02,14,256,116,141,27689,8605,19084,1대당 1일평균
강원특별자치도 인제군,2023-02,12,215,84,131,29226,5907,23319,1대당 1일평균
강원특별자치도 고성군,2023-02,11,222,84,138,38475,7013,31462,1대당 1일평균
강원특별자치도 양양군,2023-02,12,173,66,107,32421,5849,26572,1대당 1일평균
충청북도 청주시,2023-02,20,185,97,93,32147,13429,18717,1대당 1일평균
충청북도 충주시,2023-02,21,169,72,98,32089,9500,22590,1대당 1일평균
충청북도 제천시,2023-02,19,159,61,105,29487,8108,21379,1대당 1일평균
충청북도 보은군,2023-02,5,159,42,117,22988,4186,18802,1대당 1일평균
충청북도 옥천군,2023-02,15,147,50,96,32767,6110,26657,1대당 1일평균
충청북도 영동군,2023-02,12,161,51,110,30582,5208,25374,1대당 1일평균
충청북도 증평군,2023-02,13,176,57,119,32456,6375,26080,1대당 1일평균
충청북도 진천군,2023-02,20,256,106,150,35599,10161,25438,1대당 1일평균
충청북도 괴산군,2023-02,7,191,68,123,22963,6456,16507,1대당 1일평균
충청북도 음성군,2023-02,18,248,101,150,37051,9192,27859,1대당 1일평균
충청북도 단양군,2023-02,,,,,,,,1대당 1일평균
충청남도 천안시,2023-02,22,204,110,94,32834,14725,18108,1대당 1일평균
충청남도 공주시,2023-02,15,208,76,132,35083,7781,27302,1대당 1일평균
충청남도 보령시,2023-02,18,164,68,96,35823,7961,27862,1대당 1일평균
충청남도 아산시,2023-02,24,262,138,125,41401,14890,26511,1대당 1일평균
충청남도 서산시,2023-02,29,225,107,151,46353,13840,32513,1대당 1일평균
충청남도 논산시,2023-02,14,175,70,105,29644,7647,21997,1대당 1일평균
충청남도 계룡시,2023-02,21,235,102,133,35562,10266,25297,1대당 1일평균
충청남도 당진시,2023-02,18,248,96,153,36130,9370,26760,1대당 1일평균
충청남도 금산군,2023-02,,,,,,,,1대당 1일평균
충청남도 부여군,2023-02,10,183,56,126,34121,5454,28667,1대당 1일평균
충청남도 서천군,2023-02,9,179,48,131,29819,4656,25163,1대당 1일평균
충청남도 청양군,2023-02,5,169,43,126,27514,4472,23042,1대당 1일평균
충청남도 홍성군,2023-02,17,179,69,110,34072,7310,26762,1대당 1일평균
충청남도 예산군,2023-02,16,210,71,140,37229,6881,30347,1대당 1일평균
충청남도 태안군,2023-02,11,173,51,122,33350,5178,28172,1대당 1일평균
전북특별자치도 전주시,2023-02,24,182,96,89,33696,14557,19139,1대당 1일평균
전북특별자치도 군산시,2023-02,23,174,83,94,29675,11221,18454,1대당 1일평균
전북특별자치도 익산시,2023-02,23,187,87,101,35619,11133,24486,1대당 1일평균
전북특별자치도 정읍시,2023-02,18,159,59,109,32254,7374,24880,1대당 1일평균
전북특별자치도 남원시,2023-02,18,155,56,99,32853,6776,26077,1대당 1일평균
전북특별자치도 김제시,2023-02,14,152,46,106,26908,5602,21305,1대당 1일평균
전북특별자치도 완주군,2023-02,12,189,75,113,31190,8031,23159,1대당 1일평균
전북특별자치도 진안군,2023-02,7,191,55,136,23416,5221,18195,1대당 1일평균
전북특별자치도 무주군,2023-02,7,206,70,136,23040,6246,16794,1대당 1일평균
전북특별자치도 장수군,2023-02,4,213,48,165,17776,4351,13425,1대당 1일평균
전북특별자치도 임실군,2023-02,5,184,59,125,20827,5414,15413,1대당 1일평균
전북특별자치도 순창군,2023-02,6,159,45,114,21850,4574,17276,1대당 1일평균
전북특별자치도 고창군,2023-02,11,178,57,121,26733,5889,20844,1대당 1일평균
전북특별자치도 부안군,2023-02,8,161,44,126,29562,4567,24995,1대당 1일평균
전라남도 목포시,2023-02,24,181,82,100,31726,12088,19638,1대당 1일평균
전라남도 여수시,2023-02,26,205,109,96,34420,13603,20816,1대당 1일평균
전라남도 순천시,2023-02,28,213,110,103,38100,13925,24174,1대당 1일평균
전라남도 나주시,2023-02,11,207,75,132,29250,6950,22300,1대당 1일평균
전라남도 광양시,2023-02,19,185,84,120,36349,9388,26961,1대당 1일평균
전라남도 담양군,2023-02,7,159,50,109,25750,4785,20965,1대당 1일평균
전라남도 곡성군,2023-02,3,197,37,161,18353,2875,15478,1대당 1일평균
전라남도 구례군,2023-02,10,172,41,131,30416,3723,26693,1대당 1일평균
전라남도 고흥군,2023-02,7,177,42,134,23870,3846,20024,1대당 1일평균
전라남도 보성군,2023-02,7,178,52,126,17648,4419,13229,1대당 1일평균
전라남도 화순군,2023-02,16,160,62,98,35770,7609,28160,1대당 1일평균
전라남도 장흥군,2023-02,6,182,52,131,23306,4484,18822,1대당 1일평균
전라남도 강진군,2023-02,6,202,41,161,23240,4213,19028,1대당 1일평균
전라남도 해남군,2023-02,14,207,59,148,26306,5783,20523,1대당 1일평균
전라남도 영암군,2023-02,8,188,64,124,17070,5999,11072,1대당 1일평균
전라남도 무안군,2023-02,15,220,85,134,29602,9036,20566,1대당 1일평균
전라남도 함평군,2023-02,3,170,31,139,19406,2656,16750,1대당 1일평균
전라남도 영광군,2023-02,12,185,51,134,37331,5439,31893,1대당 1일평균
전라남도 장성군,2023-02,7,160,43,118,33710,3902,29808,1대당 1일평균
전라남도 완도군,2023-02,13,183,52,132,27541,5721,21820,1대당 1일평균
전라남도 진도군,2023-02,5,208,52,156,22647,4584,18063,1대당 1일평균
전라남도 신안군,2023-02,9,173,61,111,19533,6583,12950,1대당 1일평균
경상북도 포항시,2023-02,20,181,90,98,30214,11891,18323,1대당 1일평균
경상북도 경주시,2023-02,20,204,92,113,32350,10294,22056,1대당 1일평균
경상북도 김천시,2023-02,17,172,79,93,32098,8735,23363,1대당 1일평균
경상북도 안동시,2023-02,22,187,81,107,27800,10023,17777,1대당 1일평균
경상북도 구미시,2023-02,25,221,123,99,36371,14937,21434,1대당 1일평균
경상북도 영주시,2023-02,19,143,53,90,29553,7551,22002,1대당 1일평균
경상북도 영천시,2023-02,17,162,60,102,27653,7222,20431,1대당 1일평균
경상북도 상주시,2023-02,14,130,40,90,32670,5367,27303,1대당 1일평균
경상북도 문경시,2023-02,17,163,58,106,33635,6687,26948,1대당 1일평균
경상북도 경산시,2023-02,19,199,98,101,35545,11681,23864,1대당 1일평균
경상북도 의성군,2023-02,5,177,36,142,23661,3095,20566,1대당 1일평균
경상북도 청송군,2023-02,6,175,51,124,19960,4628,15332,1대당 1일평균
경상북도 영양군,2023-02,5,168,50,118,20224,4702,15522,1대당 1일평균
경상북도 영덕군,2023-02,10,166,55,111,15794,4939,10856,1대당 1일평균
경상북도 청도군,2023-02,7,149,47,102,21678,4663,17015,1대당 1일평균
경상북도 고령군,2023-02,4,232,55,177,29069,4465,24604,1대당 1일평균
경상북도 성주군,2023-02,9,213,68,144,19113,6083,13030,1대당 1일평균
경상북도 칠곡군,2023-02,17,226,92,133,36868,9176,27692,1대당 1일평균
경상북도 예천군,2023-02,8,181,45,137,24529,3871,20658,1대당 1일평균
경상북도 봉화군,2023-02,3,163,28,136,19701,2382,17319,1대당 1일평균
경상북도 울진군,2023-02,12,196,56,140,24895,4882,20014,1대당 1일평균
경상북도 울릉군,2023-02,7,82,26,56,20436,3529,16908,1대당 1일평균
경상남도 창원시,2023-02,19,193,91,114,33738,11108,22630,1대당 1일평균
경상남도 진주시,2023-02,23,196,97,100,32747,11815,20933,1대당 1일평균
경상남도 통영시,2023-02,25,212,93,119,34019,11775,22244,1대당 1일평균
경상남도 사천시,2023-02,22,185,76,108,34720,8705,26015,1대당 1일평균
경상남도 김해시,2023-02,22,192,97,96,34764,12623,22141,1대당 1일평균
경상남도 밀양시,2023-02,16,167,59,111,29799,6730,23069,1대당 1일평균
경상남도 거제시,2023-02,26,213,109,104,38467,12575,25892,1대당 1일평균
경상남도 양산시,2023-02,23,192,99,93,36635,11960,24675,1대당 1일평균
경상남도 의령군,2023-02,5,168,44,124,15886,3723,12163,1대당 1일평균
경상남도 함안군,2023-02,9,177,60,118,26014,5780,20234,1대당 1일평균
경상남도 창녕군,2023-02,6,163,37,126,24137,3543,20594,1대당 1일평균
경상남도 고성군,2023-02,10,173,53,120,26167,5472,20696,1대당 1일평균
경상남도 남해군,2023-02,7,159,41,118,22046,3527,18519,1대당 1일평균
경상남도 하동군,2023-02,4,193,34,159,18676,3165,15511,1대당 1일평균
경상남도 산청군,2023-02,7,165,67,98,15711,5947,9764,1대당 1일평균
경상남도 함양군,2023-02,6,158,31,128,22410,2890,19520,1대당 1일평균
경상남도 거창군,2023-02,16,161,51,110,25125,5809,19316,1대당 1일평균
경상남도 합천군,2023-02,4,188,42,146,20150,4018,16132,1대당 1일평균
제주특별자치도,2023-02,21,220,119,101,33786,14045,19741,1대당 1일평균
서울특별시,2023-03,14,206,116,199,33845,14979,18865,1대당 1일평균
부산광역시,2023-03,19,203,112,91,35067,14629,20438,1대당 1일평균
대구광역시,2023-03,17,181,91,90,31821,12026,19795,1대당 1일평균
인천광역시,2023-03,17,199,111,91,33789,14358,19432,1대당 1일평균
광주광역시,2023-03,24,218,132,101,36301,16694,19607,1대당 1일평균
대전광역시,2023-03,24,205,124,81,34725,17037,17688,1대당 1일평균
울산광역시,2023-03,18,185,93,100,32226,11372,20854,1대당 1일평균
세종특별자치시,2023-03,27,355,182,173,45380,17817,27563,1대당 1일평균
경기도 수원시,2023-03,22,246,148,105,41769,18429,23339,1대당 1일평균
경기도 성남시,2023-03,19,249,134,118,37471,14790,22681,1대당 1일평균
경기도 의정부시,2023-03,27,264,144,146,44332,18393,25939,1대당 1일평균
경기도 안양시,2023-03,21,235,132,103,40310,16592,23718,1대당 1일평균
경기도 부천시,2023-03,17,207,95,346,32780,13416,19364,1대당 1일평균
경기도 광명시,2023-03,10,207,90,118,35557,10068,25489,1대당 1일평균
경기도 평택시,2023-03,27,224,124,107,35321,14879,20442,1대당 1일평균
경기도 동두천시,2023-03,20,204,83,193,40661,9608,31052,1대당 1일평균
경기도 안산시,2023-03,26,249,138,188,39204,17956,21248,1대당 1일평균
경기도 고양시,2023-03,21,287,178,118,46740,19372,27368,1대당 1일평균
경기도 과천시,2023-03,23,272,159,113,42921,18579,24342,1대당 1일평균
경기도 구리시,2023-03,24,292,169,124,43160,18713,24447,1대당 1일평균
경기도 남양주시,2023-03,20,227,128,100,36836,14455,22381,1대당 1일평균
경기도 오산시,2023-03,17,249,144,106,39732,16769,22963,1대당 1일평균
경기도 시흥시,2023-03,15,184,90,93,32661,11303,21358,1대당 1일평균
경기도 군포시,2023-03,21,245,139,107,40604,16247,24358,1대당 1일평균
경기도 의왕시,2023-03,19,215,122,92,37408,14431,22978,1대당 1일평균
경기도 하남시,2023-03,20,293,158,135,40941,17118,23823,1대당 1일평균
경기도 용인시,2023-03,13,220,102,177,33145,11504,21641,1대당 1일평균
경기도 파주시,2023-03,21,300,164,136,42170,16137,26033,1대당 1일평균
경기도 이천시,2023-03,24,272,139,170,45253,15064,30188,1대당 1일평균
경기도 안성시,2023-03,17,233,108,125,36630,10935,25694,1대당 1일평균
경기도 김포시,2023-03,21,281,177,146,40789,18711,22078,1대당 1일평균
경기도 화성시,2023-03,15,301,145,156,43849,15108,28742,1대당 1일평균
경기도 광주시,2023-03,16,253,140,113,36241,13730,22511,1대당 1일평균
경기도 양주시,2023-03,24,263,140,123,38996,15996,23000,1대당 1일평균
경기도 포천시,2023-03,19,267,119,151,36307,12131,24176,1대당 1일평균
경기도 여주시,2023-03,22,239,111,128,39202,11705,27497,1대당 1일평균
경기도 연천군,2023-03,23,332,144,188,44293,11750,32544,1대당 1일평균
경기도 가평군,2023-03,18,264,116,148,35156,10199,24958,1대당 1일평균
경기도 양평군,2023-03,22,287,115,178,36478,11094,25384,1대당 1일평균
강원특별자치도 춘천시,2023-03,25,162,78,84,33399,12048,21351,1대당 1일평균
강원특별자치도 원주시,2023-03,23,176,88,104,33792,11781,22011,1대당 1일평균
강원특별자치도 강릉시,2023-03,24,175,87,89,32675,11813,20863,1대당 1일평균
강원특별자치도 동해시,2023-03,19,145,65,80,32318,7708,24610,1대당 1일평균
강원특별자치도 태백시,2023-03,27,225,95,130,35965,9642,26323,1대당 1일평균
강원특별자치도 속초시,2023-03,23,161,69,93,31161,9427,21734,1대당 1일평균
강원특별자치도 삼척시,2023-03,33,199,90,109,39566,10983,28583,1대당 1일평균
강원특별자치도 홍천군,2023-03,13,179,45,134,36699,4488,32211,1대당 1일평균
강원특별자치도 횡성군,2023-03,13,202,68,134,36148,6285,29862,1대당 1일평균
강원특별자치도 영월군,2023-03,19,199,61,139,33167,6300,26867,1대당 1일평균
강원특별자치도 평창군,2023-03,8,171,61,110,17950,4786,13164,1대당 1일평균
강원특별자치도 정선군,2023-03,17,266,106,160,34834,7817,27017,1대당 1일평균
강원특별자치도 철원군,2023-03,12,175,72,103,28515,6168,22347,1대당 1일평균
강원특별자치도 화천군,2023-03,13,186,74,112,30882,6027,24855,1대당 1일평균
강원특별자치도 양구군,2023-03,15,260,117,143,27040,8812,18227,1대당 1일평균
강원특별자치도 인제군,2023-03,11,206,80,126,27603,5728,21875,1대당 1일평균
강원특별자치도 고성군,2023-03,10,212,79,133,36674,6344,30331,1대당 1일평균
강원특별자치도 양양군,2023-03,11,160,62,98,31546,5385,26161,1대당 1일평균
충청북도 청주시,2023-03,20,187,99,89,32097,13897,18200,1대당 1일평균
충청북도 충주시,2023-03,22,179,78,100,32406,10276,22130,1대당 1일평균
충청북도 제천시,2023-03,19,171,61,109,30295,8080,22215,1대당 1일평균
충청북도 보은군,2023-03,5,165,45,120,22439,4702,17737,1대당 1일평균
충청북도 옥천군,2023-03,15,158,52,106,32765,6329,26436,1대당 1일평균
충청북도 영동군,2023-03,13,175,56,119,31101,5612,25489,1대당 1일평균
충청북도 증평군,2023-03,13,187,59,129,32630,6548,26081,1대당 1일평균
충청북도 진천군,2023-03,20,259,106,153,36110,10301,25810,1대당 1일평균
충청북도 괴산군,2023-03,7,217,71,146,24990,6709,18282,1대당 1일평균
충청북도 음성군,2023-03,18,257,103,153,37111,9402,27709,1대당 1일평균
충청북도 단양군,2023-03,,,,,,,,1대당 1일평균
충청남도 천안시,2023-03,22,198,114,84,32188,15561,16627,1대당 1일평균
충청남도 공주시,2023-03,16,210,80,130,34632,8444,26188,1대당 1일평균
충청남도 보령시,2023-03,18,166,66,99,35968,7790,28178,1대당 1일평균
충청남도 아산시,2023-03,25,269,143,134,41043,15319,25724,1대당 1일평균
충청남도 서산시,2023-03,28,230,108,163,47020,13755,33264,1대당 1일평균
충청남도 논산시,2023-03,15,182,72,109,29767,8080,21688,1대당 1일평균
충청남도 계룡시,2023-03,19,227,98,129,34900,9774,25126,1대당 1일평균
충청남도 당진시,2023-03,18,254,98,156,36049,9530,26519,1대당 1일평균
충청남도 금산군,2023-03,,,,,,,,1대당 1일평균
충청남도 부여군,2023-03,9,193,55,138,34328,5588,28740,1대당 1일평균
충청남도 서천군,2023-03,10,201,55,146,29275,5261,24014,1대당 1일평균
충청남도 청양군,2023-03,6,193,49,144,27418,5209,22209,1대당 1일평균
충청남도 홍성군,2023-03,20,192,79,114,35159,8360,26799,1대당 1일평균
충청남도 예산군,2023-03,17,212,73,139,36674,7149,29525,1대당 1일평균
충청남도 태안군,2023-03,11,176,53,123,32969,5395,27574,1대당 1일평균
전북특별자치도 전주시,2023-03,24,183,97,94,33668,14805,18863,1대당 1일평균
전북특별자치도 군산시,2023-03,22,177,84,96,29765,11329,18436,1대당 1일평균
전북특별자치도 익산시,2023-03,24,193,92,102,36032,11972,24060,1대당 1일평균
전북특별자치도 정읍시,2023-03,18,168,62,113,32692,7769,24923,1대당 1일평균
전북특별자치도 남원시,2023-03,18,159,56,103,33147,6893,26254,1대당 1일평균
전북특별자치도 김제시,2023-03,14,158,50,112,27092,6057,21035,1대당 1일평균
전북특별자치도 완주군,2023-03,13,204,85,120,32043,9221,22822,1대당 1일평균
전북특별자치도 진안군,2023-03,8,227,61,167,25506,5996,19510,1대당 1일평균
전북특별자치도 무주군,2023-03,6,170,52,118,19244,5056,14187,1대당 1일평균
전북특별자치도 장수군,2023-03,4,226,50,176,20041,5186,14856,1대당 1일평균
전북특별자치도 임실군,2023-03,6,215,77,138,22512,6931,15581,1대당 1일평균
전북특별자치도 순창군,2023-03,7,192,61,131,25252,6435,18817,1대당 1일평균
전북특별자치도 고창군,2023-03,12,197,65,131,27242,6452,20791,1대당 1일평균
전북특별자치도 부안군,2023-03,9,169,48,132,29195,5126,24069,1대당 1일평균
전라남도 목포시,2023-03,22,180,76,105,31906,11242,20664,1대당 1일평균
전라남도 여수시,2023-03,24,197,100,96,33741,12690,21051,1대당 1일평균
전라남도 순천시,2023-03,28,213,112,102,38320,14294,24026,1대당 1일평균
전라남도 나주시,2023-03,11,215,77,138,29298,7233,22066,1대당 1일평균
전라남도 광양시,2023-03,19,190,86,119,36679,9641,27038,1대당 1일평균
전라남도 담양군,2023-03,7,163,49,114,26060,4630,21431,1대당 1일평균
전라남도 곡성군,2023-03,3,217,41,175,19613,3649,15964,1대당 1일평균
전라남도 구례군,2023-03,11,195,51,144,32797,4737,28060,1대당 1일평균
전라남도 고흥군,2023-03,7,188,45,144,24232,4079,20153,1대당 1일평균
전라남도 보성군,2023-03,7,190,55,135,18716,4665,14052,1대당 1일평균
전라남도 화순군,2023-03,16,175,65,111,36444,7886,28558,1대당 1일평균
전라남도 장흥군,2023-03,6,191,52,139,22926,4558,18368,1대당 1일평균
전라남도 강진군,2023-03,7,207,45,162,22994,4477,18517,1대당 1일평균
전라남도 해남군,2023-03,13,211,58,153,26367,5686,20681,1대당 1일평균
전라남도 영암군,2023-03,8,195,62,133,17133,5995,11138,1대당 1일평균
전라남도 무안군,2023-03,15,225,85,140,29808,8971,20837,1대당 1일평균
전라남도 함평군,2023-03,3,182,32,151,20253,2943,17310,1대당 1일평균
전라남도 영광군,2023-03,12,194,52,142,37458,5534,31924,1대당 1일평균
전라남도 장성군,2023-03,7,174,46,128,34994,4205,30789,1대당 1일평균
전라남도 완도군,2023-03,13,186,51,135,27140,5651,21489,1대당 1일평균
전라남도 진도군,2023-03,5,216,55,160,22316,4908,17408,1대당 1일평균
전라남도 신안군,2023-03,9,183,60,123,20891,6735,14156,1대당 1일평균
경상북도 포항시,2023-03,20,181,89,98,30650,11758,18892,1대당 1일평균
경상북도 경주시,2023-03,20,198,87,112,32122,10085,22037,1대당 1일평균
경상북도 김천시,2023-03,18,180,84,96,32201,9423,22778,1대당 1일평균
경상북도 안동시,2023-03,23,196,87,109,27851,10578,17273,1대당 1일평균
경상북도 구미시,2023-03,24,217,121,96,35883,14800,21083,1대당 1일평균
경상북도 영주시,2023-03,21,149,57,94,30048,8030,22018,1대당 1일평균
경상북도 영천시,2023-03,17,166,62,104,26793,7532,19262,1대당 1일평균
경상북도 상주시,2023-03,14,134,40,94,33145,5475,27671,1대당 1일평균
경상북도 문경시,2023-03,18,166,59,107,34050,6838,27212,1대당 1일평균
경상북도 경산시,2023-03,19,212,104,108,35317,12268,23049,1대당 1일평균
경상북도 의성군,2023-03,5,186,37,149,23671,3282,20389,1대당 1일평균
경상북도 청송군,2023-03,5,184,51,133,20302,4723,15579,1대당 1일평균
경상북도 영양군,2023-03,5,177,51,126,20080,4948,15132,1대당 1일평균
경상북도 영덕군,2023-03,9,164,52,112,14974,4721,10253,1대당 1일평균
경상북도 청도군,2023-03,7,150,45,105,20947,4500,16447,1대당 1일평균
경상북도 고령군,2023-03,4,238,59,179,28778,4447,24331,1대당 1일평균
경상북도 성주군,2023-03,9,209,67,141,18975,6402,12573,1대당 1일평균
경상북도 칠곡군,2023-03,19,231,92,138,37946,9756,28190,1대당 1일평균
경상북도 예천군,2023-03,8,181,46,135,23555,4029,19526,1대당 1일평균
경상북도 봉화군,2023-03,3,168,29,139,18780,2368,16411,1대당 1일평균
경상북도 울진군,2023-03,11,194,53,141,24331,4576,19755,1대당 1일평균
경상북도 울릉군,2023-03,8,81,26,55,20789,3949,16841,1대당 1일평균
경상남도 창원시,2023-03,19,195,92,125,33619,11331,22287,1대당 1일평균
경상남도 진주시,2023-03,23,195,96,99,32653,11912,20741,1대당 1일평균
경상남도 통영시,2023-03,24,209,89,130,33978,11363,22615,1대당 1일평균
경상남도 사천시,2023-03,22,183,76,107,34539,8764,25775,1대당 1일평균
경상남도 김해시,2023-03,22,195,97,98,35406,12727,22679,1대당 1일평균
경상남도 밀양시,2023-03,16,173,61,115,29979,7000,22979,1대당 1일평균
경상남도 거제시,2023-03,25,211,106,105,38917,12333,26584,1대당 1일평균
경상남도 양산시,2023-03,21,182,90,93,36134,11002,25132,1대당 1일평균
경상남도 의령군,2023-03,5,174,48,126,15964,4085,11879,1대당 1일평균
경상남도 함안군,2023-03,9,179,59,119,25525,5805,19720,1대당 1일평균
경상남도 창녕군,2023-03,6,174,43,132,24270,4145,20125,1대당 1일평균
경상남도 고성군,2023-03,10,178,54,124,25596,5690,19905,1대당 1일평균
경상남도 남해군,2023-03,7,163,41,122,21793,3569,18224,1대당 1일평균
경상남도 하동군,2023-03,5,218,43,174,20873,3963,16910,1대당 1일평균
경상남도 산청군,2023-03,7,167,66,101,16337,5827,10510,1대당 1일평균
경상남도 함양군,2023-03,6,161,33,128,22362,3114,19248,1대당 1일평균
경상남도 거창군,2023-03,16,173,54,118,25382,6112,19271,1대당 1일평균
경상남도 합천군,2023-03,4,191,45,146,20140,4365,15775,1대당 1일평균
제주특별자치도,2023-03,20,216,112,106,34106,13575,20530,1대당 1일평균
서울특별시,2023-04,15,210,121,159,33845,15749,18096,1대당 1일평균
부산광역시,2023-04,18,182,103,81,32588,13993,18596,1대당 1일평균
대구광역시,2023-04,17,184,94,89,32186,12394,19792,1대당 1일평균
인천광역시,2023-04,17,200,113,89,33539,14745,18793,1대당 1일평균
광주광역시,2023-04,24,224,138,92,36460,17482,18978,1대당 1일평균
대전광역시,2023-04,23,190,116,75,33915,16531,17384,1대당 1일평균
울산광역시,2023-04,18,187,96,103,32069,11796,20273,1대당 1일평균
세종특별자치시,2023-04,22,301,149,152,39131,14758,24372,1대당 1일평균
경기도 수원시,2023-04,23,253,155,112,42407,19425,22983,1대당 1일평균
경기도 성남시,2023-04,20,252,136,120,37952,15396,22556,1대당 1일평균
경기도 의정부시,2023-04,28,268,149,152,43987,19118,24869,1대당 1일평균
경기도 안양시,2023-04,20,229,123,111,37722,15572,22150,1대당 1일평균
경기도 부천시,2023-04,18,211,100,700,33156,14219,18937,1대당 1일평균
경기도 광명시,2023-04,11,214,95,120,35603,10585,25019,1대당 1일평균
경기도 평택시,2023-04,21,231,122,197,35332,14521,20811,1대당 1일평균
경기도 동두천시,2023-04,18,210,82,195,39098,9165,29933,1대당 1일평균
경기도 안산시,2023-04,27,242,143,100,39256,18515,20741,1대당 1일평균
경기도 고양시,2023-04,20,294,176,119,46751,19242,27509,1대당 1일평균
경기도 과천시,2023-04,24,269,160,109,42283,18762,23522,1대당 1일평균
경기도 구리시,2023-04,25,297,173,123,43451,19332,24118,1대당 1일평균
경기도 남양주시,2023-04,20,232,133,99,36904,15051,21854,1대당 1일평균
경기도 오산시,2023-04,18,256,150,109,40142,17207,22935,1대당 1일평균
경기도 시흥시,2023-04,15,188,95,94,32666,11800,20866,1대당 1일평균
경기도 군포시,2023-04,22,255,147,108,40676,17342,23334,1대당 1일평균
경기도 의왕시,2023-04,20,218,127,91,36879,15108,21771,1대당 1일평균
경기도 하남시,2023-04,7,281,57,225,41057,5824,35233,1대당 1일평균
경기도 용인시,2023-04,13,222,105,154,32855,11882,20973,1대당 1일평균
경기도 파주시,2023-04,,,,,,,,1대당 1일평균
경기도 이천시,2023-04,25,284,147,146,45694,16077,29616,1대당 1일평균
경기도 안성시,2023-04,18,239,111,128,38444,11180,27264,1대당 1일평균
경기도 김포시,2023-04,22,293,187,152,41368,19616,21752,1대당 1일평균
경기도 화성시,2023-04,16,306,150,156,43829,15447,28381,1대당 1일평균
경기도 광주시,2023-04,15,258,145,113,36315,13756,22559,1대당 1일평균
경기도 양주시,2023-04,24,267,142,125,39052,16266,22786,1대당 1일평균
경기도 포천시,2023-04,13,209,79,130,23350,8150,15201,1대당 1일평균
경기도 여주시,2023-04,24,263,124,139,40106,13144,26962,1대당 1일평균
경기도 연천군,2023-04,23,363,146,216,45243,12083,33160,1대당 1일평균
경기도 가평군,2023-04,20,287,128,158,36048,11389,24658,1대당 1일평균
경기도 양평군,2023-04,24,299,121,178,37236,12032,25204,1대당 1일평균
강원특별자치도 춘천시,2023-04,25,165,81,84,33240,12482,20758,1대당 1일평균
강원특별자치도 원주시,2023-04,23,173,88,88,32787,11828,20959,1대당 1일평균
강원특별자치도 강릉시,2023-04,23,182,88,94,33715,11575,22140,1대당 1일평균
강원특별자치도 동해시,2023-04,21,151,71,80,32064,8500,23564,1대당 1일평균
강원특별자치도 태백시,2023-04,25,227,84,143,36295,8538,27757,1대당 1일평균
강원특별자치도 속초시,2023-04,24,166,74,97,31352,10113,21239,1대당 1일평균
강원특별자치도 삼척시,2023-04,32,202,88,124,39776,10853,28923,1대당 1일평균
강원특별자치도 홍천군,2023-04,13,192,49,143,37125,4840,32284,1대당 1일평균
강원특별자치도 횡성군,2023-04,14,215,73,143,36134,6834,29301,1대당 1일평균
강원특별자치도 영월군,2023-04,17,190,54,136,32348,5742,26606,1대당 1일평균
강원특별자치도 평창군,2023-04,8,174,61,113,17605,4914,12691,1대당 1일평균
강원특별자치도 정선군,2023-04,15,249,98,151,34187,7339,26848,1대당 1일평균
강원특별자치도 철원군,2023-04,13,183,78,105,28542,6723,21819,1대당 1일평균
강원특별자치도 화천군,2023-04,14,198,82,117,31104,6688,24416,1대당 1일평균
강원특별자치도 양구군,2023-04,15,276,125,150,27898,9509,18389,1대당 1일평균
강원특별자치도 인제군,2023-04,12,216,84,132,28307,6063,22244,1대당 1일평균
강원특별자치도 고성군,2023-04,11,220,84,136,37365,6995,30370,1대당 1일평균
강원특별자치도 양양군,2023-04,12,179,72,107,31998,6136,25862,1대당 1일평균
충청북도 청주시,2023-04,20,191,103,90,32175,14208,17967,1대당 1일평균
충청북도 충주시,2023-04,23,184,83,101,32309,10802,21507,1대당 1일평균
충청북도 제천시,2023-04,19,171,63,108,29507,8366,21141,1대당 1일평균
충청북도 보은군,2023-04,6,177,47,130,22907,4894,18013,1대당 1일평균
충청북도 옥천군,2023-04,16,169,58,112,32513,6912,25602,1대당 1일평균
충청북도 영동군,2023-04,14,189,60,129,31447,6041,25406,1대당 1일평균
충청북도 증평군,2023-04,13,202,64,138,33137,7069,26068,1대당 1일평균
충청북도 진천군,2023-04,22,274,114,164,36478,10979,25499,1대당 1일평균
충청북도 괴산군,2023-04,8,236,82,154,25711,7516,18195,1대당 1일평균
충청북도 음성군,2023-04,19,273,111,162,37690,9989,27700,1대당 1일평균
충청북도 단양군,2023-04,,,,,,,,1대당 1일평균
충청남도 천안시,2023-04,22,193,112,81,30965,15263,15702,1대당 1일평균
충청남도 공주시,2023-04,16,211,81,130,36065,8615,27449,1대당 1일평균
충청남도 보령시,2023-04,19,178,74,104,35771,8631,27140,1대당 1일평균
충청남도 아산시,2023-04,25,278,148,137,41175,15740,25435,1대당 1일평균
충청남도 서산시,2023-04,27,238,112,157,45297,14069,31227,1대당 1일평균
충청남도 논산시,2023-04,12,168,55,113,22352,6156,16197,1대당 1일평균
충청남도 계룡시,2023-04,19,239,102,137,34660,10333,24327,1대당 1일평균
충청남도 당진시,2023-04,19,264,105,159,36255,10087,26168,1대당 1일평균
충청남도 금산군,2023-04,,,,,,,,1대당 1일평균
충청남도 부여군,2023-04,10,213,62,151,34460,5863,28596,1대당 1일평균
충청남도 서천군,2023-04,10,219,58,161,28275,5198,23077,1대당 1일평균
충청남도 청양군,2023-04,6,191,47,144,24856,5035,19820,1대당 1일평균
충청남도 홍성군,2023-04,21,204,84,120,35543,8922,26621,1대당 1일평균
충청남도 예산군,2023-04,17,224,78,146,36690,7598,29092,1대당 1일평균
충청남도 태안군,2023-04,12,197,61,136,32508,5847,26661,1대당 1일평균
전북특별자치도 전주시,2023-04,26,197,108,89,35003,16239,18764,1대당 1일평균
전북특별자치도 군산시,2023-04,23,181,88,94,29656,11913,17743,1대당 1일평균
전북특별자치도 익산시,2023-04,24,194,92,103,36390,11856,24535,1대당 1일평균
전북특별자치도 정읍시,2023-04,19,175,66,109,32798,8222,24576,1대당 1일평균
전북특별자치도 남원시,2023-04,19,168,61,107,33087,7490,25597,1대당 1일평균
전북특별자치도 김제시,2023-04,16,163,54,110,26921,6780,20142,1대당 1일평균
전북특별자치도 완주군,2023-04,22,216,107,108,34217,14443,19774,1대당 1일평균
전북특별자치도 진안군,2023-04,7,236,59,176,26245,6182,20064,1대당 1일평균
전북특별자치도 무주군,2023-04,7,184,52,132,23226,5831,17395,1대당 1일평균
전북특별자치도 장수군,2023-04,3,221,46,176,19666,4913,14753,1대당 1일평균
전북특별자치도 임실군,2023-04,7,221,81,140,24219,7374,16845,1대당 1일평균
전북특별자치도 순창군,2023-04,8,209,64,145,27400,6780,20620,1대당 1일평균
전북특별자치도 고창군,2023-04,13,192,59,133,30307,6055,24252,1대당 1일평균
전북특별자치도 부안군,2023-04,12,187,59,129,26366,6000,20366,1대당 1일평균
전라남도 목포시,2023-04,24,188,84,119,32439,12432,20007,1대당 1일평균
전라남도 여수시,2023-04,25,203,105,98,33691,13315,20376,1대당 1일평균
전라남도 순천시,2023-04,29,221,118,131,38487,15318,23169,1대당 1일평균
전라남도 나주시,2023-04,14,210,82,129,85858,7021,78837,1대당 1일평균
전라남도 광양시,2023-04,21,198,99,116,35611,11144,24466,1대당 1일평균
전라남도 담양군,2023-04,8,171,54,118,26520,5268,21251,1대당 1일평균
전라남도 곡성군,2023-04,4,217,40,176,22164,3475,18689,1대당 1일평균
전라남도 구례군,2023-04,11,193,47,146,31747,4209,27538,1대당 1일평균
전라남도 고흥군,2023-04,6,202,38,164,24488,3896,20592,1대당 1일평균
전라남도 보성군,2023-04,8,208,62,146,20097,5349,14747,1대당 1일평균
전라남도 화순군,2023-04,17,187,71,115,37180,8882,28299,1대당 1일평균
전라남도 장흥군,2023-04,,,,,,,,1대당 1일평균
전라남도 강진군,2023-04,,,,,,,,1대당 1일평균
전라남도 해남군,2023-04,,,,,,,,1대당 1일평균
전라남도 영암군,2023-04,8,238,59,179,15217,5703,9514,1대당 1일평균
전라남도 무안군,2023-04,15,235,88,147,30246,9091,21155,1대당 1일평균
전라남도 함평군,2023-04,4,200,35,165,21271,3139,18132,1대당 1일평균
전라남도 영광군,2023-04,12,208,56,152,37762,5877,31886,1대당 1일평균
전라남도 장성군,2023-04,8,194,55,139,36023,4954,31069,1대당 1일평균
전라남도 완도군,2023-04,13,195,55,141,27401,6060,21340,1대당 1일평균
전라남도 진도군,2023-04,5,233,59,174,23416,5465,17951,1대당 1일평균
전라남도 신안군,2023-04,9,197,61,135,22210,6639,15571,1대당 1일평균
경상북도 포항시,2023-04,22,191,98,103,31793,13003,18790,1대당 1일평균
경상북도 경주시,2023-04,21,214,101,114,32514,11430,21084,1대당 1일평균
경상북도 김천시,2023-04,19,185,88,97,31863,9819,22044,1대당 1일평균
경상북도 안동시,2023-04,24,212,93,119,26611,11481,15131,1대당 1일평균
경상북도 구미시,2023-04,22,217,114,103,38328,13531,24796,1대당 1일평균
경상북도 영주시,2023-04,21,155,59,96,29947,8368,21579,1대당 1일평균
경상북도 영천시,2023-04,18,172,65,107,27187,7884,19303,1대당 1일평균
경상북도 상주시,2023-04,18,128,44,83,32676,6577,26100,1대당 1일평균
경상북도 문경시,2023-04,,,,,,,,1대당 1일평균
경상북도 경산시,2023-04,18,206,101,105,34089,11787,22302,1대당 1일평균
경상북도 의성군,2023-04,5,198,39,159,24040,3308,20732,1대당 1일평균
경상북도 청송군,2023-04,5,191,53,138,20540,4630,15910,1대당 1일평균
경상북도 영양군,2023-04,5,182,53,128,19613,5138,14475,1대당 1일평균
경상북도 영덕군,2023-04,10,175,59,116,15926,5341,10585,1대당 1일평균
경상북도 청도군,2023-04,7,155,48,107,21618,4774,16844,1대당 1일평균
경상북도 고령군,2023-04,6,240,62,179,31356,4979,26377,1대당 1일평균
경상북도 성주군,2023-04,,,,,,,,1대당 1일평균
경상북도 칠곡군,2023-04,18,240,99,141,37120,9710,27410,1대당 1일평균
경상북도 예천군,2023-04,9,191,50,141,24040,4439,19602,1대당 1일평균
경상북도 봉화군,2023-04,3,174,31,144,18975,2490,16485,1대당 1일평균
경상북도 울진군,2023-04,12,224,68,156,25853,5431,20422,1대당 1일평균
경상북도 울릉군,2023-04,11,136,40,97,27174,5620,21554,1대당 1일평균
경상남도 창원시,2023-04,20,203,97,125,33806,11923,21882,1대당 1일평균
경상남도 진주시,2023-04,24,200,100,100,33133,12223,20909,1대당 1일평균
경상남도 통영시,2023-04,25,214,95,119,34237,12109,22128,1대당 1일평균
경상남도 사천시,2023-04,23,193,81,112,34547,9276,25271,1대당 1일평균
경상남도 김해시,2023-04,25,236,116,120,39932,14626,25306,1대당 1일평균
경상남도 밀양시,2023-04,17,177,65,112,29622,7388,22235,1대당 1일평균
경상남도 거제시,2023-04,26,216,112,105,38564,13084,25480,1대당 1일평균
경상남도 양산시,2023-04,23,216,103,113,38660,12344,26315,1대당 1일평균
경상남도 의령군,2023-04,6,185,52,133,17179,4591,12588,1대당 1일평균
경상남도 함안군,2023-04,9,190,64,126,26454,6215,20239,1대당 1일평균
경상남도 창녕군,2023-04,6,185,46,138,24990,4498,20492,1대당 1일평균
경상남도 고성군,2023-04,11,190,59,131,25945,6155,19789,1대당 1일평균
경상남도 남해군,2023-04,11,230,59,171,30817,5298,25519,1대당 1일평균
경상남도 하동군,2023-04,4,217,40,177,19982,3420,16562,1대당 1일평균
경상남도 산청군,2023-04,8,180,73,107,17346,6494,10852,1대당 1일평균
경상남도 함양군,2023-04,7,171,36,135,22572,3516,19056,1대당 1일평균
경상남도 거창군,2023-04,17,181,58,123,25516,6432,19084,1대당 1일평균
경상남도 합천군,2023-04,4,203,46,157,21532,4586,16946,1대당 1일평균
제주특별자치도,2023-04,21,226,122,108,34440,14571,19869,1대당 1일평균
서울특별시,2023-05,14,206,120,121,33173,15593,17580,1대당 1일평균
부산광역시,2023-05,18,179,102,78,32175,14137,18038,1대당 1일평균
대구광역시,2023-05,18,186,96,89,32031,12683,19348,1대당 1일평균
인천광역시,2023-05,17,196,112,87,32851,14523,18328,1대당 1일평균
광주광역시,2023-05,24,221,137,90,36157,17507,18650,1대당 1일평균
대전광역시,2023-05,23,189,115,74,33617,16472,17144,1대당 1일평균
울산광역시,2023-05,18,187,97,99,31909,11976,19933,1대당 1일평균
세종특별자치시,2023-05,20,266,132,134,36219,13407,22812,1대당 1일평균
경기도 수원시,2023-05,20,217,132,97,37173,17305,19868,1대당 1일평균
경기도 성남시,2023-05,19,246,132,121,37292,15093,22199,1대당 1일평균
경기도 의정부시,2023-05,27,259,145,152,43188,18716,24471,1대당 1일평균
경기도 안양시,2023-05,19,205,110,95,35118,14411,20707,1대당 1일평균
경기도 부천시,2023-05,17,211,99,612,32647,14064,18583,1대당 1일평균
경기도 광명시,2023-05,11,211,93,119,35338,10371,24967,1대당 1일평균
경기도 평택시,2023-05,20,260,136,221,40353,15765,24588,1대당 1일평균
경기도 동두천시,2023-05,18,207,79,194,37964,9009,28954,1대당 1일평균
경기도 안산시,2023-05,26,233,137,99,38059,17883,20176,1대당 1일평균
경기도 고양시,2023-05,14,277,134,143,43727,13594,30133,1대당 1일평균
경기도 과천시,2023-05,25,280,167,113,43388,19363,24025,1대당 1일평균
경기도 구리시,2023-05,25,297,173,123,43627,19432,24195,1대당 1일평균
경기도 남양주시,2023-05,20,227,129,98,36486,14877,21609,1대당 1일평균
경기도 오산시,2023-05,16,232,135,105,36791,15771,21021,1대당 1일평균
경기도 시흥시,2023-05,15,186,94,92,32419,11707,20712,1대당 1일평균
경기도 군포시,2023-05,22,252,145,107,40389,17104,23285,1대당 1일평균
경기도 의왕시,2023-05,19,218,127,91,36233,15184,21050,1대당 1일평균
경기도 하남시,2023-05,20,305,164,141,42073,17355,24717,1대당 1일평균
경기도 용인시,2023-05,13,218,102,145,32336,11540,20795,1대당 1일평균
경기도 파주시,2023-05,,,,,,,,1대당 1일평균
경기도 이천시,2023-05,24,276,145,216,44636,15871,28765,1대당 1일평균
경기도 안성시,2023-05,16,228,102,126,35782,10564,25219,1대당 1일평균
경기도 김포시,2023-05,21,286,181,110,40534,18684,21850,1대당 1일평균
경기도 화성시,2023-05,15,293,145,148,41909,15024,26884,1대당 1일평균
경기도 광주시,2023-05,15,246,139,113,35029,13262,21767,1대당 1일평균
경기도 양주시,2023-05,23,263,142,121,38815,16314,22501,1대당 1일평균
경기도 포천시,2023-05,11,233,74,159,22646,7321,15325,1대당 1일평균
경기도 여주시,2023-05,24,257,119,138,39870,12932,26938,1대당 1일평균
경기도 연천군,2023-05,,,,,,,,1대당 1일평균
경기도 가평군,2023-05,20,296,133,163,36871,11871,24999,1대당 1일평균
경기도 양평군,2023-05,24,293,124,169,37084,12305,24779,1대당 1일평균
강원특별자치도 춘천시,2023-05,26,165,82,83,33058,12656,20403,1대당 1일평균
강원특별자치도 원주시,2023-05,24,175,90,87,32586,12103,20483,1대당 1일평균
강원특별자치도 강릉시,2023-05,23,184,91,93,33338,11923,21414,1대당 1일평균
강원특별자치도 동해시,2023-05,21,154,73,82,32019,8789,23229,1대당 1일평균
강원특별자치도 태백시,2023-05,26,227,88,139,36387,9041,27346,1대당 1일평균
강원특별자치도 속초시,2023-05,24,166,75,91,31186,10369,20818,1대당 1일평균
강원특별자치도 삼척시,2023-05,32,199,89,116,39432,11122,28310,1대당 1일평균
강원특별자치도 홍천군,2023-05,13,191,47,144,37033,4676,32357,1대당 1일평균
강원특별자치도 횡성군,2023-05,15,223,76,147,35915,7211,28704,1대당 1일평균
강원특별자치도 영월군,2023-05,18,194,56,138,31513,5930,25583,1대당 1일평균
강원특별자치도 평창군,2023-05,9,189,69,120,18598,5482,13116,1대당 1일평균
강원특별자치도 정선군,2023-05,16,257,100,157,33977,7549,26427,1대당 1일평균
강원특별자치도 철원군,2023-05,14,188,80,108,29766,6945,22821,1대당 1일평균
강원특별자치도 화천군,2023-05,14,200,82,118,30787,6679,24107,1대당 1일평균
강원특별자치도 양구군,2023-05,16,283,129,154,28751,9829,18921,1대당 1일평균
강원특별자치도 인제군,2023-05,12,228,87,140,29100,6407,22693,1대당 1일평균
강원특별자치도 고성군,2023-05,11,227,85,142,37784,7221,30563,1대당 1일평균
강원특별자치도 양양군,2023-05,13,206,85,121,33942,7021,26922,1대당 1일평균
충청북도 청주시,2023-05,20,190,103,91,32101,14227,17873,1대당 1일평균
충청북도 충주시,2023-05,23,182,83,99,32036,10902,21133,1대당 1일평균
충청북도 제천시,2023-05,19,172,63,110,29358,8426,20932,1대당 1일평균
충청북도 보은군,2023-05,6,175,46,129,22683,4962,17721,1대당 1일평균
충청북도 옥천군,2023-05,16,167,58,110,32280,6986,25294,1대당 1일평균
충청북도 영동군,2023-05,14,189,61,128,31194,6171,25023,1대당 1일평균
충청북도 증평군,2023-05,13,196,63,133,33147,7022,26125,1대당 1일평균
충청북도 진천군,2023-05,22,279,115,164,36409,11172,25238,1대당 1일평균
충청북도 괴산군,2023-05,9,242,84,157,26163,7795,18368,1대당 1일평균
충청북도 음성군,2023-05,19,273,112,161,38024,10143,27881,1대당 1일평균
충청북도 단양군,2023-05,,,,,,,,1대당 1일평균
충청남도 천안시,2023-05,22,202,115,88,31976,15374,16603,1대당 1일평균
충청남도 공주시,2023-05,17,209,81,128,36192,8867,27325,1대당 1일평균
충청남도 보령시,2023-05,19,181,78,104,35747,8988,26759,1대당 1일평균
충청남도 아산시,2023-05,25,276,149,141,40880,15705,25175,1대당 1일평균
충청남도 서산시,2023-05,25,229,104,125,45406,12321,33085,1대당 1일평균
충청남도 논산시,2023-05,12,179,60,120,23093,6528,16565,1대당 1일평균
충청남도 계룡시,2023-05,20,239,106,133,34531,10549,23981,1대당 1일평균
충청남도 당진시,2023-05,19,260,101,173,36004,9817,26187,1대당 1일평균
충청남도 금산군,2023-05,,,,,,,,1대당 1일평균
충청남도 부여군,2023-05,11,213,62,151,35364,6234,29130,1대당 1일평균
충청남도 서천군,2023-05,10,209,56,152,28244,5240,23005,1대당 1일평균
충청남도 청양군,2023-05,6,184,49,135,26290,5438,20852,1대당 1일평균
충청남도 홍성군,2023-05,22,206,86,120,35872,9247,26625,1대당 1일평균
충청남도 예산군,2023-05,17,219,77,142,35823,7504,28319,1대당 1일평균
충청남도 태안군,2023-05,12,195,60,139,32832,5810,27022,1대당 1일평균
전북특별자치도 전주시,2023-05,26,196,109,87,34582,16274,18307,1대당 1일평균
전북특별자치도 군산시,2023-05,23,179,88,92,29410,11905,17505,1대당 1일평균
전북특별자치도 익산시,2023-05,24,195,92,103,36191,12056,24135,1대당 1일평균
전북특별자치도 정읍시,2023-05,19,173,66,108,32499,8150,24349,1대당 1일평균
전북특별자치도 남원시,2023-05,19,170,63,107,33687,7818,25869,1대당 1일평균
전북특별자치도 김제시,2023-05,15,161,54,107,26531,6738,19792,1대당 1일평균
전북특별자치도 완주군,2023-05,22,212,107,105,33109,14398,18711,1대당 1일평균
전북특별자치도 진안군,2023-05,7,229,59,171,25392,6004,19388,1대당 1일평균
전북특별자치도 무주군,2023-05,7,198,57,141,23467,6181,17286,1대당 1일평균
전북특별자치도 장수군,2023-05,3,219,44,176,19701,4710,14991,1대당 1일평균
전북특별자치도 임실군,2023-05,7,220,81,140,23992,7234,16758,1대당 1일평균
전북특별자치도 순창군,2023-05,7,199,63,136,27304,7125,20180,1대당 1일평균
전북특별자치도 고창군,2023-05,13,199,54,145,31720,5508,26212,1대당 1일평균
전북특별자치도 부안군,2023-05,13,198,63,135,28698,6440,22258,1대당 1일평균
전라남도 목포시,2023-05,24,188,84,115,32455,12400,20055,1대당 1일평균
전라남도 여수시,2023-05,26,202,108,94,33912,13831,20081,1대당 1일평균
전라남도 순천시,2023-05,29,220,119,113,37680,15221,22459,1대당 1일평균
전라남도 나주시,2023-05,,,,,,,,1대당 1일평균
전라남도 광양시,2023-05,19,194,88,128,36724,9926,26798,1대당 1일평균
전라남도 담양군,2023-05,7,166,52,115,25995,5006,20989,1대당 1일평균
전라남도 곡성군,2023-05,4,225,41,184,21742,3488,18254,1대당 1일평균
전라남도 구례군,2023-05,11,196,46,150,32219,3935,28284,1대당 1일평균
전라남도 고흥군,2023-05,7,218,44,174,26090,4359,21730,1대당 1일평균
전라남도 보성군,2023-05,8,213,64,149,20759,5443,15316,1대당 1일평균
전라남도 화순군,2023-05,17,187,70,116,36889,8445,28444,1대당 1일평균
전라남도 장흥군,2023-05,6,222,63,159,22051,4656,17395,1대당 1일평균
전라남도 강진군,2023-05,,,,,,,,1대당 1일평균
전라남도 해남군,2023-05,,,,,,,,1대당 1일평균
전라남도 영암군,2023-05,9,235,64,172,17346,6395,10951,1대당 1일평균
전라남도 무안군,2023-05,15,236,88,148,30529,9067,21462,1대당 1일평균
전라남도 함평군,2023-05,4,198,37,161,21382,3431,17950,1대당 1일평균
전라남도 영광군,2023-05,12,209,55,154,38366,6061,32305,1대당 1일평균
전라남도 장성군,2023-05,9,189,54,136,35675,5030,30646,1대당 1일평균
전라남도 완도군,2023-05,13,206,59,148,27923,6494,21429,1대당 1일평균
전라남도 진도군,2023-05,4,222,55,167,22300,5062,17238,1대당 1일평균
전라남도 신안군,2023-05,9,203,65,138,22990,7284,15706,1대당 1일평균
경상북도 포항시,2023-05,22,189,99,91,31400,13231,18169,1대당 1일평균
경상북도 경주시,2023-05,21,209,97,112,32468,11179,21289,1대당 1일평균
경상북도 김천시,2023-05,19,187,91,97,32333,10108,22225,1대당 1일평균
경상북도 안동시,2023-05,24,208,94,115,26557,11602,14955,1대당 1일평균
경상북도 구미시,2023-05,22,217,117,101,38014,14116,23898,1대당 1일평균
경상북도 영주시,2023-05,21,157,60,98,30003,8468,21535,1대당 1일평균
경상북도 영천시,2023-05,18,173,67,108,27048,8079,18970,1대당 1일평균
경상북도 상주시,2023-05,17,130,44,86,32744,6430,26314,1대당 1일평균
경상북도 문경시,2023-05,,,,,,,,1대당 1일평균
경상북도 경산시,2023-05,18,209,104,105,33529,11960,21569,1대당 1일평균
경상북도 의성군,2023-05,5,200,38,161,24020,3471,20549,1대당 1일평균
경상북도 청송군,2023-05,6,187,53,133,21336,4755,16581,1대당 1일평균
경상북도 영양군,2023-05,5,203,56,147,22502,5330,17172,1대당 1일평균
경상북도 영덕군,2023-05,9,173,56,117,15803,5232,10571,1대당 1일평균
경상북도 청도군,2023-05,7,153,45,109,21481,4470,17011,1대당 1일평균
경상북도 고령군,2023-05,6,262,70,192,31807,5518,26289,1대당 1일평균
경상북도 성주군,2023-05,,,,,,,,1대당 1일평균
경상북도 칠곡군,2023-05,18,221,90,131,35992,9306,26686,1대당 1일평균
경상북도 예천군,2023-05,9,188,48,140,24035,4247,19789,1대당 1일평균
경상북도 봉화군,2023-05,3,184,32,153,18569,2556,16013,1대당 1일평균
경상북도 울진군,2023-05,12,227,67,160,25824,5409,20415,1대당 1일평균
경상북도 울릉군,2023-05,12,150,45,105,28781,6348,22432,1대당 1일평균
경상남도 창원시,2023-05,20,195,94,118,33192,11632,21560,1대당 1일평균
경상남도 진주시,2023-05,25,203,103,100,33263,12593,20670,1대당 1일평균
경상남도 통영시,2023-05,25,211,95,116,34119,12251,21868,1대당 1일평균
경상남도 사천시,2023-05,22,190,79,111,34364,9083,25281,1대당 1일평균
경상남도 김해시,2023-05,24,229,112,117,38995,14234,24761,1대당 1일평균
경상남도 밀양시,2023-05,17,178,65,117,29675,7611,22064,1대당 1일평균
경상남도 거제시,2023-05,26,218,114,105,38335,13247,25088,1대당 1일평균
경상남도 양산시,2023-05,23,215,104,113,38132,12428,25704,1대당 1일평균
경상남도 의령군,2023-05,5,177,50,129,16263,4416,11847,1대당 1일평균
경상남도 함안군,2023-05,10,190,64,125,26776,6477,20300,1대당 1일평균
경상남도 창녕군,2023-05,6,180,45,136,24929,4341,20588,1대당 1일평균
경상남도 고성군,2023-05,11,182,57,124,25128,6238,18890,1대당 1일평균
경상남도 남해군,2023-05,11,227,56,171,30732,5078,25654,1대당 1일평균
경상남도 하동군,2023-05,4,221,43,179,20493,3734,16759,1대당 1일평균
경상남도 산청군,2023-05,8,205,81,123,18935,7079,11855,1대당 1일평균
경상남도 함양군,2023-05,7,180,39,141,23247,3741,19506,1대당 1일평균
경상남도 거창군,2023-05,17,179,56,122,25400,6396,19004,1대당 1일평균
경상남도 합천군,2023-05,4,213,47,166,22718,4416,18302,1대당 1일평균
제주특별자치도,2023-05,21,225,123,105,34145,14652,19493,1대당 1일평균
서울특별시,2023-06,14,207,120,434570566759,33415,15679,17736,1대당 1일평균
부산광역시,2023-06,16,173,91,82,31903,12472,19431,1대당 1일평균
대구광역시,2023-06,17,184,93,91,32095,12298,19797,1대당 1일평균
인천광역시,2023-06,16,193,106,88,32903,13848,19054,1대당 1일평균
광주광역시,2023-06,22,214,123,97,35654,15797,19856,1대당 1일평균
대전광역시,2023-06,22,188,112,76,33502,15892,17610,1대당 1일평균
울산광역시,2023-06,18,187,96,98,32263,11854,20410,1대당 1일평균
세종특별자치시,2023-06,19,262,129,133,36265,13175,23090,1대당 1일평균
경기도 수원시,2023-06,19,201,118,97,35380,15958,19423,1대당 1일평균
경기도 성남시,2023-06,18,241,125,120,35984,14191,21793,1대당 1일평균
경기도 의정부시,2023-06,27,259,142,135,43268,18289,24980,1대당 1일평균
경기도 안양시,2023-06,19,205,109,98,35256,14164,21091,1대당 1일평균
경기도 부천시,2023-06,16,199,92,687,32141,13213,18928,1대당 1일평균
경기도 광명시,2023-06,11,214,95,119,35353,10584,24770,1대당 1일평균
경기도 평택시,2023-06,20,266,136,230,40581,15607,24974,1대당 1일평균
경기도 동두천시,2023-06,18,208,79,223,38186,8926,29259,1대당 1일평균
경기도 안산시,2023-06,20,217,109,108,36878,14007,22871,1대당 1일평균
경기도 고양시,2023-06,14,279,139,140,44132,13970,30163,1대당 1일평균
경기도 과천시,2023-06,24,268,162,106,42012,18618,23395,1대당 1일평균
경기도 구리시,2023-06,24,294,171,122,43577,19387,24189,1대당 1일평균
경기도 남양주시,2023-06,19,228,126,102,36783,14563,22220,1대당 1일평균
경기도 오산시,2023-06,16,240,135,105,38256,15487,22769,1대당 1일평균
경기도 시흥시,2023-06,15,184,92,92,32162,11525,20636,1대당 1일평균
경기도 군포시,2023-06,22,251,144,108,40396,16701,23695,1대당 1일평균
경기도 의왕시,2023-06,18,205,117,119,35000,14141,20860,1대당 1일평균
경기도 하남시,2023-06,21,302,171,131,42404,18345,24059,1대당 1일평균
경기도 용인시,2023-06,13,220,104,142,32882,11582,21300,1대당 1일평균
경기도 파주시,2023-06,,,,,,,,1대당 1일평균
경기도 이천시,2023-06,24,275,142,182,45126,15631,29495,1대당 1일평균
경기도 안성시,2023-06,15,251,101,150,40464,10098,30366,1대당 1일평균
경기도 김포시,2023-06,19,285,171,114,41014,17475,23539,1대당 1일평균
경기도 화성시,2023-06,16,303,151,152,43847,15551,28297,1대당 1일평균
경기도 광주시,2023-06,15,242,136,106,35034,13002,22031,1대당 1일평균
경기도 양주시,2023-06,23,245,134,112,37656,15492,22164,1대당 1일평균
경기도 포천시,2023-06,10,184,76,108,44771,6232,38539,1대당 1일평균
경기도 여주시,2023-06,21,250,106,144,38892,11333,27559,1대당 1일평균
경기도 연천군,2023-06,1,289,42,247,45608,23957,21651,1대당 1일평균
경기도 가평군,2023-06,18,301,123,177,35950,11188,24761,1대당 1일평균
경기도 양평군,2023-06,25,300,130,170,37829,12663,25166,1대당 1일평균
강원특별자치도 춘천시,2023-06,25,165,82,83,33194,12591,20603,1대당 1일평균
강원특별자치도 원주시,2023-06,23,172,86,86,32639,11680,20959,1대당 1일평균
강원특별자치도 강릉시,2023-06,24,190,96,94,33882,12701,21181,1대당 1일평균
강원특별자치도 동해시,2023-06,21,155,74,81,32324,8846,23478,1대당 1일평균
강원특별자치도 태백시,2023-06,25,215,84,131,36123,8784,27339,1대당 1일평균
강원특별자치도 속초시,2023-06,25,168,78,91,31925,10500,21425,1대당 1일평균
강원특별자치도 삼척시,2023-06,29,195,84,113,40016,10306,29710,1대당 1일평균
강원특별자치도 홍천군,2023-06,13,193,49,144,37075,4819,32256,1대당 1일평균
강원특별자치도 횡성군,2023-06,14,215,72,143,36096,6779,29318,1대당 1일평균
강원특별자치도 영월군,2023-06,18,193,55,138,31603,5909,25693,1대당 1일평균
강원특별자치도 평창군,2023-06,9,194,71,123,19235,5558,13677,1대당 1일평균
강원특별자치도 정선군,2023-06,16,254,100,155,34173,7584,26589,1대당 1일평균
강원특별자치도 철원군,2023-06,13,192,82,110,30006,7039,22967,1대당 1일평균
강원특별자치도 화천군,2023-06,14,204,83,121,31282,6704,24578,1대당 1일평균
강원특별자치도 양구군,2023-06,16,282,127,155,29053,9674,19379,1대당 1일평균
강원특별자치도 인제군,2023-06,11,235,87,148,29372,6149,23223,1대당 1일평균
강원특별자치도 고성군,2023-06,11,235,91,145,38453,7690,30763,1대당 1일평균
강원특별자치도 양양군,2023-06,15,241,107,134,35254,8452,26802,1대당 1일평균
충청북도 청주시,2023-06,20,189,101,90,32235,14044,18191,1대당 1일평균
충청북도 충주시,2023-06,23,178,81,97,32103,10717,21386,1대당 1일평균
충청북도 제천시,2023-06,19,168,62,133,29341,8378,20963,1대당 1일평균
충청북도 보은군,2023-06,5,174,47,127,22381,4991,17389,1대당 1일평균
충청북도 옥천군,2023-06,16,167,57,110,32358,6939,25419,1대당 1일평균
충청북도 영동군,2023-06,14,190,62,128,31371,6159,25212,1대당 1일평균
충청북도 증평군,2023-06,13,195,61,134,33290,6694,26597,1대당 1일평균
충청북도 진천군,2023-06,21,272,113,159,36301,10924,25378,1대당 1일평균
충청북도 괴산군,2023-06,8,233,81,152,25504,7473,18031,1대당 1일평균
충청북도 음성군,2023-06,18,266,107,159,38482,9722,28760,1대당 1일평균
충청북도 단양군,2023-06,16,147,41,106,24866,4881,19986,1대당 1일평균
충청남도 천안시,2023-06,21,201,109,92,32606,14732,17874,1대당 1일평균
충청남도 공주시,2023-06,16,210,78,132,36966,8458,28509,1대당 1일평균
충청남도 보령시,2023-06,20,186,80,106,36349,9229,27121,1대당 1일평균
충청남도 아산시,2023-06,25,273,145,137,41398,15444,25954,1대당 1일평균
충청남도 서산시,2023-06,26,229,108,122,45610,12675,32935,1대당 1일평균
충청남도 논산시,2023-06,12,169,54,115,22091,6037,16053,1대당 1일평균
충청남도 계룡시,2023-06,20,238,105,133,34950,10741,24208,1대당 1일평균
충청남도 당진시,2023-06,19,259,100,159,36279,9721,26558,1대당 1일평균
충청남도 금산군,2023-06,11,210,47,163,33731,6031,27700,1대당 1일평균
충청남도 부여군,2023-06,10,213,59,154,34444,5978,28466,1대당 1일평균
충청남도 서천군,2023-06,10,213,58,156,28460,5270,23190,1대당 1일평균
충청남도 청양군,2023-06,5,176,40,136,27655,4087,23567,1대당 1일평균
충청남도 홍성군,2023-06,21,205,85,120,36247,9152,27095,1대당 1일평균
충청남도 예산군,2023-06,17,224,78,146,36716,7480,29237,1대당 1일평균
충청남도 태안군,2023-06,12,190,60,130,33033,5830,27203,1대당 1일평균
전북특별자치도 전주시,2023-06,26,194,106,88,34656,15901,18755,1대당 1일평균
전북특별자치도 군산시,2023-06,23,176,85,91,29812,11496,18316,1대당 1일평균
전북특별자치도 익산시,2023-06,23,189,87,102,36177,11331,24846,1대당 1일평균
전북특별자치도 정읍시,2023-06,19,174,66,111,32973,8251,24722,1대당 1일평균
전북특별자치도 남원시,2023-06,18,164,59,105,32988,7251,25737,1대당 1일평균
전북특별자치도 김제시,2023-06,16,163,53,113,26899,6648,20251,1대당 1일평균
전북특별자치도 완주군,2023-06,21,194,98,96,32068,13478,18591,1대당 1일평균
전북특별자치도 진안군,2023-06,7,233,58,175,26006,6141,19866,1대당 1일평균
전북특별자치도 무주군,2023-06,7,208,66,143,23918,6774,17144,1대당 1일평균
전북특별자치도 장수군,2023-06,3,215,43,171,19572,4832,14740,1대당 1일평균
전북특별자치도 임실군,2023-06,7,215,83,133,23789,7384,16405,1대당 1일평균
전북특별자치도 순창군,2023-06,7,193,60,133,26961,6908,20054,1대당 1일평균
전북특별자치도 고창군,2023-06,14,202,60,142,31725,5867,25858,1대당 1일평균
전북특별자치도 부안군,2023-06,13,201,64,137,28785,6480,22306,1대당 1일평균
전라남도 목포시,2023-06,24,186,83,105,32535,12433,20102,1대당 1일평균
전라남도 여수시,2023-06,26,205,110,95,34122,13956,20167,1대당 1일평균
전라남도 순천시,2023-06,28,218,116,102,38026,14729,23296,1대당 1일평균
전라남도 나주시,2023-06,,,,,,,,1대당 1일평균
전라남도 광양시,2023-06,19,195,89,107,37309,10086,27224,1대당 1일평균
전라남도 담양군,2023-06,7,166,52,114,26175,5049,21125,1대당 1일평균
전라남도 곡성군,2023-06,3,227,41,186,20586,3142,17443,1대당 1일평균
전라남도 구례군,2023-06,11,188,48,140,32256,4158,28097,1대당 1일평균
전라남도 고흥군,2023-06,6,198,40,158,25125,4014,21111,1대당 1일평균
전라남도 보성군,2023-06,8,202,61,141,20220,5349,14871,1대당 1일평균
전라남도 화순군,2023-06,17,183,71,113,38306,8759,29546,1대당 1일평균
전라남도 장흥군,2023-06,7,235,64,171,25578,5507,20070,1대당 1일평균
전라남도 강진군,2023-06,,,,,,,,1대당 1일평균
전라남도 해남군,2023-06,,,,,,,,1대당 1일평균
전라남도 영암군,2023-06,8,244,69,175,17784,6300,11484,1대당 1일평균
전라남도 무안군,2023-06,15,236,88,148,30725,9065,21660,1대당 1일평균
전라남도 함평군,2023-06,4,196,34,161,20746,3001,17745,1대당 1일평균
전라남도 영광군,2023-06,12,212,56,156,38080,5928,32152,1대당 1일평균
전라남도 장성군,2023-06,8,192,54,138,36443,5049,31394,1대당 1일평균
전라남도 완도군,2023-06,13,200,56,144,27727,6177,21551,1대당 1일평균
전라남도 진도군,2023-06,4,211,53,158,21215,4785,16430,1대당 1일평균
전라남도 신안군,2023-06,10,214,73,141,23930,8038,15892,1대당 1일평균
경상북도 포항시,2023-06,20,184,90,94,31075,12060,19015,1대당 1일평균
경상북도 경주시,2023-06,20,209,96,114,32702,10885,21817,1대당 1일평균
경상북도 김천시,2023-06,18,185,86,98,33245,9704,23541,1대당 1일평균
경상북도 안동시,2023-06,23,205,90,115,26813,11031,15782,1대당 1일평균
경상북도 구미시,2023-06,23,221,120,102,38717,14696,24021,1대당 1일평균
경상북도 영주시,2023-06,21,152,58,94,29856,8243,21613,1대당 1일평균
경상북도 영천시,2023-06,19,175,67,108,27842,8126,19716,1대당 1일평균
경상북도 상주시,2023-06,16,138,43,95,33557,6142,27415,1대당 1일평균
경상북도 문경시,2023-06,,,,,,,,1대당 1일평균
경상북도 경산시,2023-06,17,197,96,101,32617,11186,21431,1대당 1일평균
경상북도 의성군,2023-06,5,203,40,164,24403,3512,20891,1대당 1일평균
경상북도 청송군,2023-06,6,188,54,134,21306,5032,16274,1대당 1일평균
경상북도 영양군,2023-06,5,200,61,139,23141,6025,17116,1대당 1일평균
경상북도 영덕군,2023-06,9,170,56,114,15732,5203,10529,1대당 1일평균
경상북도 청도군,2023-06,7,151,43,108,21735,4417,17318,1대당 1일평균
경상북도 고령군,2023-06,10,280,79,201,35011,6260,28751,1대당 1일평균
경상북도 성주군,2023-06,,,,,,,,1대당 1일평균
경상북도 칠곡군,2023-06,19,232,97,135,37944,9937,28007,1대당 1일평균
경상북도 예천군,2023-06,9,187,47,140,24593,4128,20464,1대당 1일평균
경상북도 봉화군,2023-06,3,181,32,149,18415,2537,15878,1대당 1일평균
경상북도 울진군,2023-06,12,231,71,160,25198,5610,19588,1대당 1일평균
경상북도 울릉군,2023-06,11,141,44,97,27653,6485,21168,1대당 1일평균
경상남도 창원시,2023-06,19,197,92,117,33830,11045,22785,1대당 1일평균
경상남도 진주시,2023-06,23,196,97,99,33880,11897,21983,1대당 1일평균
경상남도 통영시,2023-06,24,208,90,117,34293,11530,22763,1대당 1일평균
경상남도 사천시,2023-06,21,186,75,111,35511,8553,26958,1대당 1일평균
경상남도 김해시,2023-06,21,213,99,115,37785,12468,25316,1대당 1일평균
경상남도 밀양시,2023-06,17,168,62,106,30346,7138,23208,1대당 1일평균
경상남도 거제시,2023-06,25,216,112,105,38643,12940,25702,1대당 1일평균
경상남도 양산시,2023-06,23,215,102,113,39289,12105,27184,1대당 1일평균
경상남도 의령군,2023-06,5,171,49,122,16341,4586,11755,1대당 1일평균
경상남도 함안군,2023-06,9,187,62,126,27042,6146,20895,1대당 1일평균
경상남도 창녕군,2023-06,7,184,46,138,25356,4470,20886,1대당 1일평균
경상남도 고성군,2023-06,11,183,59,124,26044,6420,19624,1대당 1일평균
경상남도 남해군,2023-06,11,223,58,165,31142,5244,25898,1대당 1일평균
경상남도 하동군,2023-06,4,218,40,178,20434,3412,17022,1대당 1일평균
경상남도 산청군,2023-06,8,195,78,117,18295,6889,11406,1대당 1일평균
경상남도 함양군,2023-06,7,178,37,141,23486,3514,19972,1대당 1일평균
경상남도 거창군,2023-06,16,176,56,121,25634,6332,19302,1대당 1일평균
경상남도 합천군,2023-06,5,199,48,151,21542,4536,17005,1대당 1일평균
제주특별자치도,2023-06,22,233,130,105,35032,15364,19667,1대당 1일평균
서울특별시,2023-07,14,202,116,160,33306,15486,17820,1대당 1일평균
부산광역시,2023-07,16,169,90,79,31787,12619,19168,1대당 1일평균
대구광역시,2023-07,17,182,91,92,32230,12124,20106,1대당 1일평균
인천광역시,2023-07,15,186,99,88,33145,12840,20305,1대당 1일평균
광주광역시,2023-07,20,189,109,80,34099,14702,19397,1대당 1일평균
대전광역시,2023-07,20,174,98,76,32963,14231,18732,1대당 1일평균
울산광역시,2023-07,18,186,94,101,32072,11814,20257,1대당 1일평균
세종특별자치시,2023-07,18,251,120,131,36059,12536,23522,1대당 1일평균
경기도 수원시,2023-07,17,191,107,85,34928,14586,20342,1대당 1일평균
경기도 성남시,2023-07,17,231,119,112,35974,13554,22419,1대당 1일평균
경기도 의정부시,2023-07,27,269,148,121,44192,18472,25720,1대당 1일평균
경기도 안양시,2023-07,17,199,103,96,35619,13402,22217,1대당 1일평균
경기도 부천시,2023-07,15,157,79,83,30984,11929,19055,1대당 1일평균
경기도 광명시,2023-07,11,211,94,117,35663,10655,25008,1대당 1일평균
경기도 평택시,2023-07,20,251,128,179,39219,14841,24379,1대당 1일평균
경기도 동두천시,2023-07,16,199,74,151,37876,8253,29623,1대당 1일평균
경기도 안산시,2023-07,21,201,113,89,35958,14765,21193,1대당 1일평균
경기도 고양시,2023-07,14,273,135,138,45033,13903,31129,1대당 1일평균
경기도 과천시,2023-07,22,250,146,104,42222,17339,24883,1대당 1일평균
경기도 구리시,2023-07,22,284,157,127,41981,17382,24599,1대당 1일평균
경기도 남양주시,2023-07,18,217,117,100,36647,13628,23019,1대당 1일평균
경기도 오산시,2023-07,13,221,112,109,36164,12653,23511,1대당 1일평균
경기도 시흥시,2023-07,16,179,95,85,32742,11987,20755,1대당 1일평균
경기도 군포시,2023-07,20,240,134,106,40701,15599,25102,1대당 1일평균
경기도 의왕시,2023-07,18,199,115,85,34552,13763,20789,1대당 1일평균
경기도 하남시,2023-07,19,285,157,127,41362,16972,24390,1대당 1일평균
경기도 용인시,2023-07,13,218,100,145,32880,11210,21670,1대당 1일평균
경기도 파주시,2023-07,,,,,,,,1대당 1일평균
경기도 이천시,2023-07,23,268,133,135,45322,14797,30525,1대당 1일평균
경기도 안성시,2023-07,15,251,101,150,41944,10015,31929,1대당 1일평균
경기도 김포시,2023-07,18,282,166,116,44337,16358,27979,1대당 1일평균
경기도 화성시,2023-07,15,293,142,151,43685,14726,28959,1대당 1일평균
경기도 광주시,2023-07,14,231,123,108,34335,12041,22294,1대당 1일평균
경기도 양주시,2023-07,19,226,120,106,32238,12594,19644,1대당 1일평균
경기도 포천시,2023-07,,,,,,,,1대당 1일평균
경기도 여주시,2023-07,20,238,97,141,39494,10459,29035,1대당 1일평균
경기도 연천군,2023-07,1,228,4,224,63126,44557,18570,1대당 1일평균
경기도 가평군,2023-07,20,300,138,162,36560,12478,24082,1대당 1일평균
경기도 양평군,2023-07,24,299,125,182,37815,12506,25309,1대당 1일평균
강원특별자치도 춘천시,2023-07,24,160,77,83,32909,11791,21118,1대당 1일평균
강원특별자치도 원주시,2023-07,23,169,85,87,32521,11489,21032,1대당 1일평균
강원특별자치도 강릉시,2023-07,23,189,94,96,33408,12118,21290,1대당 1일평균
강원특별자치도 동해시,2023-07,22,155,74,81,32475,8958,23517,1대당 1일평균
강원특별자치도 태백시,2023-07,25,216,86,130,35464,9133,26331,1대당 1일평균
강원특별자치도 속초시,2023-07,25,167,79,89,32679,10957,21722,1대당 1일평균
강원특별자치도 삼척시,2023-07,27,189,79,110,39136,9815,29321,1대당 1일평균
강원특별자치도 홍천군,2023-07,15,205,54,151,38167,5361,32805,1대당 1일평균
강원특별자치도 횡성군,2023-07,15,216,74,142,37025,6962,30063,1대당 1일평균
강원특별자치도 영월군,2023-07,17,189,54,135,32073,5801,26271,1대당 1일평균
강원특별자치도 평창군,2023-07,11,211,79,132,21378,6222,15156,1대당 1일평균
강원특별자치도 정선군,2023-07,17,264,105,159,33990,8141,25849,1대당 1일평균
강원특별자치도 철원군,2023-07,13,183,76,107,29675,6538,23137,1대당 1일평균
강원특별자치도 화천군,2023-07,14,197,80,118,31507,6585,24922,1대당 1일평균
강원특별자치도 양구군,2023-07,16,282,128,154,30246,9688,20558,1대당 1일평균
강원특별자치도 인제군,2023-07,12,233,87,146,29558,6145,23413,1대당 1일평균
강원특별자치도 고성군,2023-07,11,231,89,141,38597,7787,30810,1대당 1일평균
강원특별자치도 양양군,2023-07,17,288,143,145,38467,10696,27771,1대당 1일평균
충청북도 청주시,2023-07,19,186,98,89,31780,13786,17994,1대당 1일평균
충청북도 충주시,2023-07,22,173,75,98,31607,10095,21512,1대당 1일평균
충청북도 제천시,2023-07,18,163,58,132,29072,7785,21286,1대당 1일평균
충청북도 보은군,2023-07,6,172,45,127,23591,4975,18616,1대당 1일평균
충청북도 옥천군,2023-07,16,164,56,108,32377,6918,25459,1대당 1일평균
충청북도 영동군,2023-07,13,183,58,125,31749,5898,25851,1대당 1일평균
충청북도 증평군,2023-07,13,188,59,129,32345,6677,25668,1대당 1일평균
충청북도 진천군,2023-07,21,269,112,157,35204,10889,24315,1대당 1일평균
충청북도 괴산군,2023-07,8,211,75,141,24130,7210,16920,1대당 1일평균
충청북도 음성군,2023-07,18,266,106,159,38031,9768,28263,1대당 1일평균
충청북도 단양군,2023-07,14,183,59,125,27937,6320,21616,1대당 1일평균
충청남도 천안시,2023-07,21,196,106,91,29197,14220,14976,1대당 1일평균
충청남도 공주시,2023-07,14,198,72,125,34659,7978,26681,1대당 1일평균
충청남도 보령시,2023-07,19,186,81,105,35831,9363,26468,1대당 1일평균
충청남도 아산시,2023-07,21,240,120,129,37095,13075,24020,1대당 1일평균
충청남도 서산시,2023-07,26,221,103,124,44688,12469,32219,1대당 1일평균
충청남도 논산시,2023-07,11,171,54,118,22230,6078,16152,1대당 1일평균
충청남도 계룡시,2023-07,19,233,102,131,35008,10743,24265,1대당 1일평균
충청남도 당진시,2023-07,19,251,98,153,35871,9696,26175,1대당 1일평균
충청남도 금산군,2023-07,11,214,62,152,37575,6792,30783,1대당 1일평균
충청남도 부여군,2023-07,10,198,57,141,35283,5646,29638,1대당 1일평균
충청남도 서천군,2023-07,9,206,55,152,30384,5127,25257,1대당 1일평균
충청남도 청양군,2023-07,5,152,37,115,29836,3162,26674,1대당 1일평균
충청남도 홍성군,2023-07,19,197,78,119,35375,8517,26858,1대당 1일평균
충청남도 예산군,2023-07,16,219,76,143,36538,7360,29178,1대당 1일평균
충청남도 태안군,2023-07,12,196,63,134,32718,5988,26729,1대당 1일평균
전북특별자치도 전주시,2023-07,25,186,99,87,34037,15051,18985,1대당 1일평균
전북특별자치도 군산시,2023-07,23,195,92,104,34114,11347,22767,1대당 1일평균
전북특별자치도 익산시,2023-07,22,187,84,103,35290,11044,24246,1대당 1일평균
전북특별자치도 정읍시,2023-07,20,177,67,157,33794,8187,25607,1대당 1일평균
전북특별자치도 남원시,2023-07,17,158,55,102,32654,6907,25747,1대당 1일평균
전북특별자치도 김제시,2023-07,15,158,51,108,26864,6263,20602,1대당 1일평균
전북특별자치도 완주군,2023-07,21,201,99,102,32919,13407,19512,1대당 1일평균
전북특별자치도 진안군,2023-07,8,215,61,155,26125,6684,19441,1대당 1일평균
전북특별자치도 무주군,2023-07,6,179,51,129,20851,5781,15070,1대당 1일평균
전북특별자치도 장수군,2023-07,3,208,41,167,19326,4535,14791,1대당 1일평균
전북특별자치도 임실군,2023-07,6,202,74,129,23246,6809,16436,1대당 1일평균
전북특별자치도 순창군,2023-07,7,179,55,124,24255,6303,17952,1대당 1일평균
전북특별자치도 고창군,2023-07,13,183,51,132,31576,5352,26224,1대당 1일평균
전북특별자치도 부안군,2023-07,12,193,58,135,27967,5636,22332,1대당 1일평균
전라남도 목포시,2023-07,24,182,82,100,32142,12450,19693,1대당 1일평균
전라남도 여수시,2023-07,26,203,110,93,34068,14061,20007,1대당 1일평균
전라남도 순천시,2023-07,28,213,111,126,37592,14245,23347,1대당 1일평균
전라남도 나주시,2023-07,4,177,22,155,13853,2444,11410,1대당 1일평균
전라남도 광양시,2023-07,20,193,89,105,36621,10209,26412,1대당 1일평균
전라남도 담양군,2023-07,7,164,53,111,25407,5134,20273,1대당 1일평균
전라남도 곡성군,2023-07,3,225,40,185,21338,2884,18454,1대당 1일평균
전라남도 구례군,2023-07,10,180,46,134,32363,4022,28341,1대당 1일평균
전라남도 고흥군,2023-07,6,194,36,158,25116,3706,21410,1대당 1일평균
전라남도 보성군,2023-07,8,194,58,136,19732,4901,14831,1대당 1일평균
전라남도 화순군,2023-07,17,174,65,109,36326,8079,28247,1대당 1일평균
전라남도 장흥군,2023-07,8,230,64,166,25521,5582,19938,1대당 1일평균
전라남도 강진군,2023-07,,,,,,,,1대당 1일평균
전라남도 해남군,2023-07,,,,,,,,1대당 1일평균
전라남도 영암군,2023-07,8,226,63,162,15960,5812,10147,1대당 1일평균
전라남도 무안군,2023-07,15,229,86,143,30032,8911,21120,1대당 1일평균
전라남도 함평군,2023-07,3,186,35,150,19278,3048,16231,1대당 1일평균
전라남도 영광군,2023-07,13,204,54,150,37777,6068,31709,1대당 1일평균
전라남도 장성군,2023-07,8,178,49,129,34875,4693,30182,1대당 1일평균
전라남도 완도군,2023-07,13,191,55,136,27931,6099,21833,1대당 1일평균
전라남도 진도군,2023-07,4,196,50,146,20525,4694,15831,1대당 1일평균
전라남도 신안군,2023-07,10,198,69,129,22395,7677,14718,1대당 1일평균
경상북도 포항시,2023-07,20,183,91,95,31813,12131,19682,1대당 1일평균
경상북도 경주시,2023-07,20,211,97,114,32916,10921,21995,1대당 1일평균
경상북도 김천시,2023-07,17,183,84,99,32691,9298,23393,1대당 1일평균
경상북도 안동시,2023-07,22,196,84,112,26687,10513,16174,1대당 1일평균
경상북도 구미시,2023-07,22,213,114,99,35048,13982,21066,1대당 1일평균
경상북도 영주시,2023-07,20,147,56,92,29290,8080,21210,1대당 1일평균
경상북도 영천시,2023-07,18,172,65,107,27654,7900,19754,1대당 1일평균
경상북도 상주시,2023-07,17,136,44,92,33159,6418,26740,1대당 1일평균
경상북도 문경시,2023-07,,,,,,,,1대당 1일평균
경상북도 경산시,2023-07,15,183,85,98,31837,10173,21664,1대당 1일평균
경상북도 의성군,2023-07,5,183,39,144,23316,3417,19899,1대당 1일평균
경상북도 청송군,2023-07,5,180,53,126,20727,4842,15885,1대당 1일평균
경상북도 영양군,2023-07,5,193,60,132,22656,5984,16672,1대당 1일평균
경상북도 영덕군,2023-07,9,171,56,115,16171,5195,10976,1대당 1일평균
경상북도 청도군,2023-07,7,156,47,109,21912,4567,17345,1대당 1일평균
경상북도 고령군,2023-07,11,276,76,199,35619,6510,29109,1대당 1일평균
경상북도 성주군,2023-07,,,,,,,,1대당 1일평균
경상북도 칠곡군,2023-07,19,243,100,143,38626,10256,28370,1대당 1일평균
경상북도 예천군,2023-07,8,189,45,144,24192,4068,20124,1대당 1일평균
경상북도 봉화군,2023-07,4,177,32,144,19185,2646,16539,1대당 1일평균
경상북도 울진군,2023-07,13,239,74,165,28310,6012,22299,1대당 1일평균
경상북도 울릉군,2023-07,10,123,39,84,25389,5833,19556,1대당 1일평균
경상남도 창원시,2023-07,19,195,91,117,33317,10996,22321,1대당 1일평균
경상남도 진주시,2023-07,22,189,90,99,33386,11104,22282,1대당 1일평균
경상남도 통영시,2023-07,22,202,85,117,34135,10970,23165,1대당 1일평균
경상남도 사천시,2023-07,20,179,71,116,35203,8195,27008,1대당 1일평균
경상남도 김해시,2023-07,21,205,98,109,36575,12465,24110,1대당 1일평균
경상남도 밀양시,2023-07,16,163,61,102,30078,7076,23002,1대당 1일평균
경상남도 거제시,2023-07,26,217,113,104,38849,13204,25646,1대당 1일평균
경상남도 양산시,2023-07,22,210,97,113,37894,11649,26245,1대당 1일평균
경상남도 의령군,2023-07,5,165,47,118,16307,4370,11937,1대당 1일평균
경상남도 함안군,2023-07,9,189,63,126,27450,6191,21259,1대당 1일평균
경상남도 창녕군,2023-07,7,181,43,137,26054,4308,21747,1대당 1일평균
경상남도 고성군,2023-07,11,182,59,123,27059,6516,20543,1대당 1일평균
경상남도 남해군,2023-07,10,214,52,162,30590,4686,25904,1대당 1일평균
경상남도 하동군,2023-07,4,199,36,164,19544,3276,16269,1대당 1일평균
경상남도 산청군,2023-07,8,175,70,105,17025,6051,10974,1대당 1일평균
경상남도 함양군,2023-07,7,171,35,136,23384,3352,20032,1대당 1일평균
경상남도 거창군,2023-07,17,170,54,116,26061,6324,19736,1대당 1일평균
경상남도 합천군,2023-07,5,185,49,136,20754,4831,15923,1대당 1일평균
제주특별자치도,2023-07,22,231,130,101,35305,15332,19973,1대당 1일평균
서울특별시,2023-08,14,200,115,177,33195,15211,17984,1대당 1일평균
부산광역시,2023-08,17,170,93,77,32017,13038,18979,1대당 1일평균
대구광역시,2023-08,15,159,77,82,30385,10873,19512,1대당 1일평균
인천광역시,2023-08,16,191,106,87,33403,13379,20024,1대당 1일평균
광주광역시,2023-08,20,183,108,76,33869,14741,19128,1대당 1일평균
대전광역시,2023-08,19,170,97,77,32841,14167,18675,1대당 1일평균
울산광역시,2023-08,18,184,94,99,32299,11732,20568,1대당 1일평균
세종특별자치시,2023-08,19,251,123,128,36665,12836,23829,1대당 1일평균
경기도 수원시,2023-08,18,188,109,84,34283,15004,19279,1대당 1일평균
경기도 성남시,2023-08,17,216,114,102,35070,13413,21658,1대당 1일평균
경기도 의정부시,2023-08,25,259,135,124,44336,17193,27143,1대당 1일평균
경기도 안양시,2023-08,17,191,99,92,35101,12953,22148,1대당 1일평균
경기도 부천시,2023-08,15,163,84,84,31699,12278,19421,1대당 1일평균
경기도 광명시,2023-08,11,190,86,109,33303,10374,22929,1대당 1일평균
경기도 평택시,2023-08,19,219,111,161,36237,13491,22747,1대당 1일평균
경기도 동두천시,2023-08,19,194,80,114,38668,9220,29448,1대당 1일평균
경기도 안산시,2023-08,21,181,103,78,33687,14052,19634,1대당 1일평균
경기도 고양시,2023-08,15,224,119,106,38037,13290,24747,1대당 1일평균
경기도 과천시,2023-08,21,238,135,103,40850,16275,24575,1대당 1일평균
경기도 구리시,2023-08,18,220,119,101,35527,13974,21553,1대당 1일평균
경기도 남양주시,2023-08,18,204,111,94,35247,12966,22281,1대당 1일평균
경기도 오산시,2023-08,14,208,105,103,35211,12723,22488,1대당 1일평균
경기도 시흥시,2023-08,16,181,98,83,32847,12222,20625,1대당 1일평균
경기도 군포시,2023-08,15,174,91,83,32480,11882,20598,1대당 1일평균
경기도 의왕시,2023-08,16,184,102,81,32778,12640,20138,1대당 1일평균
경기도 하남시,2023-08,16,221,115,106,35599,13486,22113,1대당 1일평균
경기도 용인시,2023-08,15,215,117,117,32810,13147,19663,1대당 1일평균
경기도 파주시,2023-08,18,291,148,143,43286,14361,28926,1대당 1일평균
경기도 이천시,2023-08,20,238,116,122,40766,12985,27781,1대당 1일평균
경기도 안성시,2023-08,15,218,91,127,34290,9594,24696,1대당 1일평균
경기도 김포시,2023-08,17,286,161,126,44697,15799,28898,1대당 1일평균
경기도 화성시,2023-08,15,273,134,139,40989,14276,26713,1대당 1일평균
경기도 광주시,2023-08,15,220,115,107,34838,12400,22438,1대당 1일평균
경기도 양주시,2023-08,16,229,102,127,36791,11092,25699,1대당 1일평균
경기도 포천시,2023-08,17,258,108,149,40626,10509,30117,1대당 1일평균
경기도 여주시,2023-08,18,219,92,127,36878,9938,26940,1대당 1일평균
경기도 연천군,2023-08,13,291,84,206,38662,6323,32339,1대당 1일평균
경기도 가평군,2023-08,20,284,137,147,35142,12588,22554,1대당 1일평균
경기도 양평군,2023-08,19,245,102,143,32458,10267,22190,1대당 1일평균
강원특별자치도 춘천시,2023-08,24,161,77,84,33219,11857,21363,1대당 1일평균
강원특별자치도 원주시,2023-08,24,169,87,89,32924,11829,21095,1대당 1일평균
강원특별자치도 강릉시,2023-08,24,196,101,103,34143,13074,21069,1대당 1일평균
강원특별자치도 동해시,2023-08,22,156,75,83,32427,9090,23337,1대당 1일평균
강원특별자치도 태백시,2023-08,26,217,88,129,35133,9315,25818,1대당 1일평균
강원특별자치도 속초시,2023-08,27,168,84,84,32249,12026,20223,1대당 1일평균
강원특별자치도 삼척시,2023-08,27,191,82,110,39676,10053,29623,1대당 1일평균
강원특별자치도 홍천군,2023-08,13,208,50,158,37648,4971,32677,1대당 1일평균
강원특별자치도 횡성군,2023-08,15,225,77,148,37204,7188,30015,1대당 1일평균
강원특별자치도 영월군,2023-08,19,197,58,138,32838,6330,26509,1대당 1일평균
강원특별자치도 평창군,2023-08,11,224,86,138,23080,6838,16242,1대당 1일평균
강원특별자치도 정선군,2023-08,18,265,108,157,34463,8680,25783,1대당 1일평균
강원특별자치도 철원군,2023-08,13,189,80,109,30326,6936,23390,1대당 1일평균
강원특별자치도 화천군,2023-08,14,201,82,119,32476,6807,25669,1대당 1일평균
강원특별자치도 양구군,2023-08,17,288,132,156,31089,10197,20891,1대당 1일평균
강원특별자치도 인제군,2023-08,12,249,92,157,29591,6548,23043,1대당 1일평균
강원특별자치도 고성군,2023-08,12,232,91,141,38100,8197,29903,1대당 1일평균
강원특별자치도 양양군,2023-08,20,342,191,151,39910,13953,25956,1대당 1일평균
충청북도 청주시,2023-08,19,185,97,88,32198,13574,18624,1대당 1일평균
충청북도 충주시,2023-08,22,175,77,98,32207,10184,22023,1대당 1일평균
충청북도 제천시,2023-08,18,163,57,120,29731,7622,22109,1대당 1일평균
충청북도 보은군,2023-08,7,180,54,126,24875,5777,19098,1대당 1일평균
충청북도 옥천군,2023-08,16,156,55,101,32817,6780,26037,1대당 1일평균
충청북도 영동군,2023-08,14,181,61,120,32833,6293,26540,1대당 1일평균
충청북도 증평군,2023-08,13,182,58,124,33116,6553,26563,1대당 1일평균
충청북도 진천군,2023-08,21,270,114,158,36111,10981,25130,1대당 1일평균
충청북도 괴산군,2023-08,10,225,88,137,25458,8385,17073,1대당 1일평균
충청북도 음성군,2023-08,19,261,109,156,38587,9933,28653,1대당 1일평균
충청북도 단양군,2023-08,14,187,65,122,28842,7091,21751,1대당 1일평균
충청남도 천안시,2023-08,21,198,109,89,31625,14676,16949,1대당 1일평균
충청남도 공주시,2023-08,15,207,76,131,37676,8192,29484,1대당 1일평균
충청남도 보령시,2023-08,20,192,88,104,36899,9825,27073,1대당 1일평균
충청남도 아산시,2023-08,20,216,113,103,34878,12517,22361,1대당 1일평균
충청남도 서산시,2023-08,25,218,100,189,44602,12102,32499,1대당 1일평균
충청남도 논산시,2023-08,12,169,57,112,24454,6520,17934,1대당 1일평균
충청남도 계룡시,2023-08,20,231,103,129,35584,11002,24582,1대당 1일평균
충청남도 당진시,2023-08,19,254,99,155,36078,9633,26445,1대당 1일평균
충청남도 금산군,2023-08,13,196,58,138,39218,6907,32311,1대당 1일평균
충청남도 부여군,2023-08,11,209,67,143,36744,6546,30198,1대당 1일평균
충청남도 서천군,2023-08,10,207,56,151,30434,5229,25205,1대당 1일평균
충청남도 청양군,2023-08,5,150,35,115,30031,3109,26922,1대당 1일평균
충청남도 홍성군,2023-08,20,198,81,117,36481,8920,27560,1대당 1일평균
충청남도 예산군,2023-08,16,208,71,138,36361,7047,29314,1대당 1일평균
충청남도 태안군,2023-08,12,210,70,141,33793,6453,27340,1대당 1일평균
전북특별자치도 전주시,2023-08,22,174,90,84,33123,13659,19464,1대당 1일평균
전북특별자치도 군산시,2023-08,20,179,77,102,32834,10022,22812,1대당 1일평균
전북특별자치도 익산시,2023-08,22,184,82,102,36540,10683,25857,1대당 1일평균
전북특별자치도 정읍시,2023-08,17,164,57,128,33298,6975,26323,1대당 1일평균
전북특별자치도 남원시,2023-08,15,163,53,110,36488,5686,30803,1대당 1일평균
전북특별자치도 김제시,2023-08,10,152,46,106,26579,5180,21400,1대당 1일평균
전북특별자치도 완주군,2023-08,18,199,89,110,34175,11398,22778,1대당 1일평균
전북특별자치도 진안군,2023-08,8,222,73,148,27443,7329,20113,1대당 1일평균
전북특별자치도 무주군,2023-08,7,179,56,123,21335,6518,14817,1대당 1일평균
전북특별자치도 장수군,2023-08,5,219,54,164,20068,5577,14491,1대당 1일평균
전북특별자치도 임실군,2023-08,7,190,70,120,22933,6573,16360,1대당 1일평균
전북특별자치도 순창군,2023-08,6,176,50,126,25803,5976,19827,1대당 1일평균
전북특별자치도 고창군,2023-08,13,189,53,136,33028,5438,27590,1대당 1일평균
전북특별자치도 부안군,2023-08,11,348,128,220,26125,8424,17701,1대당 1일평균
전라남도 목포시,2023-08,25,183,84,100,32712,12727,19985,1대당 1일평균
전라남도 여수시,2023-08,27,203,113,90,34312,14572,19740,1대당 1일평균
전라남도 순천시,2023-08,28,213,113,100,37977,14575,23402,1대당 1일평균
전라남도 나주시,2023-08,4,184,23,161,14966,2573,12392,1대당 1일평균
전라남도 광양시,2023-08,20,192,89,103,36397,10286,26111,1대당 1일평균
전라남도 담양군,2023-08,8,165,55,110,26559,5556,21003,1대당 1일평균
전라남도 곡성군,2023-08,3,210,34,176,23515,2700,20816,1대당 1일평균
전라남도 구례군,2023-08,10,182,47,134,33428,4175,29254,1대당 1일평균
전라남도 고흥군,2023-08,6,195,35,160,24262,3751,20511,1대당 1일평균
전라남도 보성군,2023-08,8,193,58,134,19819,4945,14874,1대당 1일평균
전라남도 화순군,2023-08,17,177,68,109,35864,8414,27451,1대당 1일평균
전라남도 장흥군,2023-08,8,223,64,159,26983,5747,21236,1대당 1일평균
전라남도 강진군,2023-08,,,,,,,,1대당 1일평균
전라남도 해남군,2023-08,,,,,,,,1대당 1일평균
전라남도 영암군,2023-08,8,219,68,151,16868,6067,10801,1대당 1일평균
전라남도 무안군,2023-08,15,226,86,140,30593,9100,21493,1대당 1일평균
전라남도 함평군,2023-08,3,202,35,167,19540,2907,16633,1대당 1일평균
전라남도 영광군,2023-08,12,201,54,147,38334,5866,32468,1대당 1일평균
전라남도 장성군,2023-08,9,181,53,128,35242,4991,30250,1대당 1일평균
전라남도 완도군,2023-08,13,191,55,135,29384,6175,23210,1대당 1일평균
전라남도 진도군,2023-08,5,209,54,155,22243,4974,17269,1대당 1일평균
전라남도 신안군,2023-08,10,203,71,133,23328,8026,15302,1대당 1일평균
경상북도 포항시,2023-08,20,180,91,92,31621,12092,19529,1대당 1일평균
경상북도 경주시,2023-08,20,210,99,112,33259,11181,22077,1대당 1일평균
경상북도 김천시,2023-08,17,196,87,110,34901,9358,25543,1대당 1일평균
경상북도 안동시,2023-08,22,195,84,111,27099,10467,16632,1대당 1일평균
경상북도 구미시,2023-08,25,218,120,98,37251,15136,22115,1대당 1일평균
경상북도 영주시,2023-08,20,147,55,92,29943,7847,22095,1대당 1일평균
경상북도 영천시,2023-08,18,170,65,105,27963,8017,19946,1대당 1일평균
경상북도 상주시,2023-08,17,132,43,90,33005,6165,26840,1대당 1일평균
경상북도 문경시,2023-08,,,,,,,,1대당 1일평균
경상북도 경산시,2023-08,16,191,92,99,33214,10884,22330,1대당 1일평균
경상북도 의성군,2023-08,6,182,39,143,24014,3579,20435,1대당 1일평균
경상북도 청송군,2023-08,6,181,53,128,20817,4847,15970,1대당 1일평균
경상북도 영양군,2023-08,5,201,64,137,24148,6186,17962,1대당 1일평균
경상북도 영덕군,2023-08,10,178,61,118,16841,5573,11268,1대당 1일평균
경상북도 청도군,2023-08,7,153,45,108,22516,4595,17921,1대당 1일평균
경상북도 고령군,2023-08,9,270,84,186,35164,6612,28552,1대당 1일평균
경상북도 성주군,2023-08,,,,,,,,1대당 1일평균
경상북도 칠곡군,2023-08,21,240,101,139,38471,10336,28135,1대당 1일평균
경상북도 예천군,2023-08,9,184,47,137,24961,4105,20857,1대당 1일평균
경상북도 봉화군,2023-08,4,188,35,154,20804,2650,18154,1대당 1일평균
경상북도 울진군,2023-08,13,246,74,173,30149,5950,24199,1대당 1일평균
경상북도 울릉군,2023-08,,,,,,,,1대당 1일평균
경상남도 창원시,2023-08,20,193,96,106,33398,11516,21881,1대당 1일평균
경상남도 진주시,2023-08,22,187,90,97,33772,11130,22641,1대당 1일평균
경상남도 통영시,2023-08,22,199,85,118,34195,10950,23245,1대당 1일평균
경상남도 사천시,2023-08,21,180,74,115,35223,8544,26679,1대당 1일평균
경상남도 김해시,2023-08,21,201,98,137,36229,12412,23817,1대당 1일평균
경상남도 밀양시,2023-08,17,162,61,100,30277,7204,23072,1대당 1일평균
경상남도 거제시,2023-08,26,216,112,104,38697,13070,25627,1대당 1일평균
경상남도 양산시,2023-08,23,205,98,107,38386,11803,26582,1대당 1일평균
경상남도 의령군,2023-08,5,163,45,118,16693,4061,12632,1대당 1일평균
경상남도 함안군,2023-08,10,184,62,122,27940,6239,21702,1대당 1일평균
경상남도 창녕군,2023-08,8,173,49,124,26313,4684,21629,1대당 1일평균
경상남도 고성군,2023-08,12,179,62,117,28283,6529,21754,1대당 1일평균
경상남도 남해군,2023-08,10,206,52,153,30956,4661,26295,1대당 1일평균
경상남도 하동군,2023-08,4,210,39,172,20887,3251,17636,1대당 1일평균
경상남도 산청군,2023-08,10,202,81,121,18636,6997,11639,1대당 1일평균
경상남도 함양군,2023-08,8,170,42,128,24368,4190,20179,1대당 1일평균
경상남도 거창군,2023-08,17,173,57,116,26800,6546,20253,1대당 1일평균
경상남도 합천군,2023-08,4,189,46,143,21521,4447,17073,1대당 1일평균
제주특별자치도,2023-08,22,234,136,99,35891,16044,19848,1대당 1일평균
서울특별시,2023-09,15,203,123,145,32720,16702,16018,1대당 1일평균
부산광역시,2023-09,17,171,94,77,31814,13262,18553,1대당 1일평균
대구광역시,2023-09,16,163,82,81,30549,11780,18769,1대당 1일평균
인천광역시,2023-09,16,192,109,84,33219,14097,19122,1대당 1일평균
광주광역시,2023-09,21,188,114,75,33969,15738,18231,1대당 1일평균
대전광역시,2023-09,20,172,100,75,32548,14908,17640,1대당 1일평균
울산광역시,2023-09,19,188,98,97,32274,12444,19829,1대당 1일평균
세종특별자치시,2023-09,19,259,128,131,36359,13294,23065,1대당 1일평균
경기도 수원시,2023-09,18,191,114,79,34252,15892,18360,1대당 1일평균
경기도 성남시,2023-09,17,210,114,96,33959,13790,20170,1대당 1일평균
경기도 의정부시,2023-09,22,228,119,118,39146,15729,23417,1대당 1일평균
경기도 안양시,2023-09,18,196,107,89,35084,14223,20862,1대당 1일평균
경기도 부천시,2023-09,16,165,88,80,31684,13006,18678,1대당 1일평균
경기도 광명시,2023-09,12,182,90,99,31690,11248,20441,1대당 1일평균
경기도 평택시,2023-09,18,205,108,122,34299,13457,20841,1대당 1일평균
경기도 동두천시,2023-09,20,196,85,112,37487,10021,27466,1대당 1일평균
경기도 안산시,2023-09,21,185,105,81,33633,14470,19164,1대당 1일평균
경기도 고양시,2023-09,14,197,113,84,33774,13098,20676,1대당 1일평균
경기도 과천시,2023-09,18,208,118,94,35388,15035,20354,1대당 1일평균
경기도 구리시,2023-09,17,202,111,93,33086,13441,19645,1대당 1일평균
경기도 남양주시,2023-09,18,207,114,93,34650,13345,21305,1대당 1일평균
경기도 오산시,2023-09,15,190,100,90,32472,13020,19452,1대당 1일평균
경기도 시흥시,2023-09,17,184,101,83,32868,12755,20113,1대당 1일평균
경기도 군포시,2023-09,16,174,95,80,31743,12565,19179,1대당 1일평균
경기도 의왕시,2023-09,16,176,101,78,31083,12661,18421,1대당 1일평균
경기도 하남시,2023-09,15,194,101,93,32140,12335,19805,1대당 1일평균
경기도 용인시,2023-09,15,216,120,120,32478,13853,18624,1대당 1일평균
경기도 파주시,2023-09,17,263,134,128,38828,13438,25391,1대당 1일평균
경기도 이천시,2023-09,18,230,111,119,37674,12598,25076,1대당 1일평균
경기도 안성시,2023-09,15,221,97,124,32545,10415,22131,1대당 1일평균
경기도 김포시,2023-09,15,256,137,131,37756,14087,23668,1대당 1일평균
경기도 화성시,2023-09,15,248,132,116,35217,14741,20475,1대당 1일평균
경기도 광주시,2023-09,15,216,115,101,33686,12820,20866,1대당 1일평균
경기도 양주시,2023-09,16,228,108,122,33273,12074,21198,1대당 1일평균
경기도 포천시,2023-09,17,259,112,158,36180,11354,24826,1대당 1일평균
경기도 여주시,2023-09,18,228,99,130,35054,10596,24457,1대당 1일평균
경기도 연천군,2023-09,14,297,105,196,32665,8464,24201,1대당 1일평균
경기도 가평군,2023-09,18,252,113,138,32931,10208,22723,1대당 1일평균
경기도 양평군,2023-09,17,237,99,140,30426,9984,20442,1대당 1일평균
강원특별자치도 춘천시,2023-09,26,164,82,87,32917,12982,19934,1대당 1일평균
강원특별자치도 원주시,2023-09,25,178,96,88,32707,13044,19663,1대당 1일평균
강원특별자치도 강릉시,2023-09,23,173,86,98,31142,11734,19408,1대당 1일평균
강원특별자치도 동해시,2023-09,22,157,77,82,32186,9323,22863,1대당 1일평균
강원특별자치도 태백시,2023-09,25,207,87,119,33164,9219,23945,1대당 1일평균
강원특별자치도 속초시,2023-09,24,164,77,88,31192,10414,20778,1대당 1일평균
강원특별자치도 삼척시,2023-09,28,176,78,108,36655,9870,26785,1대당 1일평균
강원특별자치도 홍천군,2023-09,14,207,51,157,36472,5045,31427,1대당 1일평균
강원특별자치도 횡성군,2023-09,15,228,79,150,35636,7436,28199,1대당 1일평균
강원특별자치도 영월군,2023-09,19,194,59,136,32061,6406,25655,1대당 1일평균
강원특별자치도 평창군,2023-09,12,231,88,143,22510,6843,15666,1대당 1일평균
강원특별자치도 정선군,2023-09,16,260,102,157,33493,8014,25479,1대당 1일평균
강원특별자치도 철원군,2023-09,14,203,87,116,30287,7443,22844,1대당 1일평균
강원특별자치도 화천군,2023-09,15,213,87,126,32272,7146,25126,1대당 1일평균
강원특별자치도 양구군,2023-09,16,296,135,161,30492,10366,20127,1대당 1일평균
강원특별자치도 인제군,2023-09,11,242,90,160,29137,6396,22741,1대당 1일평균
강원특별자치도 고성군,2023-09,11,232,88,144,37294,7520,29774,1대당 1일평균
강원특별자치도 양양군,2023-09,13,230,103,127,33535,8047,25488,1대당 1일평균
충청북도 청주시,2023-09,19,185,99,86,31878,13994,17885,1대당 1일평균
충청북도 충주시,2023-09,22,177,81,96,31933,10641,21293,1대당 1일평균
충청북도 제천시,2023-09,18,168,60,108,29299,8067,21233,1대당 1일평균
충청북도 보은군,2023-09,7,178,62,117,23451,6313,17138,1대당 1일평균
충청북도 옥천군,2023-09,16,160,56,104,32587,6869,25718,1대당 1일평균
충청북도 영동군,2023-09,14,188,67,121,31216,6606,24610,1대당 1일평균
충청북도 증평군,2023-09,13,189,62,127,32954,7101,25853,1대당 1일평균
충청북도 진천군,2023-09,21,274,118,157,36681,11388,25292,1대당 1일평균
충청북도 괴산군,2023-09,13,232,97,135,25849,9710,16139,1대당 1일평균
충청북도 음성군,2023-09,20,279,121,158,38781,11090,27691,1대당 1일평균
충청북도 단양군,2023-09,9,167,44,300,28862,4371,24491,1대당 1일평균
충청남도 천안시,2023-09,21,194,108,86,33489,15239,18250,1대당 1일평균
충청남도 공주시,2023-09,17,223,88,135,36834,9614,27220,1대당 1일평균
충청남도 보령시,2023-09,18,174,74,99,35737,8709,27028,1대당 1일평균
충청남도 아산시,2023-09,20,219,115,104,35582,12757,22824,1대당 1일평균
충청남도 서산시,2023-09,25,227,105,149,45107,12433,32675,1대당 1일평균
충청남도 논산시,2023-09,17,183,77,106,34115,8871,25245,1대당 1일평균
충청남도 계룡시,2023-09,20,238,108,130,34726,11583,23143,1대당 1일평균
충청남도 당진시,2023-09,19,267,106,161,36714,10281,26432,1대당 1일평균
충청남도 금산군,2023-09,12,205,69,136,35266,7468,27798,1대당 1일평균
충청남도 부여군,2023-09,11,219,70,148,37124,6733,30391,1대당 1일평균
충청남도 서천군,2023-09,11,219,65,154,29634,6106,23528,1대당 1일평균
충청남도 청양군,2023-09,6,166,45,121,31370,4170,27199,1대당 1일평균
충청남도 홍성군,2023-09,20,201,83,118,37638,9024,28613,1대당 1일평균
충청남도 예산군,2023-09,17,219,79,140,37590,7965,29625,1대당 1일평균
충청남도 태안군,2023-09,12,194,64,130,32412,6014,26398,1대당 1일평균
전북특별자치도 전주시,2023-09,23,175,94,82,32979,14415,18564,1대당 1일평균
전북특별자치도 군산시,2023-09,21,182,81,101,32451,10659,21792,1대당 1일평균
전북특별자치도 익산시,2023-09,23,194,91,104,36627,11778,24849,1대당 1일평균
전북특별자치도 정읍시,2023-09,17,171,61,133,32598,7427,25171,1대당 1일평균
전북특별자치도 남원시,2023-09,15,168,57,111,34261,6391,27869,1대당 1일평균
전북특별자치도 김제시,2023-09,11,160,50,110,26128,5612,20516,1대당 1일평균
전북특별자치도 완주군,2023-09,18,205,96,158,34512,12106,22406,1대당 1일평균
전북특별자치도 진안군,2023-09,8,232,65,167,27071,6235,20836,1대당 1일평균
전북특별자치도 무주군,2023-09,7,180,62,118,21148,5819,15330,1대당 1일평균
전북특별자치도 장수군,2023-09,5,214,52,162,20053,5428,14625,1대당 1일평균
전북특별자치도 임실군,2023-09,8,208,85,122,23024,7829,15196,1대당 1일평균
전북특별자치도 순창군,2023-09,3,158,28,130,23566,8905,14662,1대당 1일평균
전북특별자치도 고창군,2023-09,14,208,65,143,32192,6119,26072,1대당 1일평균
전북특별자치도 부안군,2023-09,7,316,112,203,21916,6393,15523,1대당 1일평균
전라남도 목포시,2023-09,25,186,87,99,32429,13232,19197,1대당 1일평균
전라남도 여수시,2023-09,26,199,107,92,34123,13807,20316,1대당 1일평균
전라남도 순천시,2023-09,29,220,118,104,38391,15432,22959,1대당 1일평균
전라남도 나주시,2023-09,5,201,35,166,19036,3719,15316,1대당 1일평균
전라남도 광양시,2023-09,19,193,89,104,35998,10185,25812,1대당 1일평균
전라남도 담양군,2023-09,8,173,59,114,27052,6088,20964,1대당 1일평균
전라남도 곡성군,2023-09,4,232,45,187,23622,3484,20138,1대당 1일평균
전라남도 구례군,2023-09,10,194,49,145,31999,4439,27559,1대당 1일평균
전라남도 고흥군,2023-09,6,226,41,185,26961,4212,22749,1대당 1일평균
전라남도 보성군,2023-09,8,216,67,148,21197,5626,15571,1대당 1일평균
전라남도 화순군,2023-09,18,174,70,104,36093,8312,27781,1대당 1일평균
전라남도 장흥군,2023-09,8,252,70,182,27408,6314,21093,1대당 1일평균
전라남도 강진군,2023-09,,,,,,,,1대당 1일평균
전라남도 해남군,2023-09,15,251,80,171,29899,7273,22626,1대당 1일평균
전라남도 영암군,2023-09,9,238,68,170,17642,6267,11375,1대당 1일평균
전라남도 무안군,2023-09,16,241,94,147,30953,9753,21199,1대당 1일평균
전라남도 함평군,2023-09,4,206,39,167,19792,3518,16273,1대당 1일평균
전라남도 영광군,2023-09,8,209,53,156,35553,5530,30023,1대당 1일평균
전라남도 장성군,2023-09,9,193,56,137,35049,5347,29702,1대당 1일평균
전라남도 완도군,2023-09,14,193,56,137,27975,6027,21948,1대당 1일평균
전라남도 진도군,2023-09,5,245,56,189,24113,4710,19402,1대당 1일평균
전라남도 신안군,2023-09,10,204,71,133,22920,7720,15201,1대당 1일평균
경상북도 포항시,2023-09,19,180,89,94,31354,11879,19475,1대당 1일평균
경상북도 경주시,2023-09,19,198,90,108,32442,10245,22197,1대당 1일평균
경상북도 김천시,2023-09,,,,,,,,1대당 1일평균
경상북도 안동시,2023-09,23,188,89,99,32476,10965,21511,1대당 1일평균
경상북도 구미시,2023-09,25,219,122,96,37157,15400,21757,1대당 1일평균
경상북도 영주시,2023-09,19,161,60,102,31633,7993,23640,1대당 1일평균
경상북도 영천시,2023-09,18,171,69,103,27435,8279,19156,1대당 1일평균
경상북도 상주시,2023-09,16,133,45,89,33047,6387,26660,1대당 1일평균
경상북도 문경시,2023-09,,,,,,,,1대당 1일평균
경상북도 경산시,2023-09,17,209,104,105,34016,12143,21873,1대당 1일평균
경상북도 의성군,2023-09,6,202,49,153,23870,4412,19458,1대당 1일평균
경상북도 청송군,2023-09,7,188,70,118,20797,6053,14744,1대당 1일평균
경상북도 영양군,2023-09,7,215,82,132,23666,7477,16189,1대당 1일평균
경상북도 영덕군,2023-09,11,174,64,110,16322,5843,10479,1대당 1일평균
경상북도 청도군,2023-09,7,149,45,104,21422,4386,17036,1대당 1일평균
경상북도 고령군,2023-09,8,273,90,183,33590,7028,26561,1대당 1일평균
경상북도 성주군,2023-09,,,,,,,,1대당 1일평균
경상북도 칠곡군,2023-09,22,311,131,180,46812,12906,33905,1대당 1일평균
경상북도 예천군,2023-09,10,206,59,147,25141,4989,20152,1대당 1일평균
경상북도 봉화군,2023-09,4,192,40,152,19962,3136,16826,1대당 1일평균
경상북도 울진군,2023-09,13,246,79,167,28313,6137,22176,1대당 1일평균
경상북도 울릉군,2023-09,,,,,,,,1대당 1일평균
경상남도 창원시,2023-09,20,198,102,100,32910,12396,20514,1대당 1일평균
경상남도 진주시,2023-09,23,195,98,97,34015,12218,21797,1대당 1일평균
경상남도 통영시,2023-09,23,204,88,130,35063,11071,23992,1대당 1일평균
경상남도 사천시,2023-09,21,187,76,123,35396,8891,26505,1대당 1일평균
경상남도 김해시,2023-09,22,204,103,147,36769,13321,23448,1대당 1일평균
경상남도 밀양시,2023-09,17,165,63,102,29946,7521,22425,1대당 1일평균
경상남도 거제시,2023-09,25,219,114,105,38779,13260,25519,1대당 1일평균
경상남도 양산시,2023-09,23,209,100,109,38124,12160,25963,1대당 1일평균
경상남도 의령군,2023-09,6,182,55,127,17585,4940,12645,1대당 1일평균
경상남도 함안군,2023-09,12,199,77,122,27843,7580,20263,1대당 1일평균
경상남도 창녕군,2023-09,7,181,50,131,25920,4750,21171,1대당 1일평균
경상남도 고성군,2023-09,12,188,64,124,27563,6750,20813,1대당 1일평균
경상남도 남해군,2023-09,,,,,,,,1대당 1일평균
경상남도 하동군,2023-09,4,220,41,180,20995,3558,17437,1대당 1일평균
경상남도 산청군,2023-09,10,214,89,125,19465,7616,11849,1대당 1일평균
경상남도 함양군,2023-09,8,179,42,137,23541,4148,19393,1대당 1일평균
경상남도 거창군,2023-09,17,176,59,118,26201,6830,19371,1대당 1일평균
경상남도 합천군,2023-09,5,193,51,142,21136,4692,16444,1대당 1일평균
제주특별자치도,2023-09,22,230,130,101,35251,15510,19742,1대당 1일평균
서울특별시,2023-10,15,206,129,136,32622,16552,16070,1대당 1일평균
부산광역시,2023-10,14,175,83,91,31333,11124,20209,1대당 1일평균
대구광역시,2023-10,14,162,73,88,29780,10145,19635,1대당 1일평균
인천광역시,2023-10,14,193,99,95,32427,12110,20317,1대당 1일평균
광주광역시,2023-10,18,188,100,90,33146,13190,19956,1대당 1일평균
대전광역시,2023-10,19,172,97,79,31983,13896,18086,1대당 1일평균
울산광역시,2023-10,18,187,97,99,31606,11886,19719,1대당 1일평균
세종특별자치시,2023-10,19,255,124,131,35201,12690,22511,1대당 1일평균
경기도 수원시,2023-10,16,190,103,89,33313,13861,19452,1대당 1일평균
경기도 성남시,2023-10,16,209,107,103,33033,12372,20661,1대당 1일평균
경기도 의정부시,2023-10,20,203,106,125,35442,13994,21449,1대당 1일평균
경기도 안양시,2023-10,16,194,98,96,34286,12306,21979,1대당 1일평균
경기도 부천시,2023-10,14,168,83,89,31105,11587,19518,1대당 1일평균
경기도 광명시,2023-10,11,182,90,101,30649,10704,19945,1대당 1일평균
경기도 평택시,2023-10,18,197,101,134,33554,12431,21123,1대당 1일평균
경기도 동두천시,2023-10,19,175,75,100,35210,9200,26009,1대당 1일평균
경기도 안산시,2023-10,18,179,93,89,32375,12513,19861,1대당 1일평균
경기도 고양시,2023-10,14,194,112,82,32976,12661,20315,1대당 1일평균
경기도 과천시,2023-10,17,207,110,97,34796,13420,21377,1대당 1일평균
경기도 구리시,2023-10,16,199,108,92,31800,12629,19171,1대당 1일평균
경기도 남양주시,2023-10,16,206,104,103,33963,11786,22177,1대당 1일평균
경기도 오산시,2023-10,15,188,97,91,31904,12260,19643,1대당 1일평균
경기도 시흥시,2023-10,14,183,86,97,32315,10414,21901,1대당 1일평균
경기도 군포시,2023-10,15,173,90,83,30866,11474,19392,1대당 1일평균
경기도 의왕시,2023-10,14,175,90,94,30343,11039,19304,1대당 1일평균
경기도 하남시,2023-10,15,190,100,90,31066,11821,19246,1대당 1일평균
경기도 용인시,2023-10,15,213,118,117,31563,13151,18413,1대당 1일평균
경기도 파주시,2023-10,17,257,130,127,37726,12837,24889,1대당 1일평균
경기도 이천시,2023-10,17,222,103,124,36621,11556,25065,1대당 1일평균
경기도 안성시,2023-10,15,214,94,139,30916,9944,20972,1대당 1일평균
경기도 김포시,2023-10,14,220,113,119,32592,11858,20734,1대당 1일평균
경기도 화성시,2023-10,15,240,128,112,33749,13944,19805,1대당 1일평균
경기도 광주시,2023-10,14,216,109,107,32919,11789,21130,1대당 1일평균
경기도 양주시,2023-10,16,195,102,99,30547,11533,19015,1대당 1일평균
경기도 포천시,2023-10,15,221,96,157,32308,9801,22507,1대당 1일평균
경기도 여주시,2023-10,17,221,94,126,33672,10109,23563,1대당 1일평균
경기도 연천군,2023-10,14,260,103,157,29288,8734,20554,1대당 1일평균
경기도 가평군,2023-10,17,245,99,146,32520,9378,23143,1대당 1일평균
경기도 양평군,2023-10,17,227,96,131,29558,9694,19864,1대당 1일평균
강원특별자치도 춘천시,2023-10,25,163,80,89,32129,12309,19820,1대당 1일평균
강원특별자치도 원주시,2023-10,24,175,93,89,31824,12294,19530,1대당 1일평균
강원특별자치도 강릉시,2023-10,22,173,82,91,31245,10984,20262,1대당 1일평균
강원특별자치도 동해시,2023-10,21,154,74,81,31486,8799,22688,1대당 1일평균
강원특별자치도 태백시,2023-10,21,187,73,114,32125,7641,24484,1대당 1일평균
강원특별자치도 속초시,2023-10,21,170,68,102,31657,9094,22564,1대당 1일평균
강원특별자치도 삼척시,2023-10,25,167,69,102,35533,8576,26956,1대당 1일평균
강원특별자치도 홍천군,2023-10,13,192,45,147,35318,4548,30770,1대당 1일평균
강원특별자치도 횡성군,2023-10,16,236,84,152,34666,7733,26933,1대당 1일평균
강원특별자치도 영월군,2023-10,18,192,55,137,30368,5959,24409,1대당 1일평균
강원특별자치도 평창군,2023-10,10,216,80,136,21793,6363,15430,1대당 1일평균
강원특별자치도 정선군,2023-10,16,264,102,162,33909,7779,26130,1대당 1일평균
강원특별자치도 철원군,2023-10,16,213,95,118,29797,8424,21373,1대당 1일평균
강원특별자치도 화천군,2023-10,15,206,84,122,30229,6785,23444,1대당 1일평균
강원특별자치도 양구군,2023-10,16,286,130,155,29062,9907,19156,1대당 1일평균
강원특별자치도 인제군,2023-10,11,256,97,159,30657,6814,23843,1대당 1일평균
강원특별자치도 고성군,2023-10,11,237,91,146,37231,7695,29536,1대당 1일평균
강원특별자치도 양양군,2023-10,11,227,80,148,34816,6541,28275,1대당 1일평균
충청북도 청주시,2023-10,19,184,97,88,31166,13217,17950,1대당 1일평균
충청북도 충주시,2023-10,21,173,77,96,31155,10014,21141,1대당 1일평균
충청북도 제천시,2023-10,18,166,58,107,28330,7689,20641,1대당 1일평균
충청북도 보은군,2023-10,7,182,58,124,23698,5923,17775,1대당 1일평균
충청북도 옥천군,2023-10,14,154,52,101,31114,6218,24896,1대당 1일평균
충청북도 영동군,2023-10,13,176,62,115,30158,6073,24085,1대당 1일평균
충청북도 증평군,2023-10,13,182,58,124,32303,6620,25683,1대당 1일평균
충청북도 진천군,2023-10,20,266,113,154,35829,10749,25080,1대당 1일평균
충청북도 괴산군,2023-10,11,212,86,125,23291,8609,14682,1대당 1일평균
충청북도 음성군,2023-10,18,259,109,150,36857,9938,26919,1대당 1일평균
충청북도 단양군,2023-10,10,179,49,413,28315,4938,23376,1대당 1일평균
충청남도 천안시,2023-10,21,210,104,108,35524,13854,21670,1대당 1일평균
충청남도 공주시,2023-10,14,200,75,125,35874,7921,27953,1대당 1일평균
충청남도 보령시,2023-10,17,168,71,98,34954,8137,26818,1대당 1일평균
충청남도 아산시,2023-10,17,214,97,117,34410,10500,23910,1대당 1일평균
충청남도 서산시,2023-10,23,214,97,144,43861,11136,32724,1대당 1일평균
충청남도 논산시,2023-10,15,178,70,108,35470,7783,27687,1대당 1일평균
충청남도 계룡시,2023-10,21,249,114,135,36357,11677,24680,1대당 1일평균
충청남도 당진시,2023-10,18,252,98,153,35609,9476,26133,1대당 1일평균
충청남도 금산군,2023-10,12,212,70,142,37615,7735,29880,1대당 1일평균
충청남도 부여군,2023-10,16,188,76,112,29142,6876,22266,1대당 1일평균
충청남도 서천군,2023-10,10,204,60,143,27605,5574,22031,1대당 1일평균
충청남도 청양군,2023-10,6,150,41,108,29241,4019,25222,1대당 1일평균
충청남도 홍성군,2023-10,18,187,76,111,36070,8098,27972,1대당 1일평균
충청남도 예산군,2023-10,16,210,75,134,36610,7507,29103,1대당 1일평균
충청남도 태안군,2023-10,11,193,60,133,31978,5593,26385,1대당 1일평균
전북특별자치도 전주시,2023-10,21,175,85,90,32326,12713,19613,1대당 1일평균
전북특별자치도 군산시,2023-10,20,179,79,100,31465,10108,21358,1대당 1일평균
전북특별자치도 익산시,2023-10,22,188,86,102,35380,11065,24315,1대당 1일평균
전북특별자치도 정읍시,2023-10,15,167,53,141,31667,6378,25289,1대당 1일평균
전북특별자치도 남원시,2023-10,15,157,52,106,32754,5935,26818,1대당 1일평균
전북특별자치도 김제시,2023-10,10,157,48,109,25188,5335,19853,1대당 1일평균
전북특별자치도 완주군,2023-10,16,200,83,123,32783,9992,22791,1대당 1일평균
전북특별자치도 진안군,2023-10,7,222,60,162,25809,6108,19701,1대당 1일평균
전북특별자치도 무주군,2023-10,6,167,48,120,20197,5038,15159,1대당 1일평균
전북특별자치도 장수군,2023-10,4,219,49,170,20109,4915,15194,1대당 1일평균
전북특별자치도 임실군,2023-10,8,206,84,122,22522,7642,14880,1대당 1일평균
전북특별자치도 순창군,2023-10,,,,,,,,1대당 1일평균
전북특별자치도 고창군,2023-10,13,218,62,156,31180,5819,25361,1대당 1일평균
전북특별자치도 부안군,2023-10,,,,,,,,1대당 1일평균
전라남도 목포시,2023-10,25,187,87,100,31498,12972,18526,1대당 1일평균
전라남도 여수시,2023-10,25,202,107,96,33589,13405,20184,1대당 1일평균
전라남도 순천시,2023-10,29,225,121,119,38022,15632,22390,1대당 1일평균
전라남도 나주시,2023-10,5,180,35,145,20216,3701,16515,1대당 1일평균
전라남도 광양시,2023-10,19,193,89,104,35318,9969,25349,1대당 1일평균
전라남도 담양군,2023-10,8,168,56,112,25616,5571,20045,1대당 1일평균
전라남도 곡성군,2023-10,3,227,39,188,21848,2861,18986,1대당 1일평균
전라남도 구례군,2023-10,11,204,52,152,31804,4574,27230,1대당 1일평균
전라남도 고흥군,2023-10,6,219,42,178,26284,4436,21848,1대당 1일평균
전라남도 보성군,2023-10,8,209,66,143,19941,5393,14549,1대당 1일평균
전라남도 화순군,2023-10,17,172,65,106,34889,7423,27466,1대당 1일평균
전라남도 장흥군,2023-10,8,239,69,170,26384,5649,20735,1대당 1일평균
전라남도 강진군,2023-10,,,,,,,,1대당 1일평균
전라남도 해남군,2023-10,14,240,69,171,28826,6269,22558,1대당 1일평균
전라남도 영암군,2023-10,9,251,76,175,18832,6421,12410,1대당 1일평균
전라남도 무안군,2023-10,15,235,91,146,29863,9371,20492,1대당 1일평균
전라남도 함평군,2023-10,4,192,36,156,17467,3227,14240,1대당 1일평균
전라남도 영광군,2023-10,8,202,50,152,34077,5140,28937,1대당 1일평균
전라남도 장성군,2023-10,9,189,56,132,34500,5359,29142,1대당 1일평균
전라남도 완도군,2023-10,13,194,47,147,27434,4730,22704,1대당 1일평균
전라남도 진도군,2023-10,5,229,49,181,22892,4205,18687,1대당 1일평균
전라남도 신안군,2023-10,10,198,68,130,22128,7732,14396,1대당 1일평균
경상북도 포항시,2023-10,19,180,86,96,30599,11105,19494,1대당 1일평균
경상북도 경주시,2023-10,19,207,95,112,32001,10632,21369,1대당 1일평균
경상북도 김천시,2023-10,,,,,,,,1대당 1일평균
경상북도 안동시,2023-10,23,195,88,107,34669,10773,23896,1대당 1일평균
경상북도 구미시,2023-10,24,214,120,95,36083,14828,21255,1대당 1일평균
경상북도 영주시,2023-10,20,156,60,96,30298,8225,22073,1대당 1일평균
경상북도 영천시,2023-10,16,163,63,100,26120,7424,18696,1대당 1일평균
경상북도 상주시,2023-10,14,131,43,88,31003,5732,25270,1대당 1일평균
경상북도 문경시,2023-10,,,,,,,,1대당 1일평균
경상북도 경산시,2023-10,16,196,94,101,32590,10862,21728,1대당 1일평균
경상북도 의성군,2023-10,5,196,42,154,22934,3767,19167,1대당 1일평균
경상북도 청송군,2023-10,7,193,65,128,20497,5575,14922,1대당 1일평균
경상북도 영양군,2023-10,6,209,76,132,22058,6883,15174,1대당 1일평균
경상북도 영덕군,2023-10,10,171,59,112,15443,5365,10078,1대당 1일평균
경상북도 청도군,2023-10,7,134,42,92,17917,4268,13649,1대당 1일평균
경상북도 고령군,2023-10,7,230,80,150,30805,6120,24686,1대당 1일평균
경상북도 성주군,2023-10,,,,,,,,1대당 1일평균
경상북도 칠곡군,2023-10,,,,,,,,1대당 1일평균
경상북도 예천군,2023-10,8,194,51,144,23073,4336,18737,1대당 1일평균
경상북도 봉화군,2023-10,3,193,38,155,19826,2676,17150,1대당 1일평균
경상북도 울진군,2023-10,12,226,66,161,26738,5183,21555,1대당 1일평균
경상북도 울릉군,2023-10,,,,,,,,1대당 1일평균
경상남도 창원시,2023-10,19,196,97,105,30169,11726,18443,1대당 1일평균
경상남도 진주시,2023-10,23,193,97,96,33034,11981,21053,1대당 1일평균
경상남도 통영시,2023-10,22,201,84,127,34344,10489,23855,1대당 1일평균
경상남도 사천시,2023-10,20,181,73,108,34583,8301,26283,1대당 1일평균
경상남도 김해시,2023-10,20,199,92,168,35824,11539,24285,1대당 1일평균
경상남도 밀양시,2023-10,16,159,61,98,28656,7040,21616,1대당 1일평균
경상남도 거제시,2023-10,25,217,112,105,38253,12794,25459,1대당 1일평균
경상남도 양산시,2023-10,23,210,99,110,37880,11823,26057,1대당 1일평균
경상남도 의령군,2023-10,6,169,56,113,15819,4852,10967,1대당 1일평균
경상남도 함안군,2023-10,10,178,66,112,25798,6556,19242,1대당 1일평균
경상남도 창녕군,2023-10,7,177,49,129,24742,4520,20222,1대당 1일평균
경상남도 고성군,2023-10,11,178,59,119,25969,6362,19607,1대당 1일평균
경상남도 남해군,2023-10,,,,,,,,1대당 1일평균
경상남도 하동군,2023-10,4,223,44,179,20182,3622,16561,1대당 1일평균
경상남도 산청군,2023-10,10,219,87,132,19359,7309,12050,1대당 1일평균
경상남도 함양군,2023-10,7,170,40,130,21912,3799,18112,1대당 1일평균
경상남도 거창군,2023-10,16,173,58,115,24859,6454,18405,1대당 1일평균
경상남도 합천군,2023-10,5,201,50,151,20846,4418,16428,1대당 1일평균
제주특별자치도,2023-10,21,226,126,107,33941,14845,19096,1대당 1일평균
서울특별시,2023-11,15,206,129,120,33460,17175,16286,1대당 1일평균
부산광역시,2023-11,15,173,86,87,31540,11701,19839,1대당 1일평균
대구광역시,2023-11,15,161,76,85,30348,10793,19555,1대당 1일평균
인천광역시,2023-11,14,190,99,92,32955,12552,20402,1대당 1일평균
광주광역시,2023-11,18,185,101,85,33462,13719,19743,1대당 1일평균
대전광역시,2023-11,20,177,100,85,32999,14540,18459,1대당 1일평균
울산광역시,2023-11,18,188,97,101,32079,12035,20044,1대당 1일평균
세종특별자치시,2023-11,19,258,127,131,35818,13092,22726,1대당 1일평균
경기도 수원시,2023-11,17,190,106,85,34011,14525,19486,1대당 1일평균
경기도 성남시,2023-11,16,209,110,100,33635,12987,20648,1대당 1일평균
경기도 의정부시,2023-11,20,203,106,147,36112,14338,21774,1대당 1일평균
경기도 안양시,2023-11,17,198,104,94,35227,13362,21864,1대당 1일평균
경기도 부천시,2023-11,15,166,84,85,31563,12074,19489,1대당 1일평균
경기도 광명시,2023-11,11,180,90,94,31104,11185,19920,1대당 1일평균
경기도 평택시,2023-11,19,197,104,134,34121,12890,21231,1대당 1일평균
경기도 동두천시,2023-11,19,175,75,100,35227,9250,25977,1대당 1일평균
경기도 안산시,2023-11,19,176,94,86,32455,13022,19433,1대당 1일평균
경기도 고양시,2023-11,14,193,112,81,33286,12942,20343,1대당 1일평균
경기도 과천시,2023-11,17,206,112,94,35269,14073,21196,1대당 1일평균
경기도 구리시,2023-11,16,198,108,90,32654,12927,19727,1대당 1일평균
경기도 남양주시,2023-11,16,205,106,100,34517,12218,22299,1대당 1일평균
경기도 오산시,2023-11,15,186,97,89,32180,12532,19648,1대당 1일평균
경기도 시흥시,2023-11,15,183,90,93,32778,11097,21681,1대당 1일평균
경기도 군포시,2023-11,15,172,92,81,31271,12009,19261,1대당 1일평균
경기도 의왕시,2023-11,15,183,99,84,31676,12082,19594,1대당 1일평균
경기도 하남시,2023-11,15,192,101,94,31766,12170,19596,1대당 1일평균
경기도 용인시,2023-11,15,211,118,111,32015,13449,18566,1대당 1일평균
경기도 파주시,2023-11,17,257,130,126,38122,12977,25145,1대당 1일평균
경기도 이천시,2023-11,18,223,106,119,36808,11913,24895,1대당 1일평균
경기도 안성시,2023-11,15,209,91,135,31546,9765,21781,1대당 1일평균
경기도 김포시,2023-11,14,217,112,133,33045,11909,21135,1대당 1일평균
경기도 화성시,2023-11,15,235,126,115,33898,14210,19687,1대당 1일평균
경기도 광주시,2023-11,15,212,109,104,33376,11999,21377,1대당 1일평균
경기도 양주시,2023-11,16,194,105,111,31279,11960,19319,1대당 1일평균
경기도 포천시,2023-11,15,213,92,168,32555,9555,23000,1대당 1일평균
경기도 여주시,2023-11,17,214,92,122,33781,9911,23870,1대당 1일평균
경기도 연천군,2023-11,14,264,105,159,29777,8686,21091,1대당 1일평균
경기도 가평군,2023-11,18,234,101,132,32278,9177,23101,1대당 1일평균
경기도 양평군,2023-11,16,214,91,123,29433,9098,20335,1대당 1일평균
강원특별자치도 춘천시,2023-11,25,161,80,99,32576,12605,19970,1대당 1일평균
강원특별자치도 원주시,2023-11,24,176,94,89,32690,12562,20128,1대당 1일평균
강원특별자치도 강릉시,2023-11,22,167,79,89,31221,10728,20493,1대당 1일평균
강원특별자치도 동해시,2023-11,20,149,70,79,31567,8361,23206,1대당 1일평균
강원특별자치도 태백시,2023-11,22,190,75,115,32723,7839,24885,1대당 1일평균
강원특별자치도 속초시,2023-11,21,158,65,93,30872,8843,22029,1대당 1일평균
강원특별자치도 삼척시,2023-11,25,160,68,99,35347,8654,26693,1대당 1일평균
강원특별자치도 홍천군,2023-11,13,195,48,148,35721,4771,30950,1대당 1일평균
강원특별자치도 횡성군,2023-11,15,222,76,145,35210,7175,28035,1대당 1일평균
강원특별자치도 영월군,2023-11,18,189,55,134,31347,5955,25392,1대당 1일평균
강원특별자치도 평창군,2023-11,9,190,68,122,20460,5280,15179,1대당 1일평균
강원특별자치도 정선군,2023-11,15,252,96,157,34011,7280,26731,1대당 1일평균
강원특별자치도 철원군,2023-11,14,193,81,112,29307,6903,22403,1대당 1일평균
강원특별자치도 화천군,2023-11,14,192,76,116,31654,6233,25422,1대당 1일평균
강원특별자치도 양구군,2023-11,15,279,128,151,29154,9721,19434,1대당 1일평균
강원특별자치도 인제군,2023-11,11,219,85,134,28001,6058,21943,1대당 1일평균
강원특별자치도 고성군,2023-11,11,220,83,137,37166,6870,30296,1대당 1일평균
강원특별자치도 양양군,2023-11,10,168,64,104,31079,5444,25634,1대당 1일평균
충청북도 청주시,2023-11,19,182,96,86,31524,13380,18144,1대당 1일평균
충청북도 충주시,2023-11,21,174,77,97,31630,10058,21573,1대당 1일평균
충청북도 제천시,2023-11,18,163,58,105,28621,7706,20915,1대당 1일평균
충청북도 보은군,2023-11,6,170,52,118,24367,5517,18851,1대당 1일평균
충청북도 옥천군,2023-11,15,155,52,102,32274,6357,25917,1대당 1일평균
충청북도 영동군,2023-11,13,172,59,113,30886,5814,25072,1대당 1일평균
충청북도 증평군,2023-11,12,179,56,124,33472,6505,26967,1대당 1일평균
충청북도 진천군,2023-11,20,263,112,152,36225,10886,25340,1대당 1일평균
충청북도 괴산군,2023-11,11,212,85,127,24122,8492,15630,1대당 1일평균
충청북도 음성군,2023-11,18,257,105,152,37622,9696,27926,1대당 1일평균
충청북도 단양군,2023-11,9,160,42,510,28400,4184,24216,1대당 1일평균
충청남도 천안시,2023-11,22,211,110,102,36485,14961,21524,1대당 1일평균
충청남도 공주시,2023-11,15,192,75,117,36139,8035,28104,1대당 1일평균
충청남도 보령시,2023-11,17,165,68,97,34932,8064,26868,1대당 1일평균
충청남도 아산시,2023-11,17,212,100,112,34416,11041,23376,1대당 1일평균
충청남도 서산시,2023-11,23,215,93,143,44749,11062,33687,1대당 1일평균
충청남도 논산시,2023-11,15,173,69,104,34720,7741,26979,1대당 1일평균
충청남도 계룡시,2023-11,20,220,98,121,35774,10388,25385,1대당 1일평균
충청남도 당진시,2023-11,18,243,94,149,35871,9246,26624,1대당 1일평균
충청남도 금산군,2023-11,11,200,62,139,33790,6579,27210,1대당 1일평균
충청남도 부여군,2023-11,14,231,83,148,41275,7125,34151,1대당 1일평균
충청남도 서천군,2023-11,10,198,58,141,29339,5512,23826,1대당 1일평균
충청남도 청양군,2023-11,6,150,38,112,29242,3578,25664,1대당 1일평균
충청남도 홍성군,2023-11,20,190,77,113,37201,8505,28696,1대당 1일평균
충청남도 예산군,2023-11,16,205,71,134,37155,7073,30082,1대당 1일평균
충청남도 태안군,2023-11,11,173,53,120,31565,5169,26396,1대당 1일평균
전북특별자치도 전주시,2023-11,21,173,86,88,32514,13077,19437,1대당 1일평균
전북특별자치도 군산시,2023-11,21,176,83,93,31462,10765,20697,1대당 1일평균
전북특별자치도 익산시,2023-11,21,186,85,101,35083,10935,24148,1대당 1일평균
전북특별자치도 정읍시,2023-11,16,170,57,132,32443,6975,25467,1대당 1일평균
전북특별자치도 남원시,2023-11,15,157,51,105,32694,5990,26704,1대당 1일평균
전북특별자치도 김제시,2023-11,10,154,46,108,25664,5203,20461,1대당 1일평균
전북특별자치도 완주군,2023-11,17,207,91,119,34459,10982,23477,1대당 1일평균
전북특별자치도 진안군,2023-11,7,227,61,166,27929,6494,21434,1대당 1일평균
전북특별자치도 무주군,2023-11,7,159,48,110,19693,4852,14841,1대당 1일평균
전북특별자치도 장수군,2023-11,4,216,45,171,20306,4423,15884,1대당 1일평균
전북특별자치도 임실군,2023-11,7,209,82,127,23346,7328,16018,1대당 1일평균
전북특별자치도 순창군,2023-11,,,,,,,,1대당 1일평균
전북특별자치도 고창군,2023-11,13,192,57,135,31020,5627,25393,1대당 1일평균
전북특별자치도 부안군,2023-11,11,140,41,99,35510,4024,31486,1대당 1일평균
전라남도 목포시,2023-11,22,178,80,98,31560,11609,19951,1대당 1일평균
전라남도 여수시,2023-11,23,193,95,98,33922,11958,21964,1대당 1일평균
전라남도 순천시,2023-11,26,215,111,133,38530,14061,24468,1대당 1일평균
전라남도 나주시,2023-11,9,189,52,137,23096,5682,17414,1대당 1일평균
전라남도 광양시,2023-11,21,195,98,97,36153,10940,25213,1대당 1일평균
전라남도 담양군,2023-11,8,165,55,110,25911,5390,20521,1대당 1일평균
전라남도 곡성군,2023-11,5,184,50,134,26318,4053,22265,1대당 1일평균
전라남도 구례군,2023-11,10,186,47,138,32330,4356,27974,1대당 1일평균
전라남도 고흥군,2023-11,6,225,46,179,26029,4641,21388,1대당 1일평균
전라남도 보성군,2023-11,9,199,63,136,20708,5478,15230,1대당 1일평균
전라남도 화순군,2023-11,17,166,62,103,35571,7148,28423,1대당 1일평균
전라남도 장흥군,2023-11,8,241,66,175,27927,5732,22195,1대당 1일평균
전라남도 강진군,2023-11,6,163,32,131,22243,2654,19589,1대당 1일평균
전라남도 해남군,2023-11,14,245,74,170,29662,6667,22995,1대당 1일평균
전라남도 영암군,2023-11,10,207,68,139,21663,5845,15818,1대당 1일평균
전라남도 무안군,2023-11,16,211,78,401,33688,9134,24554,1대당 1일평균
전라남도 함평군,2023-11,4,196,38,158,17853,3875,13978,1대당 1일평균
전라남도 영광군,2023-11,8,201,50,152,34120,5024,29096,1대당 1일평균
전라남도 장성군,2023-11,10,188,59,140,34407,5493,28914,1대당 1일평균
전라남도 완도군,2023-11,13,188,48,140,27393,4921,22472,1대당 1일평균
전라남도 진도군,2023-11,5,230,54,176,23317,4523,18795,1대당 1일평균
전라남도 신안군,2023-11,11,193,76,117,21551,8361,13191,1대당 1일평균
경상북도 포항시,2023-11,19,179,86,93,30934,11257,19677,1대당 1일평균
경상북도 경주시,2023-11,20,202,93,110,32135,10407,21729,1대당 1일평균
경상북도 김천시,2023-11,17,214,99,115,37465,9998,27467,1대당 1일평균
경상북도 안동시,2023-11,22,190,83,106,34638,10275,24363,1대당 1일평균
경상북도 구미시,2023-11,24,212,118,94,36561,14797,21764,1대당 1일평균
경상북도 영주시,2023-11,19,143,56,87,30479,7751,22727,1대당 1일평균
경상북도 영천시,2023-11,16,162,61,101,27222,7281,19941,1대당 1일평균
경상북도 상주시,2023-11,12,151,40,111,34269,4973,29296,1대당 1일평균
경상북도 문경시,2023-11,,,,,,,,1대당 1일평균
경상북도 경산시,2023-11,17,196,94,101,33036,11095,21941,1대당 1일평균
경상북도 의성군,2023-11,6,192,43,152,24052,3767,20285,1대당 1일평균
경상북도 청송군,2023-11,7,196,69,128,21274,5943,15331,1대당 1일평균
경상북도 영양군,2023-11,6,206,75,131,21793,6517,15275,1대당 1일평균
경상북도 영덕군,2023-11,9,158,55,103,14879,5087,9792,1대당 1일평균
경상북도 청도군,2023-11,6,133,44,89,18619,4527,14091,1대당 1일평균
경상북도 고령군,2023-11,7,223,72,151,33664,6055,27608,1대당 1일평균
경상북도 성주군,2023-11,,,,,,,,1대당 1일평균
경상북도 칠곡군,2023-11,,,,,,,,1대당 1일평균
경상북도 예천군,2023-11,9,200,54,146,24923,4591,20333,1대당 1일평균
경상북도 봉화군,2023-11,3,177,35,142,20855,2487,18369,1대당 1일평균
경상북도 울진군,2023-11,12,214,64,150,27171,5127,22044,1대당 1일평균
경상북도 울릉군,2023-11,,,,,,,,1대당 1일평균
경상남도 창원시,2023-11,19,193,94,100,30897,11783,19115,1대당 1일평균
경상남도 진주시,2023-11,22,190,93,98,33546,11476,22071,1대당 1일평균
경상남도 통영시,2023-11,21,200,82,130,34510,10267,24244,1대당 1일평균
경상남도 사천시,2023-11,20,181,73,124,34650,8357,26293,1대당 1일평균
경상남도 김해시,2023-11,20,193,92,131,34989,11836,23153,1대당 1일평균
경상남도 밀양시,2023-11,16,158,60,98,28687,7101,21585,1대당 1일평균
경상남도 거제시,2023-11,25,213,109,104,38841,12582,26260,1대당 1일평균
경상남도 양산시,2023-11,23,209,99,110,38582,11882,26700,1대당 1일평균
경상남도 의령군,2023-11,5,161,45,116,15266,3882,11384,1대당 1일평균
경상남도 함안군,2023-11,10,178,64,131,26691,6450,20241,1대당 1일평균
경상남도 창녕군,2023-11,7,177,47,130,25861,4528,21333,1대당 1일평균
경상남도 고성군,2023-11,11,172,57,115,26233,6032,20202,1대당 1일평균
경상남도 남해군,2023-11,11,195,63,133,32752,6740,26013,1대당 1일평균
경상남도 하동군,2023-11,7,198,60,139,18617,5117,13500,1대당 1일평균
경상남도 산청군,2023-11,10,199,84,115,17935,7122,10812,1대당 1일평균
경상남도 함양군,2023-11,7,167,36,131,22778,3493,19284,1대당 1일평균
경상남도 거창군,2023-11,15,174,56,118,26001,6275,19727,1대당 1일평균
경상남도 합천군,2023-11,4,189,45,144,20515,4055,16460,1대당 1일평균
제주특별자치도,2023-11,19,201,106,99,31522,12932,18590,1대당 1일평균
서울특별시,2023-12,15,209,132,111,33506,16818,16688,1대당 1일평균
부산광역시,2023-12,17,173,97,76,31555,13306,18249,1대당 1일평균
대구광역시,2023-12,16,162,84,78,30448,11883,18565,1대당 1일평균
인천광역시,2023-12,16,193,112,82,32974,14036,18938,1대당 1일평균
광주광역시,2023-12,21,187,116,72,33438,15817,17621,1대당 1일평균
대전광역시,2023-12,21,179,106,86,33146,15179,17967,1대당 1일평균
울산광역시,2023-12,19,191,103,96,32057,12748,19309,1대당 1일평균
세종특별자치시,2023-12,19,255,129,127,35746,13316,22431,1대당 1일평균
경기도 수원시,2023-12,18,189,116,74,33721,15762,17959,1대당 1일평균
경기도 성남시,2023-12,18,209,118,91,33368,13832,19537,1대당 1일평균
경기도 의정부시,2023-12,21,205,111,132,36096,14916,21180,1대당 1일평균
경기도 안양시,2023-12,19,202,117,85,35055,14791,20264,1대당 1일평균
경기도 부천시,2023-12,16,168,92,79,31382,13062,18320,1대당 1일평균
경기도 광명시,2023-12,12,185,97,100,31261,11703,19558,1대당 1일평균
경기도 평택시,2023-12,20,197,109,131,34239,13577,20662,1대당 1일평균
경기도 동두천시,2023-12,21,183,81,101,35588,9955,25633,1대당 1일평균
경기도 안산시,2023-12,21,177,102,80,32455,14185,18271,1대당 1일평균
경기도 고양시,2023-12,15,193,120,74,32638,13769,18870,1대당 1일평균
경기도 과천시,2023-12,19,209,121,88,34768,14856,19912,1대당 1일평균
경기도 구리시,2023-12,17,201,114,87,32710,13457,19253,1대당 1일평균
경기도 남양주시,2023-12,18,208,117,91,34252,13329,20923,1대당 1일평균
경기도 오산시,2023-12,15,186,100,87,31439,12643,18796,1대당 1일평균
경기도 시흥시,2023-12,17,185,104,81,32714,12753,19961,1대당 1일평균
경기도 군포시,2023-12,16,176,99,77,31114,12732,18383,1대당 1일평균
경기도 의왕시,2023-12,16,179,107,73,30569,12936,17633,1대당 1일평균
경기도 하남시,2023-12,16,193,104,92,31512,12427,19086,1대당 1일평균
경기도 용인시,2023-12,15,210,121,109,31675,13443,18232,1대당 1일평균
경기도 파주시,2023-12,18,259,136,124,37814,13507,24308,1대당 1일평균
경기도 이천시,2023-12,19,227,113,115,36852,12641,24212,1대당 1일평균
경기도 안성시,2023-12,15,209,94,132,31735,9978,21757,1대당 1일평균
경기도 김포시,2023-12,14,219,117,121,33231,12409,20822,1대당 1일평균
경기도 화성시,2023-12,15,234,129,109,33226,14234,18992,1대당 1일평균
경기도 광주시,2023-12,16,215,119,97,32911,12835,20076,1대당 1일평균
경기도 양주시,2023-12,17,194,110,88,31226,12369,18856,1대당 1일평균
경기도 포천시,2023-12,16,222,98,173,33381,10067,23314,1대당 1일평균
경기도 여주시,2023-12,17,213,93,120,33980,10054,23926,1대당 1일평균
경기도 연천군,2023-12,16,274,110,217,31274,9374,21901,1대당 1일평균
경기도 가평군,2023-12,17,227,104,124,32124,9335,22789,1대당 1일평균
경기도 양평군,2023-12,17,214,92,122,30202,9240,20962,1대당 1일평균
강원특별자치도 춘천시,2023-12,25,160,81,93,31682,12537,19145,1대당 1일평균
강원특별자치도 원주시,2023-12,25,177,97,87,32433,12981,19452,1대당 1일평균
강원특별자치도 강릉시,2023-12,23,170,86,87,31409,11830,19579,1대당 1일평균
강원특별자치도 동해시,2023-12,22,151,73,78,31042,8819,22223,1대당 1일평균
강원특별자치도 태백시,2023-12,24,192,83,109,32620,8661,23959,1대당 1일평균
강원특별자치도 속초시,2023-12,25,157,75,82,31057,10585,20472,1대당 1일평균
강원특별자치도 삼척시,2023-12,26,159,70,95,34557,8858,25699,1대당 1일평균
강원특별자치도 홍천군,2023-12,14,207,51,156,36376,5164,31212,1대당 1일평균
강원특별자치도 횡성군,2023-12,15,211,74,137,34940,7102,27838,1대당 1일평균
강원특별자치도 영월군,2023-12,19,188,57,131,31925,6184,25741,1대당 1일평균
강원특별자치도 평창군,2023-12,12,239,96,143,26087,7520,18567,1대당 1일평균
강원특별자치도 정선군,2023-12,18,253,90,165,34641,7519,27121,1대당 1일평균
강원특별자치도 철원군,2023-12,14,198,82,116,29541,7052,22489,1대당 1일평균
강원특별자치도 화천군,2023-12,15,195,78,116,32086,6618,25468,1대당 1일평균
강원특별자치도 양구군,2023-12,19,257,119,138,28784,9101,19684,1대당 1일평균
강원특별자치도 인제군,2023-12,12,222,87,134,28451,6260,22192,1대당 1일평균
강원특별자치도 고성군,2023-12,11,227,87,140,38153,7356,30797,1대당 1일평균
강원특별자치도 양양군,2023-12,11,166,66,100,32118,5916,26202,1대당 1일평균
충청북도 청주시,2023-12,19,183,100,83,31584,13864,17721,1대당 1일평균
충청북도 충주시,2023-12,22,170,77,93,31594,10279,21315,1대당 1일평균
충청북도 제천시,2023-12,18,161,58,103,28670,7856,20815,1대당 1일평균
충청북도 보은군,2023-12,6,161,47,113,24446,5187,19258,1대당 1일평균
충청북도 옥천군,2023-12,16,159,56,103,32795,6721,26074,1대당 1일평균
충청북도 영동군,2023-12,14,173,60,113,31450,5913,25538,1대당 1일평균
충청북도 증평군,2023-12,14,186,60,127,34032,7102,26930,1대당 1일평균
충청북도 진천군,2023-12,21,272,117,154,36372,11406,24966,1대당 1일평균
충청북도 괴산군,2023-12,10,203,81,122,24019,8087,15932,1대당 1일평균
충청북도 음성군,2023-12,19,269,113,156,38017,10366,27651,1대당 1일평균
충청북도 단양군,2023-12,8,145,38,435,27601,3615,23986,1대당 1일평균
충청남도 천안시,2023-12,24,208,121,89,36106,16488,19618,1대당 1일평균
충청남도 공주시,2023-12,16,197,76,121,36941,8183,28758,1대당 1일평균
충청남도 보령시,2023-12,18,165,70,94,34632,8596,26036,1대당 1일평균
충청남도 아산시,2023-12,19,206,109,97,33987,12269,21718,1대당 1일평균
충청남도 서산시,2023-12,25,224,99,125,44382,12010,32372,1대당 1일평균
충청남도 논산시,2023-12,17,174,75,100,34633,8451,26182,1대당 1일평균
충청남도 계룡시,2023-12,21,217,98,119,35683,10631,25053,1대당 1일평균
충청남도 당진시,2023-12,20,250,101,149,36723,10111,26612,1대당 1일평균
충청남도 금산군,2023-12,13,208,75,133,39364,8076,31288,1대당 1일평균
충청남도 부여군,2023-12,12,203,69,134,41166,6071,35094,1대당 1일평균
충청남도 서천군,2023-12,11,196,62,135,28051,5784,22268,1대당 1일평균
충청남도 청양군,2023-12,6,152,43,108,29837,4034,25803,1대당 1일평균
충청남도 홍성군,2023-12,20,190,79,111,37111,8909,28203,1대당 1일평균
충청남도 예산군,2023-12,16,203,72,130,37320,7369,29951,1대당 1일평균
충청남도 태안군,2023-12,11,168,52,116,31570,5407,26163,1대당 1일평균
전북특별자치도 전주시,2023-12,23,173,95,81,32474,14443,18031,1대당 1일평균
전북특별자치도 군산시,2023-12,22,174,86,88,31661,11596,20065,1대당 1일평균
전북특별자치도 익산시,2023-12,23,186,89,97,34974,11604,23370,1대당 1일평균
전북특별자치도 정읍시,2023-12,18,164,62,120,32196,7778,24418,1대당 1일평균
전북특별자치도 남원시,2023-12,17,153,55,98,32303,6541,25762,1대당 1일평균
전북특별자치도 김제시,2023-12,11,155,49,106,26284,5510,20774,1대당 1일평균
전북특별자치도 완주군,2023-12,18,206,99,116,34195,11951,22244,1대당 1일평균
전북특별자치도 진안군,2023-12,7,211,58,153,28342,6134,22209,1대당 1일평균
전북특별자치도 무주군,2023-12,8,177,58,119,21813,5431,16381,1대당 1일평균
전북특별자치도 장수군,2023-12,4,221,43,177,20570,4177,16392,1대당 1일평균
전북특별자치도 임실군,2023-12,6,184,69,115,21466,6297,15169,1대당 1일평균
전북특별자치도 순창군,2023-12,,,,,,,,1대당 1일평균
전북특별자치도 고창군,2023-12,13,205,57,148,32567,5866,26701,1대당 1일평균
전북특별자치도 부안군,2023-12,11,176,62,114,32886,5459,27427,1대당 1일평균
전라남도 목포시,2023-12,22,175,82,93,31606,12269,19337,1대당 1일평균
전라남도 여수시,2023-12,24,193,102,91,33774,12915,20859,1대당 1일평균
전라남도 순천시,2023-12,28,219,115,112,38166,14456,23710,1대당 1일평균
전라남도 나주시,2023-12,13,233,85,148,29548,8218,21330,1대당 1일평균
전라남도 광양시,2023-12,22,197,103,94,35564,11460,24105,1대당 1일평균
전라남도 담양군,2023-12,9,166,60,106,26622,5985,20637,1대당 1일평균
전라남도 곡성군,2023-12,4,181,49,132,25862,3779,22083,1대당 1일평균
전라남도 구례군,2023-12,11,183,49,134,33629,4404,29225,1대당 1일평균
전라남도 고흥군,2023-12,8,194,47,147,25664,5103,20560,1대당 1일평균
전라남도 보성군,2023-12,9,197,64,134,21220,5482,15738,1대당 1일평균
전라남도 화순군,2023-12,17,161,67,95,35115,7636,27479,1대당 1일평균
전라남도 장흥군,2023-12,9,235,71,164,27504,6221,21282,1대당 1일평균
전라남도 강진군,2023-12,6,149,40,109,20989,2805,18183,1대당 1일평균
전라남도 해남군,2023-12,14,233,78,155,29160,6979,22181,1대당 1일평균
전라남도 영암군,2023-12,9,204,69,134,22126,6083,16043,1대당 1일평균
전라남도 무안군,2023-12,16,224,90,201,30163,9817,20346,1대당 1일평균
전라남도 함평군,2023-12,,,,,,,,1대당 1일평균
전라남도 영광군,2023-12,11,207,56,150,34258,5815,28443,1대당 1일평균
전라남도 장성군,2023-12,11,194,63,156,34573,5966,28606,1대당 1일평균
전라남도 완도군,2023-12,14,183,52,131,27522,5301,22220,1대당 1일평균
전라남도 진도군,2023-12,5,226,57,170,24244,4821,19423,1대당 1일평균
전라남도 신안군,2023-12,11,183,72,111,21327,7733,13594,1대당 1일평균
경상북도 포항시,2023-12,20,181,94,87,31135,12474,18660,1대당 1일평균
경상북도 경주시,2023-12,21,198,93,106,31948,10485,21463,1대당 1일평균
경상북도 김천시,2023-12,17,175,84,90,33766,9138,24628,1대당 1일평균
경상북도 안동시,2023-12,24,186,87,99,34464,10802,23663,1대당 1일평균
경상북도 구미시,2023-12,25,212,121,91,36030,15158,20872,1대당 1일평균
경상북도 영주시,2023-12,21,142,57,85,30448,8170,22278,1대당 1일평균
경상북도 영천시,2023-12,17,163,63,99,27528,7574,19954,1대당 1일평균
경상북도 상주시,2023-12,16,145,46,99,33542,6227,27315,1대당 1일평균
경상북도 문경시,2023-12,,,,,,,,1대당 1일평균
경상북도 경산시,2023-12,16,190,93,97,32105,10894,21210,1대당 1일평균
경상북도 의성군,2023-12,6,185,42,144,23934,3647,20287,1대당 1일평균
경상북도 청송군,2023-12,6,173,58,115,19371,4952,14420,1대당 1일평균
경상북도 영양군,2023-12,6,191,68,123,19869,6054,13815,1대당 1일평균
경상북도 영덕군,2023-12,10,172,60,112,16373,5572,10801,1대당 1일평균
경상북도 청도군,2023-12,7,136,46,90,19454,4696,14758,1대당 1일평균
경상북도 고령군,2023-12,8,240,84,156,37624,6935,30689,1대당 1일평균
경상북도 성주군,2023-12,,,,,,,,1대당 1일평균
경상북도 칠곡군,2023-12,16,193,77,117,30779,7992,22788,1대당 1일평균
경상북도 예천군,2023-12,10,200,54,149,26277,4519,21758,1대당 1일평균
경상북도 봉화군,2023-12,3,157,32,126,20103,2299,17804,1대당 1일평균
경상북도 울진군,2023-12,13,222,67,155,28731,5454,23277,1대당 1일평균
경상북도 울릉군,2023-12,13,220,40,180,27113,6125,20988,1대당 1일평균
경상남도 창원시,2023-12,20,198,101,99,32443,12606,19837,1대당 1일평균
경상남도 진주시,2023-12,32,269,139,130,45467,16229,29238,1대당 1일평균
경상남도 통영시,2023-12,23,203,89,128,34429,11175,23253,1대당 1일평균
경상남도 사천시,2023-12,22,185,77,116,34335,8862,25473,1대당 1일평균
경상남도 김해시,2023-12,22,201,103,139,34874,13234,21640,1대당 1일평균
경상남도 밀양시,2023-12,17,163,64,99,29011,7474,21537,1대당 1일평균
경상남도 거제시,2023-12,26,217,115,103,38089,13278,24812,1대당 1일평균
경상남도 양산시,2023-12,24,218,105,112,38481,12590,25891,1대당 1일평균
경상남도 의령군,2023-12,6,141,53,88,16275,4367,11907,1대당 1일평균
경상남도 함안군,2023-12,10,181,66,116,27159,6521,20638,1대당 1일평균
경상남도 창녕군,2023-12,7,174,46,128,26486,4419,22067,1대당 1일평균
경상남도 고성군,2023-12,11,173,59,115,26583,6269,20314,1대당 1일평균
경상남도 남해군,2023-12,11,201,64,137,32722,6621,26101,1대당 1일평균
경상남도 하동군,2023-12,6,192,48,145,18285,4017,14268,1대당 1일평균
경상남도 산청군,2023-12,10,191,82,109,17611,7059,10552,1대당 1일평균
경상남도 함양군,2023-12,7,156,35,121,22620,3343,19277,1대당 1일평균
경상남도 거창군,2023-12,17,171,57,114,26927,6488,20440,1대당 1일평균
경상남도 합천군,2023-12,5,191,46,145,21405,4130,17275,1대당 1일평균
제주특별자치도,2023-12,18,189,103,89,29976,12890,17086,1대당 1일평균
